mode: set
mimo-reasonix/internal/config/ccswitch.go:36.64,38.16 2 0
mimo-reasonix/internal/config/ccswitch.go:38.16,40.3 1 0
mimo-reasonix/internal/config/ccswitch.go:41.2,42.28 2 0
mimo-reasonix/internal/config/ccswitch.go:42.28,44.3 1 0
mimo-reasonix/internal/config/ccswitch.go:45.2,45.24 1 0
mimo-reasonix/internal/config/ccswitch.go:51.47,53.16 2 0
mimo-reasonix/internal/config/ccswitch.go:53.16,55.3 1 0
mimo-reasonix/internal/config/ccswitch.go:56.2,56.66 1 0
mimo-reasonix/internal/config/ccswitch.go:59.66,61.43 2 0
mimo-reasonix/internal/config/ccswitch.go:61.43,63.17 2 0
mimo-reasonix/internal/config/ccswitch.go:63.17,65.4 1 0
mimo-reasonix/internal/config/ccswitch.go:66.3,66.22 1 0
mimo-reasonix/internal/config/ccswitch.go:67.8,67.32 1 0
mimo-reasonix/internal/config/ccswitch.go:67.32,70.3 1 0
mimo-reasonix/internal/config/ccswitch.go:72.2,72.90 1 0
mimo-reasonix/internal/config/ccswitch.go:72.90,74.37 2 0
mimo-reasonix/internal/config/ccswitch.go:74.37,76.4 1 0
mimo-reasonix/internal/config/ccswitch.go:77.3,77.40 1 0
mimo-reasonix/internal/config/ccswitch.go:77.40,79.4 1 0
mimo-reasonix/internal/config/ccswitch.go:81.2,81.92 1 0
mimo-reasonix/internal/config/ccswitch.go:84.93,86.16 2 0
mimo-reasonix/internal/config/ccswitch.go:86.16,88.3 1 0
mimo-reasonix/internal/config/ccswitch.go:89.2,89.39 1 0
mimo-reasonix/internal/config/ccswitch.go:94.65,96.16 2 0
mimo-reasonix/internal/config/ccswitch.go:96.16,98.3 1 0
mimo-reasonix/internal/config/ccswitch.go:99.2,100.16 2 0
mimo-reasonix/internal/config/ccswitch.go:100.16,102.3 1 0
mimo-reasonix/internal/config/ccswitch.go:103.2,103.39 1 0
mimo-reasonix/internal/config/ccswitch.go:106.98,108.32 2 0
mimo-reasonix/internal/config/ccswitch.go:108.32,110.3 1 0
mimo-reasonix/internal/config/ccswitch.go:111.2,111.28 1 0
mimo-reasonix/internal/config/ccswitch.go:111.28,112.36 1 0
mimo-reasonix/internal/config/ccswitch.go:112.36,114.4 1 0
mimo-reasonix/internal/config/ccswitch.go:114.9,116.4 1 0
mimo-reasonix/internal/config/ccswitch.go:117.3,117.45 1 0
mimo-reasonix/internal/config/ccswitch.go:117.45,119.4 1 0
mimo-reasonix/internal/config/ccswitch.go:120.3,120.23 1 0
mimo-reasonix/internal/config/ccswitch.go:122.2,122.35 1 0
mimo-reasonix/internal/config/ccswitch.go:122.35,124.3 1 0
mimo-reasonix/internal/config/ccswitch.go:125.2,125.42 1 0
mimo-reasonix/internal/config/ccswitch.go:128.60,129.41 1 0
mimo-reasonix/internal/config/ccswitch.go:129.41,131.3 1 0
mimo-reasonix/internal/config/ccswitch.go:132.2,133.16 2 0
mimo-reasonix/internal/config/ccswitch.go:133.16,135.3 1 0
mimo-reasonix/internal/config/ccswitch.go:136.2,138.16 3 0
mimo-reasonix/internal/config/ccswitch.go:138.16,140.3 1 0
mimo-reasonix/internal/config/ccswitch.go:141.2,141.42 1 0
mimo-reasonix/internal/config/ccswitch.go:141.42,143.3 1 0
mimo-reasonix/internal/config/ccswitch.go:144.2,145.51 2 0
mimo-reasonix/internal/config/ccswitch.go:145.51,147.3 1 0
mimo-reasonix/internal/config/ccswitch.go:148.2,148.36 1 0
mimo-reasonix/internal/config/ccswitch.go:151.74,153.27 2 1
mimo-reasonix/internal/config/ccswitch.go:153.27,155.70 2 1
mimo-reasonix/internal/config/ccswitch.go:155.70,157.4 1 0
mimo-reasonix/internal/config/ccswitch.go:158.3,159.17 2 1
mimo-reasonix/internal/config/ccswitch.go:159.17,161.4 1 1
mimo-reasonix/internal/config/ccswitch.go:162.3,163.43 2 1
mimo-reasonix/internal/config/ccswitch.go:163.43,165.4 1 0
mimo-reasonix/internal/config/ccswitch.go:166.3,166.31 1 1
mimo-reasonix/internal/config/ccswitch.go:168.2,168.21 1 1
mimo-reasonix/internal/config/ccswitch.go:171.67,173.16 2 1
mimo-reasonix/internal/config/ccswitch.go:173.16,175.3 1 0
mimo-reasonix/internal/config/ccswitch.go:176.2,181.48 2 1
mimo-reasonix/internal/config/ccswitch.go:181.48,183.3 1 0
mimo-reasonix/internal/config/ccswitch.go:184.2,185.35 2 1
mimo-reasonix/internal/config/ccswitch.go:185.35,187.3 1 1
mimo-reasonix/internal/config/ccswitch.go:188.2,190.27 3 1
mimo-reasonix/internal/config/ccswitch.go:190.27,192.22 2 1
mimo-reasonix/internal/config/ccswitch.go:192.22,193.12 1 1
mimo-reasonix/internal/config/ccswitch.go:195.3,196.17 2 1
mimo-reasonix/internal/config/ccswitch.go:196.17,198.4 1 0
mimo-reasonix/internal/config/ccswitch.go:199.3,199.17 1 1
mimo-reasonix/internal/config/ccswitch.go:199.17,201.4 1 0
mimo-reasonix/internal/config/ccswitch.go:202.3,203.43 2 1
mimo-reasonix/internal/config/ccswitch.go:203.43,205.4 1 0
mimo-reasonix/internal/config/ccswitch.go:206.3,206.31 1 1
mimo-reasonix/internal/config/ccswitch.go:208.2,208.21 1 1
mimo-reasonix/internal/config/ccswitch.go:211.72,221.2 1 1
mimo-reasonix/internal/config/ccswitch.go:223.67,228.18 5 1
mimo-reasonix/internal/config/ccswitch.go:228.18,231.3 2 1
mimo-reasonix/internal/config/ccswitch.go:232.2,232.47 1 1
mimo-reasonix/internal/config/ccswitch.go:232.47,235.3 2 1
mimo-reasonix/internal/config/ccswitch.go:236.2,236.34 1 1
mimo-reasonix/internal/config/ccswitch.go:236.34,237.28 1 1
mimo-reasonix/internal/config/ccswitch.go:237.28,238.55 1 1
mimo-reasonix/internal/config/ccswitch.go:238.55,241.10 3 1
mimo-reasonix/internal/config/ccswitch.go:245.2,245.42 1 1
mimo-reasonix/internal/config/ccswitch.go:245.42,247.28 2 0
mimo-reasonix/internal/config/ccswitch.go:247.28,249.4 1 0
mimo-reasonix/internal/config/ccswitch.go:251.2,252.71 1 1
mimo-reasonix/internal/config/ccswitch.go:252.71,255.3 2 0
mimo-reasonix/internal/config/ccswitch.go:256.2,256.19 1 1
mimo-reasonix/internal/config/ccswitch.go:256.19,258.3 1 0
mimo-reasonix/internal/config/ccswitch.go:259.2,259.25 1 1
mimo-reasonix/internal/config/ccswitch.go:259.25,261.3 1 0
mimo-reasonix/internal/config/ccswitch.go:262.2,262.10 1 1
mimo-reasonix/internal/config/ccswitch.go:265.39,267.2 1 0
mimo-reasonix/internal/config/config.go:26.41,26.84 1 1
mimo-reasonix/internal/config/config.go:29.39,31.29 2 1
mimo-reasonix/internal/config/config.go:31.29,33.3 1 1
mimo-reasonix/internal/config/config.go:34.2,34.31 1 1
mimo-reasonix/internal/config/config.go:34.31,36.3 1 0
mimo-reasonix/internal/config/config.go:37.2,37.13 1 1
mimo-reasonix/internal/config/config.go:124.44,126.2 1 0
mimo-reasonix/internal/config/config.go:129.35,130.56 1 1
mimo-reasonix/internal/config/config.go:131.14,132.16 1 1
mimo-reasonix/internal/config/config.go:133.15,134.17 1 1
mimo-reasonix/internal/config/config.go:135.10,136.16 1 1
mimo-reasonix/internal/config/config.go:142.40,144.2 1 1
mimo-reasonix/internal/config/config.go:149.44,150.65 1 1
mimo-reasonix/internal/config/config.go:151.51,152.19 1 1
mimo-reasonix/internal/config/config.go:153.10,154.19 1 1
mimo-reasonix/internal/config/config.go:162.41,163.62 1 1
mimo-reasonix/internal/config/config.go:164.15,165.17 1 1
mimo-reasonix/internal/config/config.go:166.13,167.15 1 1
mimo-reasonix/internal/config/config.go:168.10,169.21 1 1
mimo-reasonix/internal/config/config.go:173.47,174.51 1 1
mimo-reasonix/internal/config/config.go:175.135,176.51 1 1
mimo-reasonix/internal/config/config.go:177.10,178.12 1 1
mimo-reasonix/internal/config/config.go:182.55,183.51 1 1
mimo-reasonix/internal/config/config.go:184.17,185.19 1 1
mimo-reasonix/internal/config/config.go:186.32,187.21 1 1
mimo-reasonix/internal/config/config.go:188.18,189.20 1 1
mimo-reasonix/internal/config/config.go:190.10,191.21 1 1
mimo-reasonix/internal/config/config.go:195.49,196.50 1 1
mimo-reasonix/internal/config/config.go:197.22,198.16 1 1
mimo-reasonix/internal/config/config.go:199.10,200.22 1 1
mimo-reasonix/internal/config/config.go:207.43,208.64 1 1
mimo-reasonix/internal/config/config.go:209.12,210.14 1 1
mimo-reasonix/internal/config/config.go:211.12,212.14 1 1
mimo-reasonix/internal/config/config.go:213.10,214.12 1 1
mimo-reasonix/internal/config/config.go:220.40,221.61 1 1
mimo-reasonix/internal/config/config.go:222.14,223.16 1 0
mimo-reasonix/internal/config/config.go:224.15,225.17 1 0
mimo-reasonix/internal/config/config.go:226.14,227.16 1 1
mimo-reasonix/internal/config/config.go:228.10,229.16 1 1
mimo-reasonix/internal/config/config.go:235.45,237.2 1 1
mimo-reasonix/internal/config/config.go:241.46,242.127 1 1
mimo-reasonix/internal/config/config.go:242.127,244.3 1 1
mimo-reasonix/internal/config/config.go:245.2,245.59 1 1
mimo-reasonix/internal/config/config.go:251.48,252.54 1 1
mimo-reasonix/internal/config/config.go:252.54,254.3 1 1
mimo-reasonix/internal/config/config.go:255.2,255.51 1 1
mimo-reasonix/internal/config/config.go:259.43,261.2 1 1
mimo-reasonix/internal/config/config.go:265.46,266.67 1 1
mimo-reasonix/internal/config/config.go:267.18,268.20 1 0
mimo-reasonix/internal/config/config.go:269.28,270.19 1 1
mimo-reasonix/internal/config/config.go:271.10,272.20 1 1
mimo-reasonix/internal/config/config.go:278.52,279.50 1 1
mimo-reasonix/internal/config/config.go:280.14,281.16 1 1
mimo-reasonix/internal/config/config.go:282.47,283.16 1 1
mimo-reasonix/internal/config/config.go:284.10,285.15 1 1
mimo-reasonix/internal/config/config.go:292.58,293.14 1 1
mimo-reasonix/internal/config/config.go:293.14,295.3 1 0
mimo-reasonix/internal/config/config.go:296.2,296.69 1 1
mimo-reasonix/internal/config/config.go:301.49,302.70 1 1
mimo-reasonix/internal/config/config.go:303.14,304.16 1 1
mimo-reasonix/internal/config/config.go:305.14,306.16 1 1
mimo-reasonix/internal/config/config.go:307.10,308.16 1 1
mimo-reasonix/internal/config/config.go:330.62,332.29 2 1
mimo-reasonix/internal/config/config.go:332.29,334.3 1 1
mimo-reasonix/internal/config/config.go:335.2,335.12 1 1
mimo-reasonix/internal/config/config.go:340.46,342.2 1 1
mimo-reasonix/internal/config/config.go:347.51,349.2 1 1
mimo-reasonix/internal/config/config.go:351.62,354.28 3 1
mimo-reasonix/internal/config/config.go:354.28,356.50 2 1
mimo-reasonix/internal/config/config.go:356.50,357.12 1 1
mimo-reasonix/internal/config/config.go:359.3,360.18 2 1
mimo-reasonix/internal/config/config.go:362.2,362.19 1 1
mimo-reasonix/internal/config/config.go:362.19,364.3 1 1
mimo-reasonix/internal/config/config.go:365.2,365.12 1 1
mimo-reasonix/internal/config/config.go:370.45,371.47 1 1
mimo-reasonix/internal/config/config.go:371.47,373.3 1 1
mimo-reasonix/internal/config/config.go:374.2,374.32 1 1
mimo-reasonix/internal/config/config.go:380.48,381.48 1 1
mimo-reasonix/internal/config/config.go:381.48,383.3 1 1
mimo-reasonix/internal/config/config.go:384.2,384.33 1 1
mimo-reasonix/internal/config/config.go:389.44,390.14 1 0
mimo-reasonix/internal/config/config.go:390.14,392.3 1 0
mimo-reasonix/internal/config/config.go:393.2,393.38 1 0
mimo-reasonix/internal/config/config.go:397.44,398.50 1 0
mimo-reasonix/internal/config/config.go:399.39,400.16 1 0
mimo-reasonix/internal/config/config.go:401.39,402.14 1 0
mimo-reasonix/internal/config/config.go:403.23,404.14 1 0
mimo-reasonix/internal/config/config.go:405.10,406.16 1 0
mimo-reasonix/internal/config/config.go:413.45,414.14 1 1
mimo-reasonix/internal/config/config.go:414.14,416.3 1 0
mimo-reasonix/internal/config/config.go:417.2,417.62 1 1
mimo-reasonix/internal/config/config.go:421.53,422.50 1 1
mimo-reasonix/internal/config/config.go:423.120,424.16 1 1
mimo-reasonix/internal/config/config.go:425.39,426.14 1 1
mimo-reasonix/internal/config/config.go:427.23,428.14 1 0
mimo-reasonix/internal/config/config.go:429.10,430.16 1 0
mimo-reasonix/internal/config/config.go:436.42,437.44 1 1
mimo-reasonix/internal/config/config.go:437.44,439.3 1 1
mimo-reasonix/internal/config/config.go:440.2,440.29 1 1
mimo-reasonix/internal/config/config.go:445.40,446.42 1 1
mimo-reasonix/internal/config/config.go:446.42,448.3 1 1
mimo-reasonix/internal/config/config.go:449.2,449.27 1 1
mimo-reasonix/internal/config/config.go:627.57,639.2 1 1
mimo-reasonix/internal/config/config.go:650.46,651.50 1 1
mimo-reasonix/internal/config/config.go:651.50,653.3 1 1
mimo-reasonix/internal/config/config.go:654.2,656.32 3 1
mimo-reasonix/internal/config/config.go:656.32,657.17 1 1
mimo-reasonix/internal/config/config.go:657.17,658.12 1 1
mimo-reasonix/internal/config/config.go:660.3,661.17 2 1
mimo-reasonix/internal/config/config.go:661.17,662.12 1 0
mimo-reasonix/internal/config/config.go:664.3,664.45 1 1
mimo-reasonix/internal/config/config.go:664.45,667.4 2 1
mimo-reasonix/internal/config/config.go:669.2,669.12 1 1
mimo-reasonix/internal/config/config.go:673.44,675.2 1 1
mimo-reasonix/internal/config/config.go:693.46,695.35 2 0
mimo-reasonix/internal/config/config.go:695.35,696.54 1 0
mimo-reasonix/internal/config/config.go:696.54,698.4 1 0
mimo-reasonix/internal/config/config.go:700.2,700.12 1 0
mimo-reasonix/internal/config/config.go:705.48,707.43 2 0
mimo-reasonix/internal/config/config.go:707.43,708.54 1 0
mimo-reasonix/internal/config/config.go:708.54,710.4 1 0
mimo-reasonix/internal/config/config.go:712.2,712.12 1 0
mimo-reasonix/internal/config/config.go:717.38,722.40 2 1
mimo-reasonix/internal/config/config.go:722.40,724.3 1 0
mimo-reasonix/internal/config/config.go:725.2,725.27 1 1
mimo-reasonix/internal/config/config.go:725.27,727.3 1 0
mimo-reasonix/internal/config/config.go:728.2,728.34 1 1
mimo-reasonix/internal/config/config.go:728.34,730.3 1 0
mimo-reasonix/internal/config/config.go:731.2,731.26 1 1
mimo-reasonix/internal/config/config.go:736.48,739.47 3 1
mimo-reasonix/internal/config/config.go:739.47,741.30 2 1
mimo-reasonix/internal/config/config.go:741.30,742.12 1 0
mimo-reasonix/internal/config/config.go:744.3,745.16 2 1
mimo-reasonix/internal/config/config.go:745.16,746.12 1 0
mimo-reasonix/internal/config/config.go:748.3,749.26 2 1
mimo-reasonix/internal/config/config.go:751.2,751.12 1 1
mimo-reasonix/internal/config/config.go:755.52,757.15 2 1
mimo-reasonix/internal/config/config.go:757.15,759.3 1 0
mimo-reasonix/internal/config/config.go:760.2,760.50 1 1
mimo-reasonix/internal/config/config.go:760.50,761.36 1 1
mimo-reasonix/internal/config/config.go:761.36,763.4 1 1
mimo-reasonix/internal/config/config.go:765.2,765.14 1 0
mimo-reasonix/internal/config/config.go:794.40,796.2 1 0
mimo-reasonix/internal/config/config.go:801.66,803.16 2 1
mimo-reasonix/internal/config/config.go:803.16,805.32 2 1
mimo-reasonix/internal/config/config.go:805.32,806.41 1 0
mimo-reasonix/internal/config/config.go:806.41,808.5 1 0
mimo-reasonix/internal/config/config.go:808.10,810.5 1 0
mimo-reasonix/internal/config/config.go:813.2,814.41 2 1
mimo-reasonix/internal/config/config.go:814.41,815.35 1 0
mimo-reasonix/internal/config/config.go:815.35,817.4 1 0
mimo-reasonix/internal/config/config.go:819.2,819.14 1 1
mimo-reasonix/internal/config/config.go:826.45,828.2 1 0
mimo-reasonix/internal/config/config.go:832.71,834.31 2 1
mimo-reasonix/internal/config/config.go:834.31,835.40 1 0
mimo-reasonix/internal/config/config.go:835.40,837.4 1 0
mimo-reasonix/internal/config/config.go:837.9,839.4 1 0
mimo-reasonix/internal/config/config.go:841.2,842.41 2 1
mimo-reasonix/internal/config/config.go:842.41,843.35 1 1
mimo-reasonix/internal/config/config.go:843.35,844.26 1 1
mimo-reasonix/internal/config/config.go:844.26,846.5 1 1
mimo-reasonix/internal/config/config.go:847.4,847.28 1 1
mimo-reasonix/internal/config/config.go:850.2,850.14 1 1
mimo-reasonix/internal/config/config.go:856.36,857.29 1 1
mimo-reasonix/internal/config/config.go:857.29,859.3 1 0
mimo-reasonix/internal/config/config.go:860.2,860.18 1 1
mimo-reasonix/internal/config/config.go:925.47,926.55 1 1
mimo-reasonix/internal/config/config.go:926.55,928.3 1 1
mimo-reasonix/internal/config/config.go:929.2,929.40 1 1
mimo-reasonix/internal/config/config.go:993.46,994.23 1 1
mimo-reasonix/internal/config/config.go:994.23,996.3 1 1
mimo-reasonix/internal/config/config.go:997.2,997.19 1 1
mimo-reasonix/internal/config/config.go:997.19,999.3 1 1
mimo-reasonix/internal/config/config.go:1000.2,1000.12 1 1
mimo-reasonix/internal/config/config.go:1017.43,1019.17 2 1
mimo-reasonix/internal/config/config.go:1019.17,1021.3 1 1
mimo-reasonix/internal/config/config.go:1022.2,1028.36 3 1
mimo-reasonix/internal/config/config.go:1028.36,1029.33 1 1
mimo-reasonix/internal/config/config.go:1029.33,1031.4 1 1
mimo-reasonix/internal/config/config.go:1035.2,1035.56 1 1
mimo-reasonix/internal/config/config.go:1035.56,1037.3 1 1
mimo-reasonix/internal/config/config.go:1038.2,1044.29 2 1
mimo-reasonix/internal/config/config.go:1044.29,1045.25 1 1
mimo-reasonix/internal/config/config.go:1045.25,1047.4 1 1
mimo-reasonix/internal/config/config.go:1049.2,1049.13 1 1
mimo-reasonix/internal/config/config.go:1057.50,1059.19 2 1
mimo-reasonix/internal/config/config.go:1059.19,1061.3 1 1
mimo-reasonix/internal/config/config.go:1062.2,1063.24 2 1
mimo-reasonix/internal/config/config.go:1063.24,1064.27 1 1
mimo-reasonix/internal/config/config.go:1064.27,1066.4 1 1
mimo-reasonix/internal/config/config.go:1068.2,1068.12 1 1
mimo-reasonix/internal/config/config.go:1073.47,1074.21 1 1
mimo-reasonix/internal/config/config.go:1074.21,1076.3 1 1
mimo-reasonix/internal/config/config.go:1077.2,1077.36 1 1
mimo-reasonix/internal/config/config.go:1077.36,1079.3 1 1
mimo-reasonix/internal/config/config.go:1080.2,1080.11 1 0
mimo-reasonix/internal/config/config.go:1084.49,1085.34 1 1
mimo-reasonix/internal/config/config.go:1085.34,1086.13 1 1
mimo-reasonix/internal/config/config.go:1086.13,1088.4 1 1
mimo-reasonix/internal/config/config.go:1090.2,1090.14 1 1
mimo-reasonix/internal/config/config.go:1095.71,1096.14 1 1
mimo-reasonix/internal/config/config.go:1096.14,1098.3 1 0
mimo-reasonix/internal/config/config.go:1099.2,1099.21 1 1
mimo-reasonix/internal/config/config.go:1099.21,1100.56 1 1
mimo-reasonix/internal/config/config.go:1100.56,1102.4 1 1
mimo-reasonix/internal/config/config.go:1104.2,1104.30 1 1
mimo-reasonix/internal/config/config.go:1107.43,1108.14 1 1
mimo-reasonix/internal/config/config.go:1108.14,1110.3 1 0
mimo-reasonix/internal/config/config.go:1111.2,1111.36 1 1
mimo-reasonix/internal/config/config.go:1114.58,1115.14 1 1
mimo-reasonix/internal/config/config.go:1115.14,1117.3 1 1
mimo-reasonix/internal/config/config.go:1118.2,1119.12 2 1
mimo-reasonix/internal/config/config.go:1143.43,1144.74 1 1
mimo-reasonix/internal/config/config.go:1144.74,1146.3 1 1
mimo-reasonix/internal/config/config.go:1147.2,1147.36 1 1
mimo-reasonix/internal/config/config.go:1153.46,1154.81 1 1
mimo-reasonix/internal/config/config.go:1154.81,1156.3 1 1
mimo-reasonix/internal/config/config.go:1157.2,1157.39 1 1
mimo-reasonix/internal/config/config.go:1169.59,1170.110 1 1
mimo-reasonix/internal/config/config.go:1170.110,1172.3 1 1
mimo-reasonix/internal/config/config.go:1173.2,1173.87 1 1
mimo-reasonix/internal/config/config.go:1173.87,1175.3 1 1
mimo-reasonix/internal/config/config.go:1176.2,1176.54 1 1
mimo-reasonix/internal/config/config.go:1252.45,1254.2 1 1
mimo-reasonix/internal/config/config.go:1259.44,1261.2 1 1
mimo-reasonix/internal/config/config.go:1263.42,1264.50 1 1
mimo-reasonix/internal/config/config.go:1265.15,1266.17 1 1
mimo-reasonix/internal/config/config.go:1267.28,1268.22 1 1
mimo-reasonix/internal/config/config.go:1269.10,1270.22 1 1
mimo-reasonix/internal/config/config.go:1271.10,1272.22 1 1
mimo-reasonix/internal/config/config.go:1276.51,1278.30 2 1
mimo-reasonix/internal/config/config.go:1278.30,1279.26 1 1
mimo-reasonix/internal/config/config.go:1279.26,1281.4 1 1
mimo-reasonix/internal/config/config.go:1283.2,1283.12 1 1
mimo-reasonix/internal/config/config.go:1311.24,1366.2 1 1
mimo-reasonix/internal/config/config.go:1372.47,1374.2 1 1
mimo-reasonix/internal/config/config.go:1377.63,1378.29 1 1
mimo-reasonix/internal/config/config.go:1378.29,1379.34 1 1
mimo-reasonix/internal/config/config.go:1379.34,1381.4 1 1
mimo-reasonix/internal/config/config.go:1383.2,1383.19 1 1
mimo-reasonix/internal/config/config.go:1396.66,1397.15 1 1
mimo-reasonix/internal/config/config.go:1397.15,1399.3 1 1
mimo-reasonix/internal/config/config.go:1400.2,1400.83 1 1
mimo-reasonix/internal/config/config.go:1400.83,1402.3 1 1
mimo-reasonix/internal/config/config.go:1404.2,1404.50 1 1
mimo-reasonix/internal/config/config.go:1404.50,1405.63 1 1
mimo-reasonix/internal/config/config.go:1405.63,1410.4 4 1
mimo-reasonix/internal/config/config.go:1413.2,1413.40 1 1
mimo-reasonix/internal/config/config.go:1413.40,1418.3 4 1
mimo-reasonix/internal/config/config.go:1420.2,1420.29 1 1
mimo-reasonix/internal/config/config.go:1420.29,1421.35 1 1
mimo-reasonix/internal/config/config.go:1421.35,1426.4 4 1
mimo-reasonix/internal/config/config.go:1428.2,1428.19 1 1
mimo-reasonix/internal/config/config.go:1435.100,1437.15 2 1
mimo-reasonix/internal/config/config.go:1437.15,1438.45 1 1
mimo-reasonix/internal/config/config.go:1438.45,1440.4 1 1
mimo-reasonix/internal/config/config.go:1446.2,1446.51 1 1
mimo-reasonix/internal/config/config.go:1446.51,1447.74 1 1
mimo-reasonix/internal/config/config.go:1447.74,1449.4 1 1
mimo-reasonix/internal/config/config.go:1451.2,1451.29 1 1
mimo-reasonix/internal/config/config.go:1451.29,1456.49 2 1
mimo-reasonix/internal/config/config.go:1456.49,1457.12 1 1
mimo-reasonix/internal/config/config.go:1459.3,1459.53 1 1
mimo-reasonix/internal/config/config.go:1461.2,1461.25 1 1
mimo-reasonix/internal/config/config.go:1465.41,1466.14 1 1
mimo-reasonix/internal/config/config.go:1466.14,1468.3 1 0
mimo-reasonix/internal/config/config.go:1469.2,1469.28 1 1
mimo-reasonix/internal/config/config.go:1469.28,1471.3 1 1
mimo-reasonix/internal/config/config.go:1472.2,1472.23 1 1
mimo-reasonix/internal/config/config.go:1472.23,1474.3 1 1
mimo-reasonix/internal/config/config.go:1475.2,1476.9 2 1
mimo-reasonix/internal/config/config.go:1476.9,1478.3 1 1
mimo-reasonix/internal/config/config.go:1479.2,1479.14 1 0
mimo-reasonix/internal/config/config.go:1486.63,1487.14 1 1
mimo-reasonix/internal/config/config.go:1487.14,1489.3 1 0
mimo-reasonix/internal/config/config.go:1490.2,1491.15 2 1
mimo-reasonix/internal/config/config.go:1491.15,1493.3 1 0
mimo-reasonix/internal/config/config.go:1494.2,1495.17 2 1
mimo-reasonix/internal/config/config.go:1495.17,1497.3 1 0
mimo-reasonix/internal/config/config.go:1498.2,1499.95 2 1
mimo-reasonix/internal/config/config.go:1502.52,1503.54 1 0
mimo-reasonix/internal/config/config.go:1503.54,1505.3 1 0
mimo-reasonix/internal/config/config.go:1506.2,1506.28 1 0
mimo-reasonix/internal/config/config.go:1506.28,1508.3 1 0
mimo-reasonix/internal/config/config.go:1509.2,1509.75 1 0
mimo-reasonix/internal/config/config.go:1517.47,1518.14 1 1
mimo-reasonix/internal/config/config.go:1518.14,1520.3 1 0
mimo-reasonix/internal/config/config.go:1521.2,1521.42 1 1
mimo-reasonix/internal/config/config.go:1521.42,1523.3 1 1
mimo-reasonix/internal/config/config.go:1524.2,1524.55 1 1
mimo-reasonix/internal/config/config.go:1527.53,1528.35 1 1
mimo-reasonix/internal/config/config.go:1529.118,1530.14 1 1
mimo-reasonix/internal/config/config.go:1531.10,1532.15 1 1
mimo-reasonix/internal/config/config.go:1536.58,1538.16 2 1
mimo-reasonix/internal/config/config.go:1538.16,1540.3 1 0
mimo-reasonix/internal/config/config.go:1541.2,1542.66 2 1
mimo-reasonix/internal/config/config.go:1542.66,1544.3 1 0
mimo-reasonix/internal/config/config.go:1545.2,1546.16 2 1
mimo-reasonix/internal/config/config.go:1546.16,1548.3 1 1
mimo-reasonix/internal/config/config.go:1549.2,1549.75 1 1
mimo-reasonix/internal/config/config.go:1555.43,1557.2 1 1
mimo-reasonix/internal/config/config.go:1560.56,1562.2 1 0
mimo-reasonix/internal/config/config.go:1567.74,1568.36 1 1
mimo-reasonix/internal/config/config.go:1568.36,1570.28 2 1
mimo-reasonix/internal/config/config.go:1570.28,1572.4 1 1
mimo-reasonix/internal/config/config.go:1573.3,1574.17 2 1
mimo-reasonix/internal/config/config.go:1574.17,1576.4 1 0
mimo-reasonix/internal/config/config.go:1577.3,1577.43 1 1
mimo-reasonix/internal/config/config.go:1579.2,1579.51 1 0
mimo-reasonix/internal/config/config.go:1579.51,1581.3 1 0
mimo-reasonix/internal/config/config.go:1582.2,1582.34 1 0
mimo-reasonix/internal/config/config.go:1586.47,1588.9 2 1
mimo-reasonix/internal/config/config.go:1588.9,1590.3 1 0
mimo-reasonix/internal/config/config.go:1591.2,1591.18 1 1
mimo-reasonix/internal/config/config.go:1591.18,1593.3 1 0
mimo-reasonix/internal/config/config.go:1594.2,1594.21 1 1
mimo-reasonix/internal/config/config.go:1594.21,1596.3 1 0
mimo-reasonix/internal/config/config.go:1597.2,1597.44 1 1
mimo-reasonix/internal/config/config.go:1597.44,1599.3 1 0
mimo-reasonix/internal/config/config.go:1600.2,1600.12 1 1
mimo-reasonix/internal/config/config.go:1603.41,1605.32 2 1
mimo-reasonix/internal/config/config.go:1605.32,1607.3 1 1
mimo-reasonix/internal/config/config.go:1608.2,1608.34 1 1
mimo-reasonix/internal/config/credentials.go:71.68,73.2 1 1
mimo-reasonix/internal/config/credentials.go:78.82,80.15 2 1
mimo-reasonix/internal/config/credentials.go:80.15,82.3 1 0
mimo-reasonix/internal/config/credentials.go:83.2,83.14 1 1
mimo-reasonix/internal/config/credentials.go:83.14,85.3 1 0
mimo-reasonix/internal/config/credentials.go:87.2,89.31 3 1
mimo-reasonix/internal/config/credentials.go:89.31,91.3 1 1
mimo-reasonix/internal/config/credentials.go:92.2,92.47 1 1
mimo-reasonix/internal/config/credentials.go:92.47,94.3 1 1
mimo-reasonix/internal/config/credentials.go:95.2,97.12 3 1
mimo-reasonix/internal/config/credentials.go:100.79,101.27 1 1
mimo-reasonix/internal/config/credentials.go:101.27,103.3 1 1
mimo-reasonix/internal/config/credentials.go:104.2,104.12 1 1
mimo-reasonix/internal/config/credentials.go:107.52,108.50 1 1
mimo-reasonix/internal/config/credentials.go:109.31,110.33 1 0
mimo-reasonix/internal/config/credentials.go:111.28,112.30 1 1
mimo-reasonix/internal/config/credentials.go:113.10,114.30 1 1
mimo-reasonix/internal/config/credentials.go:118.36,119.84 1 1
mimo-reasonix/internal/config/credentials.go:119.84,121.3 1 1
mimo-reasonix/internal/config/credentials.go:122.2,125.46 2 1
mimo-reasonix/internal/config/credentials.go:125.46,127.3 1 1
mimo-reasonix/internal/config/credentials.go:128.2,128.60 1 1
mimo-reasonix/internal/config/credentials.go:131.54,136.17 4 1
mimo-reasonix/internal/config/credentials.go:136.17,138.3 1 1
mimo-reasonix/internal/config/credentials.go:139.2,139.42 1 1
mimo-reasonix/internal/config/credentials.go:139.42,141.3 1 1
mimo-reasonix/internal/config/credentials.go:142.2,144.42 3 1
mimo-reasonix/internal/config/credentials.go:144.42,146.3 1 1
mimo-reasonix/internal/config/credentials.go:147.2,148.83 2 1
mimo-reasonix/internal/config/credentials.go:148.83,150.3 1 1
mimo-reasonix/internal/config/credentials.go:152.2,152.42 1 1
mimo-reasonix/internal/config/credentials.go:155.57,158.27 3 1
mimo-reasonix/internal/config/credentials.go:158.27,160.31 2 1
mimo-reasonix/internal/config/credentials.go:160.31,162.4 1 1
mimo-reasonix/internal/config/credentials.go:163.3,164.26 2 1
mimo-reasonix/internal/config/credentials.go:166.2,166.34 1 1
mimo-reasonix/internal/config/credentials.go:166.34,168.3 1 1
mimo-reasonix/internal/config/credentials.go:169.2,172.43 4 1
mimo-reasonix/internal/config/credentials.go:172.43,175.3 2 0
mimo-reasonix/internal/config/credentials.go:176.2,177.12 2 1
mimo-reasonix/internal/config/credentials.go:180.66,181.43 1 1
mimo-reasonix/internal/config/credentials.go:181.43,183.3 1 0
mimo-reasonix/internal/config/credentials.go:184.2,185.31 2 1
mimo-reasonix/internal/config/credentials.go:185.31,187.3 1 1
mimo-reasonix/internal/config/credentials.go:190.96,191.18 1 1
mimo-reasonix/internal/config/credentials.go:191.18,193.3 1 0
mimo-reasonix/internal/config/credentials.go:194.2,195.15 2 1
mimo-reasonix/internal/config/credentials.go:195.15,199.3 3 0
mimo-reasonix/internal/config/credentials.go:200.2,200.21 1 1
mimo-reasonix/internal/config/credentials.go:200.21,202.3 1 0
mimo-reasonix/internal/config/credentials.go:203.2,204.33 2 1
mimo-reasonix/internal/config/credentials.go:204.33,208.3 3 1
mimo-reasonix/internal/config/credentials.go:209.2,210.35 2 1
mimo-reasonix/internal/config/credentials.go:213.59,215.2 1 0
mimo-reasonix/internal/config/credentials.go:217.46,219.21 2 1
mimo-reasonix/internal/config/credentials.go:219.21,221.3 1 0
mimo-reasonix/internal/config/credentials.go:222.2,222.41 1 1
mimo-reasonix/internal/config/credentials.go:222.41,224.3 1 1
mimo-reasonix/internal/config/credentials.go:229.59,231.27 2 1
mimo-reasonix/internal/config/credentials.go:231.27,233.3 1 0
mimo-reasonix/internal/config/credentials.go:234.2,234.83 1 1
mimo-reasonix/internal/config/credentials.go:234.83,236.3 1 0
mimo-reasonix/internal/config/credentials.go:237.2,238.35 2 1
mimo-reasonix/internal/config/credentials.go:241.55,243.27 2 1
mimo-reasonix/internal/config/credentials.go:243.27,245.3 1 1
mimo-reasonix/internal/config/credentials.go:246.2,246.40 1 1
mimo-reasonix/internal/config/credentials.go:246.40,248.3 1 1
mimo-reasonix/internal/config/credentials.go:249.2,249.58 1 1
mimo-reasonix/internal/config/credentials.go:252.41,254.40 2 1
mimo-reasonix/internal/config/credentials.go:254.40,256.3 1 0
mimo-reasonix/internal/config/credentials.go:257.2,257.47 1 1
mimo-reasonix/internal/config/credentials.go:257.47,258.61 1 1
mimo-reasonix/internal/config/credentials.go:258.61,260.4 1 0
mimo-reasonix/internal/config/credentials.go:262.2,262.25 1 1
mimo-reasonix/internal/config/credentials.go:265.39,267.15 2 0
mimo-reasonix/internal/config/credentials.go:267.15,269.3 1 0
mimo-reasonix/internal/config/credentials.go:270.2,270.30 1 0
mimo-reasonix/internal/config/credentials.go:273.40,275.15 2 1
mimo-reasonix/internal/config/credentials.go:275.15,277.3 1 0
mimo-reasonix/internal/config/credentials.go:278.2,278.52 1 1
mimo-reasonix/internal/config/credentials.go:281.52,283.15 2 1
mimo-reasonix/internal/config/credentials.go:283.15,285.3 1 0
mimo-reasonix/internal/config/credentials.go:286.2,286.52 1 1
mimo-reasonix/internal/config/credentials.go:289.56,291.15 2 1
mimo-reasonix/internal/config/credentials.go:291.15,293.3 1 0
mimo-reasonix/internal/config/credentials.go:294.2,294.57 1 1
mimo-reasonix/internal/config/credentials.go:297.44,299.2 1 0
mimo-reasonix/internal/config/credentials.go:301.61,303.28 2 1
mimo-reasonix/internal/config/credentials.go:303.28,305.49 2 1
mimo-reasonix/internal/config/credentials.go:305.49,306.12 1 1
mimo-reasonix/internal/config/credentials.go:308.3,311.73 4 1
mimo-reasonix/internal/config/credentials.go:311.73,312.12 1 1
mimo-reasonix/internal/config/credentials.go:314.3,314.19 1 1
mimo-reasonix/internal/config/credentials.go:316.2,316.12 1 1
mimo-reasonix/internal/config/credentials.go:319.62,320.38 1 1
mimo-reasonix/internal/config/credentials.go:320.38,323.3 2 1
mimo-reasonix/internal/config/credentials.go:326.49,329.30 3 0
mimo-reasonix/internal/config/credentials.go:329.30,331.3 1 0
mimo-reasonix/internal/config/credentials.go:332.2,334.85 3 0
mimo-reasonix/internal/config/credentials.go:334.85,336.3 1 0
mimo-reasonix/internal/config/credentials.go:337.2,337.53 1 0
mimo-reasonix/internal/config/credentials.go:337.53,339.3 1 0
mimo-reasonix/internal/config/credentials.go:340.2,343.3 1 0
mimo-reasonix/internal/config/credentials.go:346.73,348.30 2 1
mimo-reasonix/internal/config/credentials.go:348.30,350.3 1 0
mimo-reasonix/internal/config/credentials.go:351.2,354.34 4 1
mimo-reasonix/internal/config/credentials.go:357.68,361.35 4 1
mimo-reasonix/internal/config/credentials.go:361.35,363.3 1 0
mimo-reasonix/internal/config/credentials.go:364.2,364.29 1 1
mimo-reasonix/internal/config/credentials.go:367.60,368.43 1 1
mimo-reasonix/internal/config/credentials.go:368.43,370.3 1 1
mimo-reasonix/internal/config/credentials.go:371.2,371.21 1 1
mimo-reasonix/internal/config/credentials.go:372.34,373.24 1 1
mimo-reasonix/internal/config/credentials.go:374.35,375.37 1 0
mimo-reasonix/internal/config/credentials.go:376.31,377.21 1 1
mimo-reasonix/internal/config/credentials.go:378.30,379.44 1 0
mimo-reasonix/internal/config/credentials.go:380.35,381.32 1 0
mimo-reasonix/internal/config/credentials.go:382.10,383.12 1 0
mimo-reasonix/internal/config/credentials.go:387.57,389.2 1 0
mimo-reasonix/internal/config/credentials.go:391.70,394.15 3 1
mimo-reasonix/internal/config/credentials.go:394.15,396.3 1 0
mimo-reasonix/internal/config/credentials.go:397.2,398.17 2 1
mimo-reasonix/internal/config/credentials.go:398.17,400.3 1 0
mimo-reasonix/internal/config/credentials.go:401.2,403.53 3 1
mimo-reasonix/internal/config/credentials.go:403.53,405.3 1 1
mimo-reasonix/internal/config/credentials.go:405.8,405.70 1 0
mimo-reasonix/internal/config/credentials.go:405.70,407.3 1 0
mimo-reasonix/internal/config/credentials.go:407.8,409.3 1 0
mimo-reasonix/internal/config/credentials.go:410.2,412.12 3 1
mimo-reasonix/internal/config/credentials.go:415.81,418.2 2 1
mimo-reasonix/internal/config/credentials.go:420.81,423.15 3 1
mimo-reasonix/internal/config/credentials.go:423.15,425.3 1 0
mimo-reasonix/internal/config/credentials.go:426.2,426.63 1 1
mimo-reasonix/internal/config/credentials.go:426.63,433.3 6 1
mimo-reasonix/internal/config/credentials.go:434.2,434.12 1 1
mimo-reasonix/internal/config/credentials.go:437.73,438.41 1 1
mimo-reasonix/internal/config/credentials.go:438.41,439.59 1 1
mimo-reasonix/internal/config/credentials.go:439.59,441.4 1 1
mimo-reasonix/internal/config/credentials.go:443.2,443.38 1 1
mimo-reasonix/internal/config/credentials.go:446.78,447.61 1 0
mimo-reasonix/internal/config/credentials.go:447.61,448.67 1 0
mimo-reasonix/internal/config/credentials.go:448.67,451.4 2 0
mimo-reasonix/internal/config/credentials.go:453.2,453.34 1 0
mimo-reasonix/internal/config/credentials.go:456.107,458.61 2 1
mimo-reasonix/internal/config/credentials.go:458.61,459.46 1 1
mimo-reasonix/internal/config/credentials.go:459.46,460.12 1 1
mimo-reasonix/internal/config/credentials.go:462.3,462.73 1 1
mimo-reasonix/internal/config/credentials.go:462.73,465.4 2 1
mimo-reasonix/internal/config/credentials.go:467.2,467.12 1 1
mimo-reasonix/internal/config/credentials.go:470.65,474.31 4 1
mimo-reasonix/internal/config/credentials.go:474.31,476.3 1 1
mimo-reasonix/internal/config/credentials.go:477.2,478.41 2 1
mimo-reasonix/internal/config/credentials.go:478.41,480.3 1 1
mimo-reasonix/internal/config/credentials.go:481.2,481.47 1 1
mimo-reasonix/internal/config/credentials.go:481.47,483.3 1 1
mimo-reasonix/internal/config/credentials.go:484.2,484.12 1 1
mimo-reasonix/internal/config/credentials.go:487.55,488.22 1 1
mimo-reasonix/internal/config/credentials.go:488.22,490.3 1 1
mimo-reasonix/internal/config/credentials.go:491.2,491.34 1 1
mimo-reasonix/internal/config/credentials.go:491.34,493.3 1 1
mimo-reasonix/internal/config/credentials.go:494.2,494.33 1 1
mimo-reasonix/internal/config/credentials.go:497.79,498.35 1 1
mimo-reasonix/internal/config/credentials.go:498.35,500.3 1 0
mimo-reasonix/internal/config/credentials.go:501.2,502.16 2 1
mimo-reasonix/internal/config/credentials.go:502.16,504.3 1 0
mimo-reasonix/internal/config/credentials.go:505.2,506.29 2 1
mimo-reasonix/internal/config/credentials.go:506.29,507.52 1 1
mimo-reasonix/internal/config/credentials.go:507.52,508.39 1 1
mimo-reasonix/internal/config/credentials.go:508.39,509.13 1 1
mimo-reasonix/internal/config/credentials.go:512.3,512.36 1 1
mimo-reasonix/internal/config/credentials.go:514.2,516.29 3 1
mimo-reasonix/internal/config/credentials.go:516.29,518.10 2 1
mimo-reasonix/internal/config/credentials.go:518.10,519.12 1 0
mimo-reasonix/internal/config/credentials.go:521.3,521.42 1 1
mimo-reasonix/internal/config/credentials.go:521.42,524.4 2 1
mimo-reasonix/internal/config/credentials.go:526.2,527.31 2 1
mimo-reasonix/internal/config/credentials.go:527.31,529.3 1 1
mimo-reasonix/internal/config/credentials.go:530.2,531.27 2 1
mimo-reasonix/internal/config/credentials.go:531.27,532.21 1 1
mimo-reasonix/internal/config/credentials.go:532.21,534.4 1 1
mimo-reasonix/internal/config/credentials.go:536.2,536.46 1 1
mimo-reasonix/internal/config/credentials.go:539.55,541.16 2 1
mimo-reasonix/internal/config/credentials.go:541.16,543.3 1 0
mimo-reasonix/internal/config/credentials.go:544.2,545.29 2 1
mimo-reasonix/internal/config/credentials.go:545.29,546.55 1 1
mimo-reasonix/internal/config/credentials.go:546.55,547.12 1 1
mimo-reasonix/internal/config/credentials.go:549.3,549.62 1 0
mimo-reasonix/internal/config/credentials.go:549.62,550.12 1 0
mimo-reasonix/internal/config/credentials.go:552.3,552.26 1 0
mimo-reasonix/internal/config/credentials.go:554.2,555.44 2 1
mimo-reasonix/internal/config/credentials.go:558.61,560.16 2 1
mimo-reasonix/internal/config/credentials.go:560.16,561.25 1 1
mimo-reasonix/internal/config/credentials.go:561.25,563.4 1 1
mimo-reasonix/internal/config/credentials.go:564.3,564.18 1 0
mimo-reasonix/internal/config/credentials.go:566.2,567.16 2 1
mimo-reasonix/internal/config/credentials.go:567.16,569.3 1 0
mimo-reasonix/internal/config/credentials.go:570.2,570.39 1 1
mimo-reasonix/internal/config/credentials.go:573.66,574.35 1 1
mimo-reasonix/internal/config/credentials.go:574.35,576.3 1 0
mimo-reasonix/internal/config/credentials.go:577.2,578.20 2 1
mimo-reasonix/internal/config/credentials.go:578.20,580.3 1 1
mimo-reasonix/internal/config/credentials.go:581.2,582.29 2 1
mimo-reasonix/internal/config/credentials.go:582.29,583.49 1 1
mimo-reasonix/internal/config/credentials.go:583.49,585.4 1 0
mimo-reasonix/internal/config/credentials.go:587.2,588.16 2 1
mimo-reasonix/internal/config/credentials.go:588.16,590.3 1 0
mimo-reasonix/internal/config/credentials.go:591.2,592.48 2 1
mimo-reasonix/internal/config/credentials.go:592.48,596.3 3 0
mimo-reasonix/internal/config/credentials.go:597.2,597.36 1 1
mimo-reasonix/internal/config/credentials.go:597.36,600.3 2 0
mimo-reasonix/internal/config/credentials.go:601.2,601.49 1 1
mimo-reasonix/internal/config/credentials.go:601.49,604.3 2 0
mimo-reasonix/internal/config/credentials.go:605.2,605.60 1 1
mimo-reasonix/internal/config/credentials.go:605.60,608.3 2 0
mimo-reasonix/internal/config/credentials.go:609.2,609.12 1 1
mimo-reasonix/internal/config/credentials.go:612.52,614.54 2 1
mimo-reasonix/internal/config/credentials.go:614.54,616.3 1 0
mimo-reasonix/internal/config/credentials.go:617.2,619.40 3 1
mimo-reasonix/internal/config/credentials.go:622.59,624.58 2 1
mimo-reasonix/internal/config/credentials.go:624.58,626.3 1 1
mimo-reasonix/internal/config/credentials.go:627.2,628.34 2 1
mimo-reasonix/internal/config/credentials.go:631.39,632.15 1 1
mimo-reasonix/internal/config/credentials.go:632.15,634.3 1 0
mimo-reasonix/internal/config/credentials.go:635.2,635.24 1 1
mimo-reasonix/internal/config/credentials.go:635.24,636.96 1 1
mimo-reasonix/internal/config/credentials.go:636.96,637.12 1 1
mimo-reasonix/internal/config/credentials.go:639.3,639.15 1 1
mimo-reasonix/internal/config/credentials.go:641.2,641.13 1 1
mimo-reasonix/internal/config/credentials.go:644.45,645.35 1 1
mimo-reasonix/internal/config/credentials.go:645.35,647.3 1 0
mimo-reasonix/internal/config/credentials.go:648.2,649.45 2 1
mimo-reasonix/internal/config/credentials.go:652.50,653.35 1 1
mimo-reasonix/internal/config/credentials.go:653.35,655.3 1 0
mimo-reasonix/internal/config/credentials.go:656.2,657.16 2 1
mimo-reasonix/internal/config/credentials.go:657.16,659.3 1 0
mimo-reasonix/internal/config/credentials.go:660.2,660.29 1 1
mimo-reasonix/internal/config/credentials.go:660.29,661.62 1 1
mimo-reasonix/internal/config/credentials.go:661.62,663.4 1 1
mimo-reasonix/internal/config/credentials.go:665.2,665.14 1 1
mimo-reasonix/internal/config/credentials_keyring_unix.go:11.62,13.15 2 1
mimo-reasonix/internal/config/credentials_keyring_unix.go:13.15,15.3 1 0
mimo-reasonix/internal/config/credentials_keyring_unix.go:17.2,18.16 2 1
mimo-reasonix/internal/config/credentials_keyring_unix.go:18.16,20.3 1 0
mimo-reasonix/internal/config/credentials_keyring_unix.go:21.2,28.54 4 1
mimo-reasonix/internal/config/credentials_keyring_unix.go:28.54,30.3 1 0
mimo-reasonix/internal/config/credentials_keyring_unix.go:31.2,32.37 2 1
mimo-reasonix/internal/config/credentials_keyring_unix.go:32.37,34.3 1 1
mimo-reasonix/internal/config/credentials_keyring_unix.go:36.2,37.16 2 0
mimo-reasonix/internal/config/credentials_keyring_unix.go:37.16,39.3 1 0
mimo-reasonix/internal/config/credentials_keyring_unix.go:40.2,42.47 2 0
mimo-reasonix/internal/config/credentials_keyring_unix.go:42.47,44.3 1 0
mimo-reasonix/internal/config/credentials_keyring_unix.go:45.2,46.59 2 0
mimo-reasonix/internal/config/credentials_keyring_unix.go:46.59,48.3 1 0
mimo-reasonix/internal/config/credentials_keyring_unix.go:49.2,49.35 1 0
mimo-reasonix/internal/config/dotenv.go:13.19,15.2 1 1
mimo-reasonix/internal/config/dotenv.go:23.55,27.2 3 1
mimo-reasonix/internal/config/dotenv.go:29.67,32.17 3 1
mimo-reasonix/internal/config/dotenv.go:32.17,34.3 1 1
mimo-reasonix/internal/config/dotenv.go:35.2,35.80 1 1
mimo-reasonix/internal/config/dotenv.go:35.80,37.3 1 0
mimo-reasonix/internal/config/dotenv.go:38.2,38.55 1 1
mimo-reasonix/internal/config/dotenv.go:38.55,40.3 1 1
mimo-reasonix/internal/config/dotenv.go:43.49,45.15 2 1
mimo-reasonix/internal/config/dotenv.go:45.15,47.3 1 0
mimo-reasonix/internal/config/dotenv.go:48.2,49.43 2 1
mimo-reasonix/internal/config/dotenv.go:49.43,51.3 1 1
mimo-reasonix/internal/config/dotenv.go:52.2,52.15 1 1
mimo-reasonix/internal/config/dotenv.go:53.95,54.14 1 0
mimo-reasonix/internal/config/dotenv.go:55.10,56.15 1 1
mimo-reasonix/internal/config/dotenv.go:60.40,64.27 4 1
mimo-reasonix/internal/config/dotenv.go:64.27,65.17 1 1
mimo-reasonix/internal/config/dotenv.go:65.17,67.4 1 0
mimo-reasonix/internal/config/dotenv.go:68.3,69.47 2 1
mimo-reasonix/internal/config/dotenv.go:69.47,71.4 1 0
mimo-reasonix/internal/config/dotenv.go:72.3,72.17 1 1
mimo-reasonix/internal/config/dotenv.go:72.17,74.4 1 1
mimo-reasonix/internal/config/dotenv.go:75.3,76.30 2 1
mimo-reasonix/internal/config/dotenv.go:78.2,78.44 1 1
mimo-reasonix/internal/config/dotenv.go:78.44,80.3 1 1
mimo-reasonix/internal/config/dotenv.go:81.2,81.40 1 1
mimo-reasonix/internal/config/dotenv.go:81.40,83.3 1 1
mimo-reasonix/internal/config/dotenv.go:84.2,84.45 1 1
mimo-reasonix/internal/config/dotenv.go:84.45,86.3 1 1
mimo-reasonix/internal/config/dotenv.go:87.2,87.14 1 1
mimo-reasonix/internal/config/dotenv.go:90.61,92.16 2 1
mimo-reasonix/internal/config/dotenv.go:92.16,94.3 1 1
mimo-reasonix/internal/config/dotenv.go:95.2,98.16 3 1
mimo-reasonix/internal/config/dotenv.go:98.16,100.49 2 1
mimo-reasonix/internal/config/dotenv.go:100.49,101.12 1 0
mimo-reasonix/internal/config/dotenv.go:103.3,105.10 3 1
mimo-reasonix/internal/config/dotenv.go:105.10,106.12 1 0
mimo-reasonix/internal/config/dotenv.go:108.3,110.16 3 1
mimo-reasonix/internal/config/dotenv.go:110.16,111.12 1 0
mimo-reasonix/internal/config/dotenv.go:113.3,113.91 1 1
mimo-reasonix/internal/config/dotenv.go:113.91,115.12 2 0
mimo-reasonix/internal/config/dotenv.go:117.3,117.66 1 1
mimo-reasonix/internal/config/dotenv.go:117.66,120.4 2 1
mimo-reasonix/internal/config/dotenv.go:124.80,126.16 2 1
mimo-reasonix/internal/config/dotenv.go:126.16,128.3 1 1
mimo-reasonix/internal/config/dotenv.go:129.2,133.16 4 1
mimo-reasonix/internal/config/dotenv.go:133.16,135.49 2 1
mimo-reasonix/internal/config/dotenv.go:135.49,136.12 1 0
mimo-reasonix/internal/config/dotenv.go:138.3,140.10 3 1
mimo-reasonix/internal/config/dotenv.go:140.10,141.12 1 0
mimo-reasonix/internal/config/dotenv.go:143.3,144.47 2 1
mimo-reasonix/internal/config/dotenv.go:144.47,145.12 1 1
mimo-reasonix/internal/config/dotenv.go:147.3,147.56 1 1
mimo-reasonix/internal/config/dotenv.go:149.2,149.19 1 1
mimo-reasonix/internal/config/dotenv.go:149.19,151.3 1 0
mimo-reasonix/internal/config/dotenv.go:152.2,152.12 1 1
mimo-reasonix/internal/config/dotenv.go:155.56,157.16 2 1
mimo-reasonix/internal/config/dotenv.go:157.16,159.3 1 1
mimo-reasonix/internal/config/dotenv.go:160.2,163.16 3 1
mimo-reasonix/internal/config/dotenv.go:163.16,165.49 2 1
mimo-reasonix/internal/config/dotenv.go:165.49,166.12 1 1
mimo-reasonix/internal/config/dotenv.go:168.3,170.10 3 1
mimo-reasonix/internal/config/dotenv.go:170.10,171.12 1 1
mimo-reasonix/internal/config/dotenv.go:173.3,174.21 2 1
mimo-reasonix/internal/config/dotenv.go:174.21,175.12 1 1
mimo-reasonix/internal/config/dotenv.go:177.3,178.19 2 1
mimo-reasonix/internal/config/dotenv.go:180.2,180.18 1 1
mimo-reasonix/internal/config/edit.go:39.53,41.16 2 1
mimo-reasonix/internal/config/edit.go:41.16,43.3 1 1
mimo-reasonix/internal/config/edit.go:44.2,44.40 1 1
mimo-reasonix/internal/config/edit.go:44.40,46.3 1 1
mimo-reasonix/internal/config/edit.go:47.2,48.12 2 1
mimo-reasonix/internal/config/edit.go:53.53,54.16 1 1
mimo-reasonix/internal/config/edit.go:54.16,57.3 2 1
mimo-reasonix/internal/config/edit.go:58.2,58.36 1 1
mimo-reasonix/internal/config/edit.go:58.36,60.3 1 1
mimo-reasonix/internal/config/edit.go:61.2,62.12 2 1
mimo-reasonix/internal/config/edit.go:68.49,69.50 1 1
mimo-reasonix/internal/config/edit.go:70.13,71.27 1 1
mimo-reasonix/internal/config/edit.go:72.19,73.26 1 1
mimo-reasonix/internal/config/edit.go:74.10,75.58 1 1
mimo-reasonix/internal/config/edit.go:77.2,77.12 1 1
mimo-reasonix/internal/config/edit.go:82.71,83.50 1 1
mimo-reasonix/internal/config/edit.go:84.13,85.44 1 1
mimo-reasonix/internal/config/edit.go:86.14,87.45 1 1
mimo-reasonix/internal/config/edit.go:88.47,89.45 1 1
mimo-reasonix/internal/config/edit.go:90.10,91.82 1 1
mimo-reasonix/internal/config/edit.go:93.2,93.12 1 1
mimo-reasonix/internal/config/edit.go:97.63,100.2 2 1
mimo-reasonix/internal/config/edit.go:104.59,105.52 1 1
mimo-reasonix/internal/config/edit.go:106.49,107.34 1 1
mimo-reasonix/internal/config/edit.go:108.51,109.34 1 1
mimo-reasonix/internal/config/edit.go:110.10,111.75 1 1
mimo-reasonix/internal/config/edit.go:113.2,113.12 1 1
mimo-reasonix/internal/config/edit.go:120.56,122.44 2 1
mimo-reasonix/internal/config/edit.go:122.44,124.3 1 1
mimo-reasonix/internal/config/edit.go:125.2,125.29 1 1
mimo-reasonix/internal/config/edit.go:125.29,126.36 1 1
mimo-reasonix/internal/config/edit.go:126.36,129.4 2 1
mimo-reasonix/internal/config/edit.go:131.2,132.12 2 1
mimo-reasonix/internal/config/edit.go:136.63,137.29 1 1
mimo-reasonix/internal/config/edit.go:137.29,138.34 1 1
mimo-reasonix/internal/config/edit.go:138.34,141.4 2 1
mimo-reasonix/internal/config/edit.go:143.2,143.64 1 1
mimo-reasonix/internal/config/edit.go:147.49,148.50 1 1
mimo-reasonix/internal/config/edit.go:149.18,150.18 1 1
mimo-reasonix/internal/config/edit.go:151.12,152.20 1 0
mimo-reasonix/internal/config/edit.go:153.12,154.20 1 1
mimo-reasonix/internal/config/edit.go:155.10,156.61 1 0
mimo-reasonix/internal/config/edit.go:158.2,159.12 2 1
mimo-reasonix/internal/config/edit.go:164.58,165.50 1 1
mimo-reasonix/internal/config/edit.go:166.120,167.33 1 1
mimo-reasonix/internal/config/edit.go:168.39,169.35 1 1
mimo-reasonix/internal/config/edit.go:170.23,171.35 1 0
mimo-reasonix/internal/config/edit.go:172.10,173.71 1 1
mimo-reasonix/internal/config/edit.go:175.2,175.12 1 1
mimo-reasonix/internal/config/edit.go:180.56,181.50 1 1
mimo-reasonix/internal/config/edit.go:182.18,183.26 1 0
mimo-reasonix/internal/config/edit.go:184.12,185.28 1 1
mimo-reasonix/internal/config/edit.go:186.12,187.28 1 1
mimo-reasonix/internal/config/edit.go:188.10,189.69 1 0
mimo-reasonix/internal/config/edit.go:191.2,192.12 2 1
mimo-reasonix/internal/config/edit.go:197.66,198.51 1 1
mimo-reasonix/internal/config/edit.go:199.14,200.27 1 0
mimo-reasonix/internal/config/edit.go:201.15,202.28 1 0
mimo-reasonix/internal/config/edit.go:203.18,204.27 1 1
mimo-reasonix/internal/config/edit.go:205.10,206.72 1 0
mimo-reasonix/internal/config/edit.go:208.2,208.36 1 1
mimo-reasonix/internal/config/edit.go:208.36,211.3 2 0
mimo-reasonix/internal/config/edit.go:212.2,213.22 2 1
mimo-reasonix/internal/config/edit.go:213.22,215.3 1 0
mimo-reasonix/internal/config/edit.go:216.2,217.12 2 1
mimo-reasonix/internal/config/edit.go:222.60,223.51 1 1
mimo-reasonix/internal/config/edit.go:224.21,225.36 1 1
mimo-reasonix/internal/config/edit.go:226.32,227.38 1 1
mimo-reasonix/internal/config/edit.go:228.18,229.37 1 1
mimo-reasonix/internal/config/edit.go:230.10,231.90 1 1
mimo-reasonix/internal/config/edit.go:233.2,233.12 1 1
mimo-reasonix/internal/config/edit.go:239.61,240.50 1 1
mimo-reasonix/internal/config/edit.go:241.22,242.35 1 1
mimo-reasonix/internal/config/edit.go:243.32,244.41 1 1
mimo-reasonix/internal/config/edit.go:245.10,246.72 1 1
mimo-reasonix/internal/config/edit.go:248.2,248.12 1 1
mimo-reasonix/internal/config/edit.go:252.59,253.50 1 1
mimo-reasonix/internal/config/edit.go:254.28,255.36 1 1
mimo-reasonix/internal/config/edit.go:256.22,257.37 1 0
mimo-reasonix/internal/config/edit.go:258.10,259.71 1 0
mimo-reasonix/internal/config/edit.go:261.2,261.12 1 1
mimo-reasonix/internal/config/edit.go:266.63,267.51 1 1
mimo-reasonix/internal/config/edit.go:268.23,269.36 1 1
mimo-reasonix/internal/config/edit.go:270.37,271.36 1 1
mimo-reasonix/internal/config/edit.go:272.10,273.69 1 1
mimo-reasonix/internal/config/edit.go:275.2,275.12 1 1
mimo-reasonix/internal/config/edit.go:280.65,283.28 3 1
mimo-reasonix/internal/config/edit.go:283.28,285.27 2 1
mimo-reasonix/internal/config/edit.go:285.27,286.12 1 1
mimo-reasonix/internal/config/edit.go:288.3,288.38 1 1
mimo-reasonix/internal/config/edit.go:288.38,290.4 1 1
mimo-reasonix/internal/config/edit.go:291.3,292.18 2 1
mimo-reasonix/internal/config/edit.go:294.2,294.19 1 1
mimo-reasonix/internal/config/edit.go:294.19,296.3 1 1
mimo-reasonix/internal/config/edit.go:297.2,298.12 2 1
mimo-reasonix/internal/config/edit.go:303.61,306.2 2 0
mimo-reasonix/internal/config/edit.go:309.57,312.2 2 0
mimo-reasonix/internal/config/edit.go:315.58,318.2 2 0
mimo-reasonix/internal/config/edit.go:321.56,324.2 2 0
mimo-reasonix/internal/config/edit.go:327.56,329.2 1 1
mimo-reasonix/internal/config/edit.go:334.51,337.2 2 0
mimo-reasonix/internal/config/edit.go:343.50,346.2 2 0
mimo-reasonix/internal/config/edit.go:349.67,350.29 1 0
mimo-reasonix/internal/config/edit.go:350.29,351.34 1 0
mimo-reasonix/internal/config/edit.go:351.34,354.4 2 0
mimo-reasonix/internal/config/edit.go:356.2,356.66 1 0
mimo-reasonix/internal/config/edit.go:362.52,371.2 8 1
mimo-reasonix/internal/config/edit.go:375.47,378.29 3 1
mimo-reasonix/internal/config/edit.go:378.29,380.3 1 1
mimo-reasonix/internal/config/edit.go:381.2,381.17 1 1
mimo-reasonix/internal/config/edit.go:381.17,383.3 1 1
mimo-reasonix/internal/config/edit.go:384.2,385.27 2 1
mimo-reasonix/internal/config/edit.go:388.65,389.34 1 1
mimo-reasonix/internal/config/edit.go:389.34,391.3 1 1
mimo-reasonix/internal/config/edit.go:392.2,392.38 1 1
mimo-reasonix/internal/config/edit.go:392.38,394.3 1 1
mimo-reasonix/internal/config/edit.go:395.2,395.14 1 1
mimo-reasonix/internal/config/edit.go:402.52,405.29 3 1
mimo-reasonix/internal/config/edit.go:405.29,406.34 1 1
mimo-reasonix/internal/config/edit.go:406.34,408.9 2 1
mimo-reasonix/internal/config/edit.go:411.2,411.13 1 1
mimo-reasonix/internal/config/edit.go:411.13,413.3 1 1
mimo-reasonix/internal/config/edit.go:415.2,419.49 5 1
mimo-reasonix/internal/config/edit.go:419.49,420.43 1 1
mimo-reasonix/internal/config/edit.go:420.43,422.4 1 1
mimo-reasonix/internal/config/edit.go:425.2,426.110 2 1
mimo-reasonix/internal/config/edit.go:426.110,428.3 1 1
mimo-reasonix/internal/config/edit.go:429.2,429.43 1 1
mimo-reasonix/internal/config/edit.go:429.43,431.3 1 1
mimo-reasonix/internal/config/edit.go:433.2,435.25 2 1
mimo-reasonix/internal/config/edit.go:435.25,437.3 1 1
mimo-reasonix/internal/config/edit.go:438.2,438.25 1 1
mimo-reasonix/internal/config/edit.go:438.25,440.3 1 1
mimo-reasonix/internal/config/edit.go:441.2,441.26 1 1
mimo-reasonix/internal/config/edit.go:441.26,443.3 1 1
mimo-reasonix/internal/config/edit.go:444.2,444.47 1 1
mimo-reasonix/internal/config/edit.go:444.47,445.21 1 1
mimo-reasonix/internal/config/edit.go:445.21,447.4 1 1
mimo-reasonix/internal/config/edit.go:447.9,449.4 1 1
mimo-reasonix/internal/config/edit.go:451.2,451.12 1 1
mimo-reasonix/internal/config/edit.go:454.62,455.29 1 1
mimo-reasonix/internal/config/edit.go:455.29,457.67 2 1
mimo-reasonix/internal/config/edit.go:457.67,458.12 1 1
mimo-reasonix/internal/config/edit.go:460.3,460.16 1 1
mimo-reasonix/internal/config/edit.go:462.2,462.11 1 1
mimo-reasonix/internal/config/edit.go:466.46,467.9 1 1
mimo-reasonix/internal/config/edit.go:468.39,469.50 1 1
mimo-reasonix/internal/config/edit.go:470.39,471.61 1 1
mimo-reasonix/internal/config/edit.go:472.42,473.65 1 1
mimo-reasonix/internal/config/edit.go:474.31,475.62 1 1
mimo-reasonix/internal/config/edit.go:477.2,477.12 1 1
mimo-reasonix/internal/config/edit.go:480.48,481.38 1 1
mimo-reasonix/internal/config/edit.go:481.38,483.3 1 1
mimo-reasonix/internal/config/edit.go:484.2,484.29 1 1
mimo-reasonix/internal/config/edit.go:484.29,485.33 1 1
mimo-reasonix/internal/config/edit.go:485.33,487.4 1 1
mimo-reasonix/internal/config/edit.go:489.2,489.14 1 1
mimo-reasonix/internal/config/edit.go:495.55,496.50 1 1
mimo-reasonix/internal/config/edit.go:497.30,499.13 2 1
mimo-reasonix/internal/config/edit.go:500.10,501.72 1 1
mimo-reasonix/internal/config/edit.go:508.61,510.16 2 1
mimo-reasonix/internal/config/edit.go:510.16,512.3 1 1
mimo-reasonix/internal/config/edit.go:513.2,514.46 2 1
mimo-reasonix/internal/config/edit.go:514.46,516.3 1 1
mimo-reasonix/internal/config/edit.go:517.2,517.35 1 1
mimo-reasonix/internal/config/edit.go:517.35,518.23 1 1
mimo-reasonix/internal/config/edit.go:518.23,520.4 1 1
mimo-reasonix/internal/config/edit.go:522.2,523.12 2 1
mimo-reasonix/internal/config/edit.go:528.72,530.16 2 1
mimo-reasonix/internal/config/edit.go:530.16,532.3 1 0
mimo-reasonix/internal/config/edit.go:533.2,534.35 2 1
mimo-reasonix/internal/config/edit.go:534.35,535.23 1 1
mimo-reasonix/internal/config/edit.go:535.23,538.4 2 1
mimo-reasonix/internal/config/edit.go:540.2,540.19 1 1
mimo-reasonix/internal/config/edit.go:545.59,546.50 1 1
mimo-reasonix/internal/config/edit.go:547.17,548.35 1 1
mimo-reasonix/internal/config/edit.go:549.15,550.33 1 0
mimo-reasonix/internal/config/edit.go:551.16,552.34 1 1
mimo-reasonix/internal/config/edit.go:553.10,554.83 1 1
mimo-reasonix/internal/config/edit.go:560.50,562.16 2 1
mimo-reasonix/internal/config/edit.go:562.16,564.3 1 1
mimo-reasonix/internal/config/edit.go:565.2,567.42 3 1
mimo-reasonix/internal/config/edit.go:567.42,568.43 1 1
mimo-reasonix/internal/config/edit.go:568.43,570.4 1 1
mimo-reasonix/internal/config/edit.go:572.2,573.12 2 1
mimo-reasonix/internal/config/edit.go:578.61,580.16 2 1
mimo-reasonix/internal/config/edit.go:580.16,582.3 1 0
mimo-reasonix/internal/config/edit.go:583.2,584.42 2 1
mimo-reasonix/internal/config/edit.go:584.42,585.43 1 1
mimo-reasonix/internal/config/edit.go:585.43,588.4 2 1
mimo-reasonix/internal/config/edit.go:590.2,590.19 1 1
mimo-reasonix/internal/config/edit.go:594.54,596.16 2 1
mimo-reasonix/internal/config/edit.go:596.16,598.3 1 1
mimo-reasonix/internal/config/edit.go:599.2,600.16 2 1
mimo-reasonix/internal/config/edit.go:600.16,602.3 1 0
mimo-reasonix/internal/config/edit.go:603.2,604.12 2 1
mimo-reasonix/internal/config/edit.go:609.54,611.16 2 1
mimo-reasonix/internal/config/edit.go:611.16,613.3 1 1
mimo-reasonix/internal/config/edit.go:614.2,615.16 2 1
mimo-reasonix/internal/config/edit.go:615.16,617.3 1 0
mimo-reasonix/internal/config/edit.go:618.2,618.50 1 1
mimo-reasonix/internal/config/edit.go:618.50,619.43 1 1
mimo-reasonix/internal/config/edit.go:619.43,621.4 1 1
mimo-reasonix/internal/config/edit.go:623.2,624.12 2 1
mimo-reasonix/internal/config/edit.go:627.55,629.50 2 1
mimo-reasonix/internal/config/edit.go:629.50,630.43 1 1
mimo-reasonix/internal/config/edit.go:630.43,632.4 1 0
mimo-reasonix/internal/config/edit.go:634.2,634.31 1 1
mimo-reasonix/internal/config/edit.go:639.67,642.15 3 1
mimo-reasonix/internal/config/edit.go:642.15,644.3 1 1
mimo-reasonix/internal/config/edit.go:645.2,647.32 3 1
mimo-reasonix/internal/config/edit.go:647.32,648.36 1 1
mimo-reasonix/internal/config/edit.go:648.36,650.9 2 1
mimo-reasonix/internal/config/edit.go:653.2,653.13 1 1
mimo-reasonix/internal/config/edit.go:653.13,654.15 1 1
mimo-reasonix/internal/config/edit.go:654.15,656.4 1 1
mimo-reasonix/internal/config/edit.go:657.3,658.13 2 1
mimo-reasonix/internal/config/edit.go:660.2,660.13 1 1
mimo-reasonix/internal/config/edit.go:660.13,662.3 1 1
mimo-reasonix/internal/config/edit.go:663.2,664.12 2 1
mimo-reasonix/internal/config/edit.go:670.45,672.68 2 1
mimo-reasonix/internal/config/edit.go:672.68,673.48 1 0
mimo-reasonix/internal/config/edit.go:673.48,675.4 1 0
mimo-reasonix/internal/config/edit.go:676.8,676.24 1 1
mimo-reasonix/internal/config/edit.go:676.24,677.48 1 0
mimo-reasonix/internal/config/edit.go:677.48,679.4 1 0
mimo-reasonix/internal/config/edit.go:681.2,681.48 1 1
mimo-reasonix/internal/config/edit.go:681.48,683.3 1 1
mimo-reasonix/internal/config/edit.go:684.2,685.31 2 1
mimo-reasonix/internal/config/edit.go:685.31,687.3 1 0
mimo-reasonix/internal/config/edit.go:688.2,688.13 1 1
mimo-reasonix/internal/config/edit.go:694.52,696.42 2 1
mimo-reasonix/internal/config/edit.go:696.42,698.3 1 1
mimo-reasonix/internal/config/edit.go:699.2,699.27 1 1
mimo-reasonix/internal/config/edit.go:699.27,700.34 1 1
mimo-reasonix/internal/config/edit.go:700.34,703.4 2 1
mimo-reasonix/internal/config/edit.go:705.2,706.12 2 1
mimo-reasonix/internal/config/edit.go:710.49,711.27 1 1
mimo-reasonix/internal/config/edit.go:711.27,712.32 1 1
mimo-reasonix/internal/config/edit.go:712.32,715.4 2 1
mimo-reasonix/internal/config/edit.go:717.2,717.14 1 1
mimo-reasonix/internal/config/edit.go:723.84,724.27 1 1
mimo-reasonix/internal/config/edit.go:724.27,725.32 1 1
mimo-reasonix/internal/config/edit.go:725.32,726.12 1 0
mimo-reasonix/internal/config/edit.go:728.3,732.36 5 1
mimo-reasonix/internal/config/edit.go:734.2,734.92 1 0
mimo-reasonix/internal/config/edit.go:739.92,742.16 3 1
mimo-reasonix/internal/config/edit.go:742.16,744.3 1 0
mimo-reasonix/internal/config/edit.go:745.2,745.20 1 1
mimo-reasonix/internal/config/edit.go:745.20,747.3 1 0
mimo-reasonix/internal/config/edit.go:748.2,748.27 1 1
mimo-reasonix/internal/config/edit.go:748.27,749.32 1 1
mimo-reasonix/internal/config/edit.go:749.32,750.12 1 0
mimo-reasonix/internal/config/edit.go:752.3,753.36 2 1
mimo-reasonix/internal/config/edit.go:753.36,754.28 1 1
mimo-reasonix/internal/config/edit.go:754.28,757.5 2 1
mimo-reasonix/internal/config/edit.go:759.3,761.33 3 1
mimo-reasonix/internal/config/edit.go:763.2,763.92 1 0
mimo-reasonix/internal/config/edit.go:772.88,773.52 1 1
mimo-reasonix/internal/config/edit.go:773.52,776.17 3 1
mimo-reasonix/internal/config/edit.go:776.17,778.4 1 0
mimo-reasonix/internal/config/edit.go:779.3,779.14 1 1
mimo-reasonix/internal/config/edit.go:779.14,780.43 1 1
mimo-reasonix/internal/config/edit.go:780.43,782.5 1 0
mimo-reasonix/internal/config/edit.go:784.3,784.37 1 1
mimo-reasonix/internal/config/edit.go:786.2,787.16 2 1
mimo-reasonix/internal/config/edit.go:787.16,789.3 1 0
mimo-reasonix/internal/config/edit.go:790.2,790.43 1 1
mimo-reasonix/internal/config/edit.go:793.47,795.2 1 1
mimo-reasonix/internal/config/edit.go:800.109,801.65 1 1
mimo-reasonix/internal/config/edit.go:801.65,804.17 3 1
mimo-reasonix/internal/config/edit.go:804.17,806.4 1 0
mimo-reasonix/internal/config/edit.go:807.3,807.14 1 1
mimo-reasonix/internal/config/edit.go:807.14,808.43 1 1
mimo-reasonix/internal/config/edit.go:808.43,810.5 1 0
mimo-reasonix/internal/config/edit.go:812.3,812.37 1 1
mimo-reasonix/internal/config/edit.go:814.2,815.52 2 1
mimo-reasonix/internal/config/edit.go:815.52,817.3 1 1
mimo-reasonix/internal/config/edit.go:818.2,819.16 2 1
mimo-reasonix/internal/config/edit.go:819.16,821.3 1 0
mimo-reasonix/internal/config/edit.go:822.2,822.39 1 1
mimo-reasonix/internal/config/edit.go:825.96,827.2 1 0
mimo-reasonix/internal/config/edit.go:829.60,831.52 2 1
mimo-reasonix/internal/config/edit.go:831.52,833.3 1 1
mimo-reasonix/internal/config/edit.go:834.2,835.29 2 1
mimo-reasonix/internal/config/edit.go:835.29,836.36 1 1
mimo-reasonix/internal/config/edit.go:836.36,837.12 1 0
mimo-reasonix/internal/config/edit.go:839.3,840.33 2 1
mimo-reasonix/internal/config/edit.go:840.33,841.22 1 1
mimo-reasonix/internal/config/edit.go:841.22,843.5 1 1
mimo-reasonix/internal/config/edit.go:846.2,846.11 1 1
mimo-reasonix/internal/config/edit.go:850.42,851.37 1 1
mimo-reasonix/internal/config/edit.go:851.37,853.3 1 0
mimo-reasonix/internal/config/edit.go:854.2,854.30 1 1
mimo-reasonix/internal/config/edit.go:854.30,856.3 1 1
mimo-reasonix/internal/config/edit.go:857.2,857.46 1 1
mimo-reasonix/internal/config/edit.go:857.46,858.36 1 1
mimo-reasonix/internal/config/edit.go:858.36,860.4 1 1
mimo-reasonix/internal/config/edit.go:861.3,861.14 1 1
mimo-reasonix/internal/config/edit.go:861.14,863.4 1 1
mimo-reasonix/internal/config/edit.go:865.2,865.52 1 1
mimo-reasonix/internal/config/edit.go:866.19,867.41 1 1
mimo-reasonix/internal/config/edit.go:867.41,869.4 1 1
mimo-reasonix/internal/config/edit.go:870.40,871.37 1 1
mimo-reasonix/internal/config/edit.go:871.37,873.4 1 1
mimo-reasonix/internal/config/edit.go:874.10,875.88 1 1
mimo-reasonix/internal/config/edit.go:877.2,877.12 1 1
mimo-reasonix/internal/config/edit.go:889.44,891.33 2 1
mimo-reasonix/internal/config/edit.go:891.33,893.3 1 1
mimo-reasonix/internal/config/edit.go:894.2,894.35 1 1
mimo-reasonix/internal/config/edit.go:897.68,898.35 1 1
mimo-reasonix/internal/config/edit.go:898.35,900.3 1 0
mimo-reasonix/internal/config/edit.go:901.2,901.60 1 1
mimo-reasonix/internal/config/edit.go:906.60,907.35 1 1
mimo-reasonix/internal/config/edit.go:907.35,909.3 1 0
mimo-reasonix/internal/config/edit.go:911.2,912.16 2 1
mimo-reasonix/internal/config/edit.go:912.16,913.26 1 1
mimo-reasonix/internal/config/edit.go:913.26,915.4 1 0
mimo-reasonix/internal/config/edit.go:916.3,916.12 1 1
mimo-reasonix/internal/config/edit.go:919.2,922.11 3 1
mimo-reasonix/internal/config/edit.go:922.11,924.3 1 1
mimo-reasonix/internal/config/edit.go:926.2,927.104 2 1
mimo-reasonix/internal/config/edit.go:927.104,929.3 1 1
mimo-reasonix/internal/config/edit.go:930.2,931.54 2 1
mimo-reasonix/internal/config/edit.go:931.54,933.3 1 0
mimo-reasonix/internal/config/edit.go:936.2,936.36 1 1
mimo-reasonix/internal/config/edit.go:936.36,938.3 1 1
mimo-reasonix/internal/config/edit.go:939.2,939.19 1 1
mimo-reasonix/internal/config/edit.go:939.19,941.3 1 1
mimo-reasonix/internal/config/edit.go:942.2,942.36 1 1
mimo-reasonix/internal/config/edit.go:949.48,962.18 8 1
mimo-reasonix/internal/config/edit.go:962.18,963.20 1 1
mimo-reasonix/internal/config/edit.go:963.20,965.4 1 1
mimo-reasonix/internal/config/edit.go:966.3,967.120 2 1
mimo-reasonix/internal/config/edit.go:967.120,969.4 1 1
mimo-reasonix/internal/config/edit.go:969.9,971.4 1 1
mimo-reasonix/internal/config/edit.go:972.3,972.17 1 1
mimo-reasonix/internal/config/edit.go:975.2,975.29 1 1
mimo-reasonix/internal/config/edit.go:975.29,976.59 1 1
mimo-reasonix/internal/config/edit.go:976.59,981.12 5 1
mimo-reasonix/internal/config/edit.go:983.3,983.20 1 1
mimo-reasonix/internal/config/edit.go:983.20,985.12 2 1
mimo-reasonix/internal/config/edit.go:987.3,987.36 1 1
mimo-reasonix/internal/config/edit.go:987.36,989.4 1 1
mimo-reasonix/internal/config/edit.go:991.2,993.60 2 1
mimo-reasonix/internal/config/edit.go:993.60,995.3 1 1
mimo-reasonix/internal/config/edit.go:996.2,996.29 1 1
mimo-reasonix/internal/config/edit.go:996.29,998.3 1 1
mimo-reasonix/internal/config/edit.go:999.2,999.13 1 1
mimo-reasonix/internal/config/edit.go:1002.58,1003.51 1 1
mimo-reasonix/internal/config/edit.go:1003.51,1005.17 2 1
mimo-reasonix/internal/config/edit.go:1005.17,1006.12 1 1
mimo-reasonix/internal/config/edit.go:1008.3,1009.10 2 1
mimo-reasonix/internal/config/edit.go:1009.10,1010.12 1 0
mimo-reasonix/internal/config/edit.go:1012.3,1012.56 1 1
mimo-reasonix/internal/config/edit.go:1014.2,1014.13 1 1
mimo-reasonix/internal/config/edit.go:1019.77,1021.55 2 0
mimo-reasonix/internal/config/edit.go:1021.55,1023.3 1 0
mimo-reasonix/internal/config/edit.go:1024.2,1030.61 2 0
mimo-reasonix/internal/config/edit.go:1033.47,1034.35 1 1
mimo-reasonix/internal/config/edit.go:1034.35,1036.3 1 0
mimo-reasonix/internal/config/edit.go:1037.2,1037.75 1 1
mimo-reasonix/internal/config/edit.go:1040.46,1041.28 1 1
mimo-reasonix/internal/config/edit.go:1041.28,1043.3 1 1
mimo-reasonix/internal/config/edit.go:1044.2,1044.14 1 1
mimo-reasonix/internal/config/edit.go:1050.65,1051.35 1 0
mimo-reasonix/internal/config/edit.go:1051.35,1053.3 1 0
mimo-reasonix/internal/config/edit.go:1055.2,1056.16 2 0
mimo-reasonix/internal/config/edit.go:1056.16,1057.26 1 0
mimo-reasonix/internal/config/edit.go:1057.26,1059.4 1 0
mimo-reasonix/internal/config/edit.go:1060.3,1060.12 1 0
mimo-reasonix/internal/config/edit.go:1063.2,1066.16 3 0
mimo-reasonix/internal/config/edit.go:1066.16,1068.3 1 0
mimo-reasonix/internal/config/edit.go:1070.2,1071.36 2 0
mimo-reasonix/internal/config/edit.go:1078.70,1081.29 3 1
mimo-reasonix/internal/config/edit.go:1081.29,1083.43 2 1
mimo-reasonix/internal/config/edit.go:1083.43,1085.9 2 1
mimo-reasonix/internal/config/edit.go:1088.2,1088.19 1 1
mimo-reasonix/internal/config/edit.go:1088.19,1091.46 3 1
mimo-reasonix/internal/config/edit.go:1091.46,1093.11 2 1
mimo-reasonix/internal/config/edit.go:1093.11,1094.13 1 1
mimo-reasonix/internal/config/edit.go:1096.4,1096.84 1 1
mimo-reasonix/internal/config/edit.go:1096.84,1097.13 1 1
mimo-reasonix/internal/config/edit.go:1099.4,1100.9 2 1
mimo-reasonix/internal/config/edit.go:1102.3,1102.80 1 1
mimo-reasonix/internal/config/edit.go:1105.2,1105.29 1 1
mimo-reasonix/internal/config/edit.go:1105.29,1107.44 2 1
mimo-reasonix/internal/config/edit.go:1107.44,1108.12 1 1
mimo-reasonix/internal/config/edit.go:1110.3,1111.30 2 1
mimo-reasonix/internal/config/edit.go:1111.30,1112.32 1 1
mimo-reasonix/internal/config/edit.go:1112.32,1113.13 1 1
mimo-reasonix/internal/config/edit.go:1115.4,1115.56 1 1
mimo-reasonix/internal/config/edit.go:1115.56,1117.10 2 1
mimo-reasonix/internal/config/edit.go:1120.3,1120.53 1 1
mimo-reasonix/internal/config/edit.go:1122.2,1122.60 1 1
mimo-reasonix/internal/config/edit.go:1125.57,1127.29 2 1
mimo-reasonix/internal/config/edit.go:1127.29,1129.33 2 1
mimo-reasonix/internal/config/edit.go:1129.33,1130.12 1 1
mimo-reasonix/internal/config/edit.go:1132.3,1133.39 2 1
mimo-reasonix/internal/config/edit.go:1133.39,1135.11 2 1
mimo-reasonix/internal/config/edit.go:1135.11,1136.13 1 1
mimo-reasonix/internal/config/edit.go:1138.4,1138.107 1 0
mimo-reasonix/internal/config/edit.go:1138.107,1139.13 1 0
mimo-reasonix/internal/config/edit.go:1141.4,1142.9 2 0
mimo-reasonix/internal/config/edit.go:1144.3,1144.72 1 1
mimo-reasonix/internal/config/edit.go:1146.2,1146.13 1 0
mimo-reasonix/internal/config/edit.go:1155.48,1156.16 1 1
mimo-reasonix/internal/config/edit.go:1156.16,1158.3 1 1
mimo-reasonix/internal/config/edit.go:1159.2,1160.37 2 1
mimo-reasonix/internal/config/edit.go:1160.37,1162.61 2 1
mimo-reasonix/internal/config/edit.go:1162.61,1164.4 1 1
mimo-reasonix/internal/config/edit.go:1165.3,1166.14 2 1
mimo-reasonix/internal/config/edit.go:1168.2,1168.14 1 1
mimo-reasonix/internal/config/edit.go:1171.62,1173.54 2 1
mimo-reasonix/internal/config/edit.go:1173.54,1175.3 1 1
mimo-reasonix/internal/config/edit.go:1176.2,1176.52 1 1
mimo-reasonix/internal/config/edit.go:1176.52,1178.3 1 1
mimo-reasonix/internal/config/edit.go:1179.2,1179.74 1 1
mimo-reasonix/internal/config/edit.go:1179.74,1182.3 2 1
mimo-reasonix/internal/config/edit.go:1183.2,1183.72 1 1
mimo-reasonix/internal/config/edit.go:1183.72,1186.3 2 1
mimo-reasonix/internal/config/edit.go:1187.2,1187.25 1 1
mimo-reasonix/internal/config/edit.go:1190.65,1193.29 3 1
mimo-reasonix/internal/config/edit.go:1193.29,1194.55 1 1
mimo-reasonix/internal/config/edit.go:1194.55,1196.9 2 1
mimo-reasonix/internal/config/edit.go:1198.3,1198.62 1 1
mimo-reasonix/internal/config/edit.go:1198.62,1200.4 1 1
mimo-reasonix/internal/config/edit.go:1202.2,1202.52 1 1
mimo-reasonix/internal/config/edit.go:1205.50,1207.54 2 1
mimo-reasonix/internal/config/edit.go:1207.54,1209.3 1 1
mimo-reasonix/internal/config/edit.go:1210.2,1210.52 1 1
mimo-reasonix/internal/config/edit.go:1210.52,1212.3 1 1
mimo-reasonix/internal/config/edit.go:1213.2,1214.9 2 1
mimo-reasonix/internal/config/edit.go:1214.9,1216.3 1 0
mimo-reasonix/internal/config/edit.go:1217.2,1218.45 2 1
mimo-reasonix/internal/config/edit.go:1218.45,1220.3 1 0
mimo-reasonix/internal/config/edit.go:1221.2,1221.18 1 1
mimo-reasonix/internal/config/edit.go:1224.52,1225.43 1 1
mimo-reasonix/internal/config/edit.go:1225.43,1226.55 1 1
mimo-reasonix/internal/config/edit.go:1226.55,1228.4 1 1
mimo-reasonix/internal/config/edit.go:1229.3,1229.62 1 1
mimo-reasonix/internal/config/edit.go:1229.62,1231.4 1 1
mimo-reasonix/internal/config/edit.go:1233.2,1233.14 1 1
mimo-reasonix/internal/config/edit.go:1236.56,1237.43 1 1
mimo-reasonix/internal/config/edit.go:1237.43,1239.32 2 1
mimo-reasonix/internal/config/edit.go:1239.32,1241.4 1 1
mimo-reasonix/internal/config/edit.go:1243.2,1243.14 1 1
mimo-reasonix/internal/config/edit.go:1246.50,1247.28 1 1
mimo-reasonix/internal/config/edit.go:1247.28,1249.3 1 1
mimo-reasonix/internal/config/edit.go:1250.2,1250.27 1 1
mimo-reasonix/internal/config/edit.go:1253.41,1255.16 2 1
mimo-reasonix/internal/config/edit.go:1255.16,1257.3 1 0
mimo-reasonix/internal/config/edit.go:1258.2,1258.48 1 1
mimo-reasonix/internal/config/edit.go:1258.48,1260.15 2 1
mimo-reasonix/internal/config/edit.go:1260.15,1261.12 1 0
mimo-reasonix/internal/config/edit.go:1263.3,1265.37 3 1
mimo-reasonix/internal/config/edit.go:1265.37,1266.56 1 1
mimo-reasonix/internal/config/edit.go:1266.56,1268.5 1 1
mimo-reasonix/internal/config/edit.go:1269.4,1269.12 1 1
mimo-reasonix/internal/config/edit.go:1271.3,1271.49 1 0
mimo-reasonix/internal/config/edit.go:1271.49,1273.4 1 0
mimo-reasonix/internal/config/edit.go:1275.2,1275.14 1 1
mimo-reasonix/internal/config/edit.go:1281.31,1283.16 2 0
mimo-reasonix/internal/config/edit.go:1283.16,1285.3 1 0
mimo-reasonix/internal/config/edit.go:1286.2,1286.23 1 0
mimo-reasonix/internal/config/edit.go:1292.49,1295.17 3 1
mimo-reasonix/internal/config/edit.go:1295.17,1297.3 1 1
mimo-reasonix/internal/config/edit.go:1298.2,1298.48 1 1
mimo-reasonix/internal/config/edit.go:1298.48,1301.3 2 1
mimo-reasonix/internal/config/edit.go:1302.2,1302.38 1 0
mimo-reasonix/internal/config/edit.go:1302.38,1303.62 1 0
mimo-reasonix/internal/config/edit.go:1303.62,1305.4 1 0
mimo-reasonix/internal/config/edit.go:1306.3,1306.22 1 0
mimo-reasonix/internal/config/edit.go:1308.2,1308.30 1 0
mimo-reasonix/internal/config/effort.go:39.66,40.59 1 1
mimo-reasonix/internal/config/effort.go:40.59,42.3 1 1
mimo-reasonix/internal/config/effort.go:43.2,44.24 2 1
mimo-reasonix/internal/config/effort.go:44.24,49.51 5 1
mimo-reasonix/internal/config/effort.go:49.51,51.4 1 1
mimo-reasonix/internal/config/effort.go:52.3,52.73 1 1
mimo-reasonix/internal/config/effort.go:54.2,54.38 1 1
mimo-reasonix/internal/config/effort.go:55.33,56.36 1 0
mimo-reasonix/internal/config/effort.go:57.31,58.34 1 1
mimo-reasonix/internal/config/effort.go:60.2,60.56 1 1
mimo-reasonix/internal/config/effort.go:60.56,62.3 1 1
mimo-reasonix/internal/config/effort.go:63.2,63.38 1 1
mimo-reasonix/internal/config/effort.go:64.33,65.36 1 1
mimo-reasonix/internal/config/effort.go:66.31,67.34 1 0
mimo-reasonix/internal/config/effort.go:69.2,69.9 1 1
mimo-reasonix/internal/config/effort.go:70.25,76.114 1 1
mimo-reasonix/internal/config/effort.go:77.41,78.127 1 1
mimo-reasonix/internal/config/effort.go:79.10,80.28 1 1
mimo-reasonix/internal/config/effort.go:86.68,88.17 2 1
mimo-reasonix/internal/config/effort.go:88.17,90.3 1 1
mimo-reasonix/internal/config/effort.go:91.2,91.21 1 1
mimo-reasonix/internal/config/effort.go:91.21,93.3 1 1
mimo-reasonix/internal/config/effort.go:94.2,94.59 1 1
mimo-reasonix/internal/config/effort.go:94.59,96.3 1 1
mimo-reasonix/internal/config/effort.go:97.2,98.24 2 1
mimo-reasonix/internal/config/effort.go:98.24,99.39 1 1
mimo-reasonix/internal/config/effort.go:99.39,101.4 1 1
mimo-reasonix/internal/config/effort.go:102.3,102.80 1 1
mimo-reasonix/internal/config/effort.go:104.2,104.38 1 1
mimo-reasonix/internal/config/effort.go:105.33,106.16 1 1
mimo-reasonix/internal/config/effort.go:107.22,108.21 1 1
mimo-reasonix/internal/config/effort.go:109.24,110.22 1 1
mimo-reasonix/internal/config/effort.go:111.16,112.21 1 1
mimo-reasonix/internal/config/effort.go:113.11,114.57 1 1
mimo-reasonix/internal/config/effort.go:116.31,117.16 1 1
mimo-reasonix/internal/config/effort.go:118.32,119.21 1 1
mimo-reasonix/internal/config/effort.go:120.11,121.64 1 1
mimo-reasonix/internal/config/effort.go:124.2,124.9 1 1
mimo-reasonix/internal/config/effort.go:125.25,131.16 1 1
mimo-reasonix/internal/config/effort.go:132.31,133.21 1 1
mimo-reasonix/internal/config/effort.go:134.14,135.26 1 1
mimo-reasonix/internal/config/effort.go:136.32,137.26 1 1
mimo-reasonix/internal/config/effort.go:138.23,139.26 1 1
mimo-reasonix/internal/config/effort.go:140.11,141.66 1 1
mimo-reasonix/internal/config/effort.go:143.41,144.16 1 1
mimo-reasonix/internal/config/effort.go:145.48,146.21 1 1
mimo-reasonix/internal/config/effort.go:147.11,148.74 1 0
mimo-reasonix/internal/config/effort.go:150.10,151.43 1 1
mimo-reasonix/internal/config/effort.go:157.45,158.51 1 0
mimo-reasonix/internal/config/effort.go:158.51,160.3 1 0
mimo-reasonix/internal/config/effort.go:161.2,161.39 1 0
mimo-reasonix/internal/config/effort.go:168.47,169.14 1 1
mimo-reasonix/internal/config/effort.go:169.14,171.3 1 0
mimo-reasonix/internal/config/effort.go:172.2,172.61 1 1
mimo-reasonix/internal/config/effort.go:172.61,174.3 1 1
mimo-reasonix/internal/config/effort.go:175.2,176.25 2 1
mimo-reasonix/internal/config/effort.go:176.25,178.3 1 1
mimo-reasonix/internal/config/effort.go:179.2,180.50 2 1
mimo-reasonix/internal/config/effort.go:180.50,182.3 1 1
mimo-reasonix/internal/config/effort.go:183.2,183.12 1 1
mimo-reasonix/internal/config/effort.go:186.39,187.14 1 1
mimo-reasonix/internal/config/effort.go:187.14,189.3 1 0
mimo-reasonix/internal/config/effort.go:190.2,190.29 1 1
mimo-reasonix/internal/config/effort.go:190.29,192.3 1 1
mimo-reasonix/internal/config/effort.go:195.54,196.14 1 1
mimo-reasonix/internal/config/effort.go:196.14,198.3 1 0
mimo-reasonix/internal/config/effort.go:199.2,202.52 4 1
mimo-reasonix/internal/config/effort.go:205.47,207.39 2 1
mimo-reasonix/internal/config/effort.go:207.39,209.3 1 1
mimo-reasonix/internal/config/effort.go:210.2,210.14 1 1
mimo-reasonix/internal/config/effort.go:216.57,217.62 1 1
mimo-reasonix/internal/config/effort.go:217.62,219.3 1 1
mimo-reasonix/internal/config/effort.go:220.2,220.56 1 1
mimo-reasonix/internal/config/effort.go:220.56,222.3 1 1
mimo-reasonix/internal/config/effort.go:223.2,223.24 1 1
mimo-reasonix/internal/config/effort.go:223.24,225.3 1 1
mimo-reasonix/internal/config/effort.go:226.2,226.11 1 1
mimo-reasonix/internal/config/effort.go:229.57,230.14 1 1
mimo-reasonix/internal/config/effort.go:230.14,232.3 1 0
mimo-reasonix/internal/config/effort.go:233.2,234.39 2 1
mimo-reasonix/internal/config/effort.go:234.39,236.3 1 0
mimo-reasonix/internal/config/effort.go:237.2,237.17 1 1
mimo-reasonix/internal/config/effort.go:240.52,241.49 1 1
mimo-reasonix/internal/config/effort.go:242.33,243.12 1 1
mimo-reasonix/internal/config/effort.go:244.81,245.49 1 1
mimo-reasonix/internal/config/effort.go:246.10,247.12 1 0
mimo-reasonix/internal/config/effort.go:254.45,256.2 1 1
mimo-reasonix/internal/config/effort.go:261.44,263.2 1 1
mimo-reasonix/internal/config/effort.go:265.90,266.36 1 1
mimo-reasonix/internal/config/effort.go:266.36,268.3 1 1
mimo-reasonix/internal/config/effort.go:269.2,270.16 2 1
mimo-reasonix/internal/config/effort.go:273.79,278.51 5 1
mimo-reasonix/internal/config/effort.go:278.51,280.3 1 0
mimo-reasonix/internal/config/effort.go:281.2,281.72 1 1
mimo-reasonix/internal/config/effort.go:284.50,286.2 1 1
mimo-reasonix/internal/config/effort.go:288.48,290.2 1 1
mimo-reasonix/internal/config/effort.go:292.57,294.14 2 1
mimo-reasonix/internal/config/effort.go:294.14,296.3 1 1
mimo-reasonix/internal/config/effort.go:297.2,297.16 1 1
mimo-reasonix/internal/config/effort.go:297.16,299.3 1 0
mimo-reasonix/internal/config/effort.go:300.2,300.62 1 1
mimo-reasonix/internal/config/effort.go:303.60,304.29 1 1
mimo-reasonix/internal/config/effort.go:304.29,305.18 1 1
mimo-reasonix/internal/config/effort.go:305.18,307.4 1 1
mimo-reasonix/internal/config/effort.go:309.2,309.14 1 1
mimo-reasonix/internal/config/effort.go:312.44,314.2 1 1
mimo-reasonix/internal/config/effort.go:316.60,317.46 1 1
mimo-reasonix/internal/config/effort.go:317.46,319.3 1 1
mimo-reasonix/internal/config/effort.go:320.2,322.41 3 1
mimo-reasonix/internal/config/effort.go:322.41,324.52 2 1
mimo-reasonix/internal/config/effort.go:324.52,325.12 1 1
mimo-reasonix/internal/config/effort.go:327.3,328.27 2 1
mimo-reasonix/internal/config/effort.go:330.2,330.12 1 1
mimo-reasonix/internal/config/expand.go:19.34,20.66 1 1
mimo-reasonix/internal/config/expand.go:20.66,23.3 2 1
mimo-reasonix/internal/config/expand.go:26.62,27.32 1 1
mimo-reasonix/internal/config/expand.go:27.32,29.3 1 1
mimo-reasonix/internal/config/expand.go:30.2,30.62 1 1
mimo-reasonix/internal/config/expand.go:30.62,33.32 3 1
mimo-reasonix/internal/config/expand.go:33.32,35.4 1 1
mimo-reasonix/internal/config/expand.go:36.3,36.17 1 1
mimo-reasonix/internal/config/expand.go:36.17,38.4 1 1
mimo-reasonix/internal/config/expand.go:39.3,39.12 1 1
mimo-reasonix/internal/config/expand.go:43.58,44.42 1 1
mimo-reasonix/internal/config/expand.go:44.42,45.38 1 1
mimo-reasonix/internal/config/expand.go:45.38,47.4 1 1
mimo-reasonix/internal/config/expand.go:48.3,48.43 1 1
mimo-reasonix/internal/config/expand.go:48.43,50.4 1 1
mimo-reasonix/internal/config/expand.go:51.3,51.19 1 1
mimo-reasonix/internal/config/expand.go:55.46,56.14 1 1
mimo-reasonix/internal/config/expand.go:56.14,58.3 1 0
mimo-reasonix/internal/config/expand.go:59.2,59.65 1 1
mimo-reasonix/internal/config/expand.go:65.51,70.21 5 1
mimo-reasonix/internal/config/expand.go:70.21,72.28 2 1
mimo-reasonix/internal/config/expand.go:72.28,74.4 1 1
mimo-reasonix/internal/config/expand.go:76.2,78.12 3 1
mimo-reasonix/internal/config/expand.go:81.73,82.17 1 1
mimo-reasonix/internal/config/expand.go:82.17,84.3 1 1
mimo-reasonix/internal/config/expand.go:85.2,86.22 2 1
mimo-reasonix/internal/config/expand.go:86.22,88.3 1 1
mimo-reasonix/internal/config/expand.go:89.2,89.12 1 1
mimo-reasonix/internal/config/fetch.go:26.76,27.21 1 1
mimo-reasonix/internal/config/fetch.go:27.21,29.3 1 0
mimo-reasonix/internal/config/fetch.go:30.2,31.37 2 1
mimo-reasonix/internal/config/fetch.go:31.37,33.3 1 0
mimo-reasonix/internal/config/fetch.go:34.2,35.16 2 1
mimo-reasonix/internal/config/fetch.go:35.16,37.3 1 0
mimo-reasonix/internal/config/fetch.go:38.2,40.31 3 1
mimo-reasonix/internal/config/fetch.go:40.31,42.17 2 1
mimo-reasonix/internal/config/fetch.go:42.17,44.4 1 1
mimo-reasonix/internal/config/fetch.go:45.3,46.67 2 1
mimo-reasonix/internal/config/fetch.go:46.67,48.4 1 1
mimo-reasonix/internal/config/fetch.go:50.2,50.25 1 0
mimo-reasonix/internal/config/fetch.go:50.25,52.3 1 0
mimo-reasonix/internal/config/fetch.go:53.2,53.21 1 0
mimo-reasonix/internal/config/fetch.go:59.70,60.59 1 1
mimo-reasonix/internal/config/fetch.go:60.59,62.3 1 1
mimo-reasonix/internal/config/fetch.go:63.2,64.16 2 1
mimo-reasonix/internal/config/fetch.go:64.16,66.3 1 0
mimo-reasonix/internal/config/fetch.go:67.2,68.34 2 1
mimo-reasonix/internal/config/fetch.go:68.34,70.38 2 1
mimo-reasonix/internal/config/fetch.go:70.38,72.4 1 1
mimo-reasonix/internal/config/fetch.go:73.8,75.3 1 1
mimo-reasonix/internal/config/fetch.go:76.2,76.67 1 1
mimo-reasonix/internal/config/fetch.go:76.67,79.3 2 1
mimo-reasonix/internal/config/fetch.go:80.2,80.39 1 1
mimo-reasonix/internal/config/fetch.go:83.46,85.46 2 1
mimo-reasonix/internal/config/fetch.go:85.46,87.3 1 1
mimo-reasonix/internal/config/fetch.go:88.2,88.37 1 1
mimo-reasonix/internal/config/fetch.go:88.37,90.3 1 1
mimo-reasonix/internal/config/fetch.go:91.2,91.29 1 1
mimo-reasonix/internal/config/fetch.go:91.29,92.25 1 1
mimo-reasonix/internal/config/fetch.go:92.25,94.4 1 0
mimo-reasonix/internal/config/fetch.go:96.2,96.13 1 1
mimo-reasonix/internal/config/fetch.go:99.54,100.55 1 1
mimo-reasonix/internal/config/fetch.go:100.55,101.38 1 1
mimo-reasonix/internal/config/fetch.go:101.38,103.4 1 1
mimo-reasonix/internal/config/fetch.go:105.2,105.11 1 1
mimo-reasonix/internal/config/fetch.go:108.42,110.23 2 1
mimo-reasonix/internal/config/fetch.go:110.23,111.14 1 1
mimo-reasonix/internal/config/fetch.go:111.14,112.12 1 0
mimo-reasonix/internal/config/fetch.go:114.3,115.32 2 1
mimo-reasonix/internal/config/fetch.go:115.32,116.21 1 1
mimo-reasonix/internal/config/fetch.go:116.21,118.10 2 0
mimo-reasonix/internal/config/fetch.go:121.3,121.12 1 1
mimo-reasonix/internal/config/fetch.go:121.12,123.4 1 1
mimo-reasonix/internal/config/fetch.go:125.2,125.12 1 1
mimo-reasonix/internal/config/load.go:20.30,22.2 1 1
mimo-reasonix/internal/config/load.go:29.48,37.17 7 1
mimo-reasonix/internal/config/load.go:37.17,39.3 1 1
mimo-reasonix/internal/config/load.go:41.2,42.42 2 1
mimo-reasonix/internal/config/load.go:42.42,44.55 2 1
mimo-reasonix/internal/config/load.go:44.55,46.4 1 0
mimo-reasonix/internal/config/load.go:48.2,53.63 5 1
mimo-reasonix/internal/config/load.go:53.63,55.3 1 0
mimo-reasonix/internal/config/load.go:59.2,66.16 5 1
mimo-reasonix/internal/config/load.go:66.16,68.3 1 0
mimo-reasonix/internal/config/load.go:69.2,70.114 2 1
mimo-reasonix/internal/config/load.go:70.114,72.3 1 0
mimo-reasonix/internal/config/load.go:72.8,72.15 1 1
mimo-reasonix/internal/config/load.go:72.15,76.3 3 1
mimo-reasonix/internal/config/load.go:77.2,77.73 1 1
mimo-reasonix/internal/config/load.go:77.73,79.3 1 0
mimo-reasonix/internal/config/load.go:79.8,79.15 1 1
mimo-reasonix/internal/config/load.go:79.15,81.3 1 1
mimo-reasonix/internal/config/load.go:86.2,87.17 2 1
mimo-reasonix/internal/config/load.go:87.17,89.3 1 1
mimo-reasonix/internal/config/load.go:90.2,91.16 2 1
mimo-reasonix/internal/config/load.go:91.16,93.3 1 0
mimo-reasonix/internal/config/load.go:94.2,115.17 18 1
mimo-reasonix/internal/config/load.go:118.57,119.14 1 1
mimo-reasonix/internal/config/load.go:119.14,121.3 1 0
mimo-reasonix/internal/config/load.go:122.2,123.27 2 1
mimo-reasonix/internal/config/load.go:123.27,125.3 1 1
mimo-reasonix/internal/config/load.go:128.61,129.18 1 1
mimo-reasonix/internal/config/load.go:129.18,131.3 1 1
mimo-reasonix/internal/config/load.go:132.2,133.23 2 1
mimo-reasonix/internal/config/load.go:133.23,135.3 1 1
mimo-reasonix/internal/config/load.go:136.2,136.12 1 1
mimo-reasonix/internal/config/load.go:139.32,141.42 2 1
mimo-reasonix/internal/config/load.go:141.42,143.3 1 1
mimo-reasonix/internal/config/load.go:144.2,144.64 1 1
mimo-reasonix/internal/config/load.go:145.19,146.14 1 0
mimo-reasonix/internal/config/load.go:147.10,148.15 1 1
mimo-reasonix/internal/config/load.go:157.37,160.29 3 1
mimo-reasonix/internal/config/load.go:160.29,162.31 2 1
mimo-reasonix/internal/config/load.go:162.31,164.4 1 1
mimo-reasonix/internal/config/load.go:165.3,165.35 1 1
mimo-reasonix/internal/config/load.go:165.35,166.13 1 1
mimo-reasonix/internal/config/load.go:167.18,168.11 1 1
mimo-reasonix/internal/config/load.go:169.20,170.56 1 1
mimo-reasonix/internal/config/load.go:170.56,172.6 1 1
mimo-reasonix/internal/config/load.go:176.2,176.18 1 1
mimo-reasonix/internal/config/load.go:176.18,178.3 1 1
mimo-reasonix/internal/config/load.go:181.2,181.27 1 1
mimo-reasonix/internal/config/load.go:181.27,183.3 1 1
mimo-reasonix/internal/config/load.go:184.2,184.41 1 1
mimo-reasonix/internal/config/load.go:184.41,185.32 1 1
mimo-reasonix/internal/config/load.go:185.32,190.4 4 1
mimo-reasonix/internal/config/load.go:194.48,195.14 1 1
mimo-reasonix/internal/config/load.go:195.14,197.3 1 0
mimo-reasonix/internal/config/load.go:198.2,199.29 2 1
mimo-reasonix/internal/config/load.go:199.29,201.44 2 1
mimo-reasonix/internal/config/load.go:201.44,202.12 1 1
mimo-reasonix/internal/config/load.go:204.3,204.21 1 1
mimo-reasonix/internal/config/load.go:204.21,205.12 1 1
mimo-reasonix/internal/config/load.go:207.3,207.22 1 1
mimo-reasonix/internal/config/load.go:207.22,209.4 1 1
mimo-reasonix/internal/config/load.go:210.3,210.38 1 1
mimo-reasonix/internal/config/load.go:210.38,211.51 1 1
mimo-reasonix/internal/config/load.go:211.51,213.5 1 1
mimo-reasonix/internal/config/load.go:218.52,219.14 1 1
mimo-reasonix/internal/config/load.go:219.14,221.3 1 0
mimo-reasonix/internal/config/load.go:222.2,223.16 2 1
mimo-reasonix/internal/config/load.go:223.16,225.3 1 0
mimo-reasonix/internal/config/load.go:226.2,226.57 1 1
mimo-reasonix/internal/config/load.go:226.57,228.3 1 1
mimo-reasonix/internal/config/load.go:229.2,229.11 1 1
mimo-reasonix/internal/config/load.go:232.38,233.31 1 1
mimo-reasonix/internal/config/load.go:233.31,235.3 1 1
mimo-reasonix/internal/config/load.go:236.2,236.29 1 1
mimo-reasonix/internal/config/load.go:243.39,244.29 1 1
mimo-reasonix/internal/config/load.go:244.29,245.73 1 1
mimo-reasonix/internal/config/load.go:245.73,247.4 1 1
mimo-reasonix/internal/config/load.go:252.62,255.29 3 1
mimo-reasonix/internal/config/load.go:255.29,256.42 1 1
mimo-reasonix/internal/config/load.go:256.42,257.12 1 1
mimo-reasonix/internal/config/load.go:259.3,260.54 2 1
mimo-reasonix/internal/config/load.go:260.54,262.4 1 0
mimo-reasonix/internal/config/load.go:263.3,263.31 1 1
mimo-reasonix/internal/config/load.go:263.31,265.34 2 1
mimo-reasonix/internal/config/load.go:265.34,267.13 2 0
mimo-reasonix/internal/config/load.go:269.4,270.30 2 1
mimo-reasonix/internal/config/load.go:273.2,273.20 1 1
mimo-reasonix/internal/config/load.go:281.121,287.29 6 1
mimo-reasonix/internal/config/load.go:287.29,288.42 1 1
mimo-reasonix/internal/config/load.go:288.42,289.12 1 1
mimo-reasonix/internal/config/load.go:291.3,292.54 2 1
mimo-reasonix/internal/config/load.go:292.54,294.4 1 1
mimo-reasonix/internal/config/load.go:295.3,295.28 1 1
mimo-reasonix/internal/config/load.go:295.28,296.12 1 1
mimo-reasonix/internal/config/load.go:298.3,300.33 3 1
mimo-reasonix/internal/config/load.go:300.33,303.31 3 1
mimo-reasonix/internal/config/load.go:303.31,304.78 1 1
mimo-reasonix/internal/config/load.go:304.78,308.6 3 0
mimo-reasonix/internal/config/load.go:308.11,308.85 1 1
mimo-reasonix/internal/config/load.go:308.85,310.6 1 1
mimo-reasonix/internal/config/load.go:311.5,311.13 1 1
mimo-reasonix/internal/config/load.go:312.10,316.5 3 1
mimo-reasonix/internal/config/load.go:319.2,319.51 1 1
mimo-reasonix/internal/config/load.go:322.61,323.28 1 1
mimo-reasonix/internal/config/load.go:323.28,325.3 1 1
mimo-reasonix/internal/config/load.go:326.2,326.30 1 1
mimo-reasonix/internal/config/load.go:329.47,331.2 1 1
mimo-reasonix/internal/config/load.go:336.70,340.29 4 1
mimo-reasonix/internal/config/load.go:340.29,341.42 1 1
mimo-reasonix/internal/config/load.go:341.42,342.12 1 1
mimo-reasonix/internal/config/load.go:344.3,346.17 3 1
mimo-reasonix/internal/config/load.go:346.17,348.4 1 0
mimo-reasonix/internal/config/load.go:349.3,349.52 1 1
mimo-reasonix/internal/config/load.go:349.52,350.12 1 1
mimo-reasonix/internal/config/load.go:352.3,353.49 2 1
mimo-reasonix/internal/config/load.go:353.49,355.32 2 1
mimo-reasonix/internal/config/load.go:355.32,356.13 1 0
mimo-reasonix/internal/config/load.go:358.4,359.33 2 1
mimo-reasonix/internal/config/load.go:362.2,362.25 1 1
mimo-reasonix/internal/config/load.go:370.39,372.16 2 1
mimo-reasonix/internal/config/load.go:372.16,374.3 1 1
mimo-reasonix/internal/config/load.go:375.2,379.12 5 0
mimo-reasonix/internal/config/load.go:382.57,384.16 2 1
mimo-reasonix/internal/config/load.go:384.16,386.3 1 1
mimo-reasonix/internal/config/load.go:387.2,390.12 4 0
mimo-reasonix/internal/config/load.go:393.76,394.21 1 1
mimo-reasonix/internal/config/load.go:394.21,396.3 1 1
mimo-reasonix/internal/config/load.go:397.2,398.41 2 1
mimo-reasonix/internal/config/load.go:398.41,399.57 1 1
mimo-reasonix/internal/config/load.go:399.57,401.4 1 0
mimo-reasonix/internal/config/load.go:403.2,403.45 1 1
mimo-reasonix/internal/config/load.go:403.45,405.3 1 1
mimo-reasonix/internal/config/load.go:406.2,407.51 2 1
mimo-reasonix/internal/config/load.go:407.51,408.42 1 1
mimo-reasonix/internal/config/load.go:408.42,409.43 1 1
mimo-reasonix/internal/config/load.go:409.43,411.5 1 0
mimo-reasonix/internal/config/load.go:414.2,414.17 1 1
mimo-reasonix/internal/config/load.go:417.47,428.2 10 1
mimo-reasonix/internal/config/load.go:430.41,432.42 2 1
mimo-reasonix/internal/config/load.go:432.42,435.3 2 1
mimo-reasonix/internal/config/load.go:436.2,436.39 1 1
mimo-reasonix/internal/config/load.go:440.48,441.41 1 1
mimo-reasonix/internal/config/load.go:441.41,443.3 1 1
mimo-reasonix/internal/config/load.go:444.2,444.54 1 1
mimo-reasonix/internal/config/load.go:444.54,446.3 1 1
mimo-reasonix/internal/config/load.go:447.2,447.12 1 1
mimo-reasonix/internal/config/load.go:450.59,451.41 1 1
mimo-reasonix/internal/config/load.go:451.41,452.57 1 1
mimo-reasonix/internal/config/load.go:452.57,454.4 1 0
mimo-reasonix/internal/config/load.go:456.2,456.29 1 1
mimo-reasonix/internal/config/load.go:462.41,463.14 1 1
mimo-reasonix/internal/config/load.go:463.14,465.3 1 0
mimo-reasonix/internal/config/load.go:466.2,466.27 1 1
mimo-reasonix/internal/config/load.go:466.27,468.3 1 1
mimo-reasonix/internal/config/load.go:471.51,473.16 2 1
mimo-reasonix/internal/config/load.go:473.16,475.3 1 0
mimo-reasonix/internal/config/load.go:476.2,477.16 2 1
mimo-reasonix/internal/config/load.go:477.16,479.3 1 0
mimo-reasonix/internal/config/load.go:480.2,481.14 2 1
mimo-reasonix/internal/config/load.go:481.14,483.3 1 1
mimo-reasonix/internal/config/load.go:484.2,484.61 1 1
mimo-reasonix/internal/config/load.go:487.57,492.29 5 1
mimo-reasonix/internal/config/load.go:492.29,493.54 1 1
mimo-reasonix/internal/config/load.go:493.54,495.4 1 1
mimo-reasonix/internal/config/load.go:496.3,496.64 1 1
mimo-reasonix/internal/config/load.go:496.64,498.12 2 1
mimo-reasonix/internal/config/load.go:500.3,500.26 1 1
mimo-reasonix/internal/config/load.go:502.2,502.41 1 1
mimo-reasonix/internal/config/load.go:505.44,507.38 2 1
mimo-reasonix/internal/config/load.go:507.38,509.3 1 1
mimo-reasonix/internal/config/load.go:510.2,510.46 1 1
mimo-reasonix/internal/config/load.go:510.46,512.3 1 0
mimo-reasonix/internal/config/load.go:513.2,513.17 1 1
mimo-reasonix/internal/config/load.go:514.21,515.19 1 1
mimo-reasonix/internal/config/load.go:516.10,517.17 1 1
mimo-reasonix/internal/config/load.go:521.49,523.73 2 1
mimo-reasonix/internal/config/load.go:523.73,525.3 1 1
mimo-reasonix/internal/config/load.go:526.2,527.37 2 1
mimo-reasonix/internal/config/load.go:535.47,536.14 1 1
mimo-reasonix/internal/config/load.go:536.14,538.3 1 0
mimo-reasonix/internal/config/load.go:539.2,539.29 1 1
mimo-reasonix/internal/config/load.go:539.29,541.30 2 1
mimo-reasonix/internal/config/load.go:541.30,542.12 1 1
mimo-reasonix/internal/config/load.go:544.3,544.64 1 1
mimo-reasonix/internal/config/load.go:544.64,546.4 1 1
mimo-reasonix/internal/config/load.go:550.58,551.14 1 1
mimo-reasonix/internal/config/load.go:551.14,553.3 1 0
mimo-reasonix/internal/config/load.go:554.2,555.29 2 1
mimo-reasonix/internal/config/load.go:555.29,557.64 2 1
mimo-reasonix/internal/config/load.go:557.64,558.12 1 1
mimo-reasonix/internal/config/load.go:560.3,560.42 1 1
mimo-reasonix/internal/config/load.go:561.29,562.112 1 1
mimo-reasonix/internal/config/load.go:562.112,564.5 1 1
mimo-reasonix/internal/config/load.go:565.39,566.102 1 1
mimo-reasonix/internal/config/load.go:566.102,568.5 1 1
mimo-reasonix/internal/config/load.go:571.2,571.16 1 1
mimo-reasonix/internal/config/load.go:574.107,575.34 1 1
mimo-reasonix/internal/config/load.go:575.34,577.3 1 0
mimo-reasonix/internal/config/load.go:578.2,587.26 9 1
mimo-reasonix/internal/config/load.go:587.26,589.3 1 1
mimo-reasonix/internal/config/load.go:590.2,596.21 7 1
mimo-reasonix/internal/config/load.go:596.21,598.3 1 1
mimo-reasonix/internal/config/load.go:598.8,599.56 1 0
mimo-reasonix/internal/config/load.go:599.56,600.30 1 0
mimo-reasonix/internal/config/load.go:600.30,602.5 1 0
mimo-reasonix/internal/config/load.go:606.2,612.35 1 1
mimo-reasonix/internal/config/load.go:615.44,616.22 1 1
mimo-reasonix/internal/config/load.go:616.22,618.3 1 1
mimo-reasonix/internal/config/load.go:619.2,619.19 1 0
mimo-reasonix/internal/config/load.go:619.19,620.19 1 0
mimo-reasonix/internal/config/load.go:620.19,622.4 1 0
mimo-reasonix/internal/config/load.go:624.2,624.13 1 0
mimo-reasonix/internal/config/load.go:627.49,628.14 1 1
mimo-reasonix/internal/config/load.go:628.14,630.3 1 0
mimo-reasonix/internal/config/load.go:631.2,631.29 1 1
mimo-reasonix/internal/config/load.go:631.29,633.60 2 1
mimo-reasonix/internal/config/load.go:633.60,634.12 1 1
mimo-reasonix/internal/config/load.go:636.3,636.36 1 1
mimo-reasonix/internal/config/load.go:637.19,638.98 1 1
mimo-reasonix/internal/config/load.go:639.25,640.79 1 1
mimo-reasonix/internal/config/load.go:641.23,642.75 1 1
mimo-reasonix/internal/config/load.go:647.50,649.16 2 1
mimo-reasonix/internal/config/load.go:649.16,651.3 1 0
mimo-reasonix/internal/config/load.go:652.2,652.38 1 1
mimo-reasonix/internal/config/load.go:655.88,656.14 1 1
mimo-reasonix/internal/config/load.go:656.14,658.3 1 0
mimo-reasonix/internal/config/load.go:661.2,661.23 1 1
mimo-reasonix/internal/config/load.go:661.23,663.3 1 1
mimo-reasonix/internal/config/load.go:664.2,665.22 2 1
mimo-reasonix/internal/config/load.go:665.22,667.3 1 0
mimo-reasonix/internal/config/load.go:668.2,669.21 2 1
mimo-reasonix/internal/config/load.go:669.21,673.3 3 1
mimo-reasonix/internal/config/load.go:674.2,675.16 2 1
mimo-reasonix/internal/config/load.go:678.54,679.33 1 1
mimo-reasonix/internal/config/load.go:680.24,681.29 1 1
mimo-reasonix/internal/config/load.go:682.22,683.27 1 0
mimo-reasonix/internal/config/load.go:684.111,685.25 1 0
mimo-reasonix/internal/config/load.go:686.20,687.21 1 0
mimo-reasonix/internal/config/load.go:688.10,689.12 1 1
mimo-reasonix/internal/config/load.go:693.57,695.2 1 1
mimo-reasonix/internal/config/load.go:700.80,702.2 1 0
mimo-reasonix/internal/config/load.go:704.80,705.14 1 1
mimo-reasonix/internal/config/load.go:705.14,707.3 1 0
mimo-reasonix/internal/config/load.go:708.2,709.29 2 1
mimo-reasonix/internal/config/load.go:709.29,710.60 1 1
mimo-reasonix/internal/config/load.go:710.60,712.4 1 1
mimo-reasonix/internal/config/load.go:714.2,714.27 1 1
mimo-reasonix/internal/config/load.go:714.27,716.3 1 1
mimo-reasonix/internal/config/load.go:717.2,718.27 2 1
mimo-reasonix/internal/config/load.go:718.27,719.36 1 1
mimo-reasonix/internal/config/load.go:719.36,720.12 1 1
mimo-reasonix/internal/config/load.go:722.3,723.17 2 1
mimo-reasonix/internal/config/load.go:725.2,725.44 1 1
mimo-reasonix/internal/config/load.go:725.44,727.3 1 1
mimo-reasonix/internal/config/load.go:728.2,728.16 1 1
mimo-reasonix/internal/config/load.go:731.47,732.14 1 1
mimo-reasonix/internal/config/load.go:732.14,734.3 1 0
mimo-reasonix/internal/config/load.go:735.2,742.45 2 1
mimo-reasonix/internal/config/load.go:742.45,744.3 1 0
mimo-reasonix/internal/config/load.go:745.2,745.41 1 1
mimo-reasonix/internal/config/load.go:745.41,747.3 1 1
mimo-reasonix/internal/config/load.go:748.2,749.13 2 1
mimo-reasonix/internal/config/load.go:752.48,753.32 1 1
mimo-reasonix/internal/config/load.go:754.125,755.32 1 1
mimo-reasonix/internal/config/load.go:756.10,757.12 1 1
mimo-reasonix/internal/config/load.go:761.54,763.15 2 1
mimo-reasonix/internal/config/load.go:763.15,765.3 1 1
mimo-reasonix/internal/config/load.go:766.2,767.62 2 1
mimo-reasonix/internal/config/load.go:767.62,769.3 1 1
mimo-reasonix/internal/config/load.go:770.2,770.14 1 1
mimo-reasonix/internal/config/load.go:770.14,772.3 1 1
mimo-reasonix/internal/config/load.go:773.2,773.13 1 1
mimo-reasonix/internal/config/load.go:774.23,775.20 1 1
mimo-reasonix/internal/config/load.go:776.19,777.22 1 0
mimo-reasonix/internal/config/load.go:778.22,779.20 1 0
mimo-reasonix/internal/config/load.go:780.10,781.12 1 1
mimo-reasonix/internal/config/load.go:785.37,787.2 1 1
mimo-reasonix/internal/config/load.go:789.43,791.2 1 1
mimo-reasonix/internal/config/load.go:793.58,794.33 1 1
mimo-reasonix/internal/config/load.go:795.66,808.4 2 1
mimo-reasonix/internal/config/load.go:809.25,822.4 2 0
mimo-reasonix/internal/config/load.go:823.20,824.222 1 1
mimo-reasonix/internal/config/load.go:825.20,826.229 1 0
mimo-reasonix/internal/config/load.go:827.10,828.227 1 1
mimo-reasonix/internal/config/load.go:832.56,833.52 1 1
mimo-reasonix/internal/config/load.go:833.52,835.3 1 1
mimo-reasonix/internal/config/load.go:836.2,838.48 3 1
mimo-reasonix/internal/config/load.go:838.48,840.31 2 1
mimo-reasonix/internal/config/load.go:840.31,841.12 1 0
mimo-reasonix/internal/config/load.go:843.3,844.28 2 1
mimo-reasonix/internal/config/load.go:846.2,847.22 2 1
mimo-reasonix/internal/config/load.go:847.22,849.3 1 1
mimo-reasonix/internal/config/load.go:850.2,851.38 2 1
mimo-reasonix/internal/config/load.go:858.54,859.51 1 1
mimo-reasonix/internal/config/load.go:859.51,861.3 1 0
mimo-reasonix/internal/config/load.go:862.2,864.27 3 1
mimo-reasonix/internal/config/load.go:864.27,866.31 2 1
mimo-reasonix/internal/config/load.go:866.31,868.4 1 0
mimo-reasonix/internal/config/load.go:869.3,870.32 2 1
mimo-reasonix/internal/config/load.go:872.2,872.29 1 1
mimo-reasonix/internal/config/load.go:872.29,873.43 1 1
mimo-reasonix/internal/config/load.go:873.43,874.27 1 1
mimo-reasonix/internal/config/load.go:874.27,876.5 1 1
mimo-reasonix/internal/config/load.go:877.4,877.19 1 0
mimo-reasonix/internal/config/load.go:880.2,884.45 5 1
mimo-reasonix/internal/config/load.go:884.45,886.3 1 0
mimo-reasonix/internal/config/load.go:887.2,888.41 2 1
mimo-reasonix/internal/config/load.go:888.41,890.3 1 1
mimo-reasonix/internal/config/load.go:891.2,891.29 1 1
mimo-reasonix/internal/config/load.go:891.29,893.69 2 1
mimo-reasonix/internal/config/load.go:893.69,895.12 2 1
mimo-reasonix/internal/config/load.go:897.3,897.47 1 1
mimo-reasonix/internal/config/load.go:897.47,899.4 1 0
mimo-reasonix/internal/config/load.go:901.2,901.22 1 1
mimo-reasonix/internal/config/load.go:901.22,903.3 1 0
mimo-reasonix/internal/config/load.go:904.2,905.43 2 1
mimo-reasonix/internal/config/load.go:908.63,909.33 1 1
mimo-reasonix/internal/config/load.go:910.40,911.20 1 1
mimo-reasonix/internal/config/load.go:912.10,913.33 1 1
mimo-reasonix/internal/config/load.go:917.72,919.16 2 1
mimo-reasonix/internal/config/load.go:919.16,921.3 1 0
mimo-reasonix/internal/config/load.go:922.2,923.23 2 1
mimo-reasonix/internal/config/load.go:923.23,925.3 1 1
mimo-reasonix/internal/config/load.go:926.2,926.14 1 1
mimo-reasonix/internal/config/load.go:926.14,928.3 1 0
mimo-reasonix/internal/config/load.go:929.2,929.97 1 1
mimo-reasonix/internal/config/load.go:929.97,931.3 1 1
mimo-reasonix/internal/config/load.go:932.2,932.18 1 1
mimo-reasonix/internal/config/load.go:935.91,936.14 1 1
mimo-reasonix/internal/config/load.go:936.14,938.3 1 0
mimo-reasonix/internal/config/load.go:939.2,939.19 1 1
mimo-reasonix/internal/config/load.go:940.18,941.47 1 1
mimo-reasonix/internal/config/load.go:942.10,943.15 1 0
mimo-reasonix/internal/config/load.go:949.63,951.2 1 0
mimo-reasonix/internal/config/load.go:953.63,955.29 2 1
mimo-reasonix/internal/config/load.go:955.29,957.17 2 1
mimo-reasonix/internal/config/load.go:957.17,959.4 1 1
mimo-reasonix/internal/config/load.go:961.2,961.12 1 1
mimo-reasonix/internal/config/load.go:964.48,965.41 1 1
mimo-reasonix/internal/config/load.go:965.41,966.44 1 1
mimo-reasonix/internal/config/load.go:966.44,968.4 1 1
mimo-reasonix/internal/config/load.go:969.3,969.9 1 1
mimo-reasonix/internal/config/load.go:971.2,982.49 2 1
mimo-reasonix/internal/config/load.go:982.49,987.3 4 1
mimo-reasonix/internal/config/load.go:988.2,989.42 2 1
mimo-reasonix/internal/config/load.go:992.50,994.2 1 1
mimo-reasonix/internal/config/load.go:996.89,999.23 1 1
mimo-reasonix/internal/config/load.go:999.23,1001.3 1 1
mimo-reasonix/internal/config/load.go:1002.2,1003.45 2 0
mimo-reasonix/internal/config/load.go:1003.45,1005.3 1 0
mimo-reasonix/internal/config/load.go:1006.2,1007.65 2 0
mimo-reasonix/internal/config/load.go:1010.68,1011.38 1 1
mimo-reasonix/internal/config/load.go:1011.38,1013.3 1 1
mimo-reasonix/internal/config/load.go:1016.88,1031.2 14 1
mimo-reasonix/internal/config/load.go:1033.56,1036.50 3 1
mimo-reasonix/internal/config/load.go:1036.50,1037.30 1 1
mimo-reasonix/internal/config/load.go:1037.30,1039.34 2 1
mimo-reasonix/internal/config/load.go:1039.34,1040.13 1 1
mimo-reasonix/internal/config/load.go:1042.4,1043.28 2 1
mimo-reasonix/internal/config/load.go:1046.2,1046.12 1 1
mimo-reasonix/internal/config/load.go:1049.79,1051.31 2 1
mimo-reasonix/internal/config/load.go:1051.31,1052.23 1 1
mimo-reasonix/internal/config/load.go:1052.23,1054.4 1 1
mimo-reasonix/internal/config/load.go:1056.2,1056.31 1 1
mimo-reasonix/internal/config/load.go:1056.31,1057.24 1 1
mimo-reasonix/internal/config/load.go:1057.24,1059.4 1 1
mimo-reasonix/internal/config/load.go:1061.2,1061.21 1 0
mimo-reasonix/internal/config/load.go:1061.21,1063.3 1 0
mimo-reasonix/internal/config/load.go:1064.2,1064.11 1 0
mimo-reasonix/internal/config/load.go:1067.69,1072.49 5 1
mimo-reasonix/internal/config/load.go:1072.49,1074.3 1 0
mimo-reasonix/internal/config/load.go:1077.76,1079.15 2 1
mimo-reasonix/internal/config/load.go:1079.15,1081.3 1 1
mimo-reasonix/internal/config/load.go:1082.2,1083.18 2 1
mimo-reasonix/internal/config/load.go:1084.24,1085.26 1 1
mimo-reasonix/internal/config/load.go:1085.26,1087.4 1 0
mimo-reasonix/internal/config/load.go:1088.3,1088.50 1 1
mimo-reasonix/internal/config/load.go:1088.50,1090.4 1 0
mimo-reasonix/internal/config/load.go:1091.3,1091.29 1 1
mimo-reasonix/internal/config/load.go:1092.22,1093.26 1 0
mimo-reasonix/internal/config/load.go:1093.26,1095.4 1 0
mimo-reasonix/internal/config/load.go:1096.3,1096.50 1 0
mimo-reasonix/internal/config/load.go:1096.50,1098.4 1 0
mimo-reasonix/internal/config/load.go:1099.3,1099.29 1 0
mimo-reasonix/internal/config/load.go:1100.10,1101.13 1 1
mimo-reasonix/internal/config/mcp_command.go:14.68,15.59 1 1
mimo-reasonix/internal/config/mcp_command.go:15.59,18.3 2 1
mimo-reasonix/internal/config/mcp_command.go:19.2,21.42 3 1
mimo-reasonix/internal/config/mcp_command.go:21.42,23.3 1 1
mimo-reasonix/internal/config/mcp_command.go:24.2,25.71 2 1
mimo-reasonix/internal/config/mcp_command.go:25.71,27.3 1 1
mimo-reasonix/internal/config/mcp_command.go:28.2,30.16 3 1
mimo-reasonix/internal/config/mcp_command.go:33.45,34.14 1 1
mimo-reasonix/internal/config/mcp_command.go:34.14,36.3 1 0
mimo-reasonix/internal/config/mcp_command.go:37.2,37.27 1 1
mimo-reasonix/internal/config/mcp_command.go:37.27,39.3 1 1
mimo-reasonix/internal/config/mcp_command.go:42.49,43.52 1 1
mimo-reasonix/internal/config/mcp_command.go:44.19,45.17 1 1
mimo-reasonix/internal/config/mcp_command.go:46.33,47.16 1 1
mimo-reasonix/internal/config/mcp_command.go:48.13,49.15 1 1
mimo-reasonix/internal/config/mcp_command.go:50.10,51.52 1 1
mimo-reasonix/internal/config/mcp_command.go:55.60,57.72 2 1
mimo-reasonix/internal/config/mcp_command.go:57.72,59.3 1 1
mimo-reasonix/internal/config/mcp_command.go:60.2,60.65 1 1
mimo-reasonix/internal/config/mcp_command.go:63.38,65.2 1 1
mimo-reasonix/internal/config/mcp_command.go:67.49,70.63 3 1
mimo-reasonix/internal/config/mcp_command.go:70.63,72.3 1 1
mimo-reasonix/internal/config/mcp_command.go:73.2,73.14 1 1
mimo-reasonix/internal/config/mcp_command.go:76.55,77.14 1 1
mimo-reasonix/internal/config/mcp_command.go:78.10,79.15 1 1
mimo-reasonix/internal/config/mcp_command.go:83.41,86.2 2 1
mimo-reasonix/internal/config/mcp_command.go:88.56,93.18 5 1
mimo-reasonix/internal/config/mcp_command.go:93.18,94.15 1 1
mimo-reasonix/internal/config/mcp_command.go:94.15,96.4 1 0
mimo-reasonix/internal/config/mcp_command.go:97.3,99.18 3 1
mimo-reasonix/internal/config/mcp_command.go:101.2,101.22 1 1
mimo-reasonix/internal/config/mcp_command.go:101.22,102.39 1 1
mimo-reasonix/internal/config/mcp_command.go:102.39,104.12 2 1
mimo-reasonix/internal/config/mcp_command.go:106.3,106.28 1 1
mimo-reasonix/internal/config/mcp_command.go:106.28,107.17 1 1
mimo-reasonix/internal/config/mcp_command.go:108.11,111.13 3 1
mimo-reasonix/internal/config/mcp_command.go:112.11,114.13 2 1
mimo-reasonix/internal/config/mcp_command.go:117.3,118.17 2 1
mimo-reasonix/internal/config/mcp_command.go:120.2,120.16 1 1
mimo-reasonix/internal/config/mcp_command.go:120.16,122.3 1 0
mimo-reasonix/internal/config/mcp_command.go:123.2,124.20 2 1
mimo-reasonix/internal/config/mcpjson.go:42.54,44.24 2 1
mimo-reasonix/internal/config/mcpjson.go:44.24,46.3 1 1
mimo-reasonix/internal/config/mcpjson.go:47.2,47.16 1 1
mimo-reasonix/internal/config/mcpjson.go:47.16,49.3 1 0
mimo-reasonix/internal/config/mcpjson.go:50.2,53.48 2 1
mimo-reasonix/internal/config/mcpjson.go:53.48,55.3 1 1
mimo-reasonix/internal/config/mcpjson.go:56.2,56.49 1 1
mimo-reasonix/internal/config/mcpjson.go:60.70,62.16 2 1
mimo-reasonix/internal/config/mcpjson.go:62.16,64.3 1 0
mimo-reasonix/internal/config/mcpjson.go:65.2,65.32 1 1
mimo-reasonix/internal/config/mcpjson.go:65.32,66.25 1 1
mimo-reasonix/internal/config/mcpjson.go:66.25,68.4 1 1
mimo-reasonix/internal/config/mcpjson.go:70.2,70.34 1 0
mimo-reasonix/internal/config/mcpjson.go:76.89,78.26 2 1
mimo-reasonix/internal/config/mcpjson.go:78.26,79.18 1 1
mimo-reasonix/internal/config/mcpjson.go:79.18,81.4 1 1
mimo-reasonix/internal/config/mcpjson.go:83.2,85.29 3 1
mimo-reasonix/internal/config/mcpjson.go:85.29,87.3 1 1
mimo-reasonix/internal/config/mcpjson.go:88.2,88.16 1 1
mimo-reasonix/internal/config/mcpjson.go:92.32,94.16 2 1
mimo-reasonix/internal/config/mcpjson.go:94.16,96.3 1 0
mimo-reasonix/internal/config/mcpjson.go:97.2,97.56 1 1
mimo-reasonix/internal/config/mcpjson.go:108.47,109.16 1 1
mimo-reasonix/internal/config/mcpjson.go:109.16,111.3 1 1
mimo-reasonix/internal/config/mcpjson.go:112.2,113.16 2 1
mimo-reasonix/internal/config/mcpjson.go:113.16,115.3 1 1
mimo-reasonix/internal/config/mcpjson.go:116.2,122.48 2 1
mimo-reasonix/internal/config/mcpjson.go:122.48,124.3 1 1
mimo-reasonix/internal/config/mcpjson.go:125.2,126.36 2 1
mimo-reasonix/internal/config/mcpjson.go:126.36,128.3 1 1
mimo-reasonix/internal/config/mcpjson.go:129.2,131.28 3 1
mimo-reasonix/internal/config/mcpjson.go:131.28,133.3 1 1
mimo-reasonix/internal/config/mcpjson.go:134.2,134.30 1 1
mimo-reasonix/internal/config/mcpjson.go:134.30,136.31 2 1
mimo-reasonix/internal/config/mcpjson.go:136.31,137.12 1 1
mimo-reasonix/internal/config/mcpjson.go:139.3,139.20 1 1
mimo-reasonix/internal/config/mcpjson.go:139.20,141.4 1 1
mimo-reasonix/internal/config/mcpjson.go:141.9,141.30 1 1
mimo-reasonix/internal/config/mcpjson.go:141.30,143.4 1 1
mimo-reasonix/internal/config/mcpjson.go:144.3,144.20 1 1
mimo-reasonix/internal/config/mcpjson.go:144.20,145.12 1 1
mimo-reasonix/internal/config/mcpjson.go:147.3,149.32 3 1
mimo-reasonix/internal/config/mcpjson.go:151.2,151.16 1 1
mimo-reasonix/internal/config/mcpjson.go:159.57,162.63 3 1
mimo-reasonix/internal/config/mcpjson.go:162.63,164.3 1 1
mimo-reasonix/internal/config/mcpjson.go:165.2,165.16 1 1
mimo-reasonix/internal/config/mcpjson.go:165.16,167.3 1 0
mimo-reasonix/internal/config/mcpjson.go:168.2,169.103 2 1
mimo-reasonix/internal/config/mcpjson.go:169.103,171.3 1 1
mimo-reasonix/internal/config/mcpjson.go:172.2,172.81 1 1
mimo-reasonix/internal/config/mcpjson.go:172.81,174.3 1 1
mimo-reasonix/internal/config/mcpjson.go:175.2,176.28 2 1
mimo-reasonix/internal/config/mcpjson.go:176.28,178.3 1 0
mimo-reasonix/internal/config/mcpjson.go:179.2,179.46 1 1
mimo-reasonix/internal/config/mcpjson.go:179.46,181.3 1 1
mimo-reasonix/internal/config/mcpjson.go:182.2,182.53 1 0
mimo-reasonix/internal/config/mcpjson.go:187.37,189.2 1 1
mimo-reasonix/internal/config/mcpjson.go:191.71,207.2 3 1
mimo-reasonix/internal/config/mcpjson.go:213.54,215.30 2 1
mimo-reasonix/internal/config/mcpjson.go:215.30,217.3 1 1
mimo-reasonix/internal/config/mcpjson.go:218.2,218.28 1 1
mimo-reasonix/internal/config/mcpjson.go:218.28,219.19 1 1
mimo-reasonix/internal/config/mcpjson.go:219.19,220.12 1 1
mimo-reasonix/internal/config/mcpjson.go:222.3,223.35 2 1
mimo-reasonix/internal/config/mcpjson.go:229.72,231.46 2 1
mimo-reasonix/internal/config/mcpjson.go:231.46,233.3 1 0
mimo-reasonix/internal/config/mcpjson.go:234.2,235.16 2 1
mimo-reasonix/internal/config/mcpjson.go:235.16,237.3 1 0
mimo-reasonix/internal/config/mcpjson.go:238.2,240.29 3 1
mimo-reasonix/internal/config/mcpjson.go:240.29,241.71 1 1
mimo-reasonix/internal/config/mcpjson.go:241.71,243.4 1 0
mimo-reasonix/internal/config/mcpjson.go:245.2,247.16 3 1
mimo-reasonix/internal/config/mcpjson.go:247.16,249.3 1 0
mimo-reasonix/internal/config/mcpjson.go:250.2,251.65 2 1
mimo-reasonix/internal/config/mcpjson.go:251.65,253.3 1 0
mimo-reasonix/internal/config/mcpjson.go:254.2,254.22 1 1
mimo-reasonix/internal/config/mcpjson.go:259.59,261.24 2 0
mimo-reasonix/internal/config/mcpjson.go:261.24,263.3 1 0
mimo-reasonix/internal/config/mcpjson.go:264.2,264.16 1 0
mimo-reasonix/internal/config/mcpjson.go:264.16,266.3 1 0
mimo-reasonix/internal/config/mcpjson.go:267.2,267.33 1 0
mimo-reasonix/internal/config/mcpjson.go:267.33,269.3 1 0
mimo-reasonix/internal/config/mcpjson.go:270.2,271.65 2 0
mimo-reasonix/internal/config/mcpjson.go:271.65,273.3 1 0
mimo-reasonix/internal/config/mcpjson.go:274.2,274.18 1 0
mimo-reasonix/internal/config/mcpjson.go:277.87,279.16 2 1
mimo-reasonix/internal/config/mcpjson.go:279.16,281.3 1 0
mimo-reasonix/internal/config/mcpjson.go:282.2,282.12 1 1
mimo-reasonix/internal/config/mcpjson.go:282.12,284.3 1 0
mimo-reasonix/internal/config/mcpjson.go:285.2,287.16 3 1
mimo-reasonix/internal/config/mcpjson.go:287.16,289.3 1 0
mimo-reasonix/internal/config/mcpjson.go:290.2,290.14 1 1
mimo-reasonix/internal/config/mcpjson.go:290.14,292.3 1 0
mimo-reasonix/internal/config/mcpjson.go:293.2,293.62 1 1
mimo-reasonix/internal/config/mcpjson.go:293.62,295.3 1 0
mimo-reasonix/internal/config/mcpjson.go:296.2,296.27 1 1
mimo-reasonix/internal/config/mcpjson.go:299.98,303.24 4 1
mimo-reasonix/internal/config/mcpjson.go:303.24,305.3 1 1
mimo-reasonix/internal/config/mcpjson.go:306.2,306.16 1 1
mimo-reasonix/internal/config/mcpjson.go:306.16,308.3 1 0
mimo-reasonix/internal/config/mcpjson.go:309.2,309.49 1 1
mimo-reasonix/internal/config/mcpjson.go:309.49,311.3 1 0
mimo-reasonix/internal/config/mcpjson.go:312.2,313.51 2 1
mimo-reasonix/internal/config/mcpjson.go:313.51,315.3 1 0
mimo-reasonix/internal/config/mcpjson.go:316.2,316.72 1 1
mimo-reasonix/internal/config/mcpjson.go:316.72,318.3 1 0
mimo-reasonix/internal/config/mcpjson.go:319.2,319.27 1 1
mimo-reasonix/internal/config/mcpjson.go:322.92,324.21 2 1
mimo-reasonix/internal/config/mcpjson.go:324.21,326.3 1 1
mimo-reasonix/internal/config/mcpjson.go:327.2,327.26 1 1
mimo-reasonix/internal/config/mcpjson.go:327.26,334.3 6 1
mimo-reasonix/internal/config/mcpjson.go:334.8,341.3 6 0
mimo-reasonix/internal/config/mcpjson.go:342.2,345.55 4 1
mimo-reasonix/internal/config/mcpjson.go:348.114,350.16 2 1
mimo-reasonix/internal/config/mcpjson.go:350.16,352.3 1 0
mimo-reasonix/internal/config/mcpjson.go:353.2,354.33 2 1
mimo-reasonix/internal/config/mcpjson.go:357.79,359.24 2 1
mimo-reasonix/internal/config/mcpjson.go:359.24,361.3 1 0
mimo-reasonix/internal/config/mcpjson.go:362.2,362.16 1 1
mimo-reasonix/internal/config/mcpjson.go:362.16,364.3 1 0
mimo-reasonix/internal/config/mcpjson.go:365.2,366.49 2 1
mimo-reasonix/internal/config/mcpjson.go:366.49,368.3 1 0
mimo-reasonix/internal/config/mcpjson.go:369.2,370.87 2 1
mimo-reasonix/internal/config/mcpjson.go:370.87,372.3 1 0
mimo-reasonix/internal/config/mcpjson.go:373.2,374.9 2 1
mimo-reasonix/internal/config/mcpjson.go:374.9,376.3 1 0
mimo-reasonix/internal/config/mcpjson.go:377.2,378.51 2 1
mimo-reasonix/internal/config/mcpjson.go:378.51,380.3 1 0
mimo-reasonix/internal/config/mcpjson.go:381.2,382.14 2 1
mimo-reasonix/internal/config/mcpjson.go:382.14,384.3 1 0
mimo-reasonix/internal/config/mcpjson.go:385.2,390.70 5 1
mimo-reasonix/internal/config/mcpjson.go:390.70,392.3 1 0
mimo-reasonix/internal/config/mcpjson.go:393.2,397.16 5 1
mimo-reasonix/internal/config/mcpjson.go:397.16,399.3 1 0
mimo-reasonix/internal/config/mcpjson.go:400.2,402.16 3 1
mimo-reasonix/internal/config/mcpjson.go:402.16,404.3 1 0
mimo-reasonix/internal/config/mcpjson.go:405.2,406.49 2 1
mimo-reasonix/internal/config/mcpjson.go:406.49,408.3 1 0
mimo-reasonix/internal/config/mcpjson.go:409.2,409.54 1 1
mimo-reasonix/internal/config/mcpjson.go:412.99,413.22 1 1
mimo-reasonix/internal/config/mcpjson.go:413.22,416.3 2 1
mimo-reasonix/internal/config/mcpjson.go:417.2,418.16 2 1
mimo-reasonix/internal/config/mcpjson.go:418.16,421.3 2 0
mimo-reasonix/internal/config/mcpjson.go:422.2,422.19 1 1
mimo-reasonix/internal/config/mcpjson.go:425.77,426.17 1 1
mimo-reasonix/internal/config/mcpjson.go:426.17,429.3 2 0
mimo-reasonix/internal/config/mcpjson.go:430.2,431.16 2 1
mimo-reasonix/internal/config/mcpjson.go:431.16,434.3 2 0
mimo-reasonix/internal/config/mcpjson.go:435.2,435.19 1 1
mimo-reasonix/internal/config/mcpjson.go:438.92,439.22 1 1
mimo-reasonix/internal/config/mcpjson.go:439.22,442.3 2 1
mimo-reasonix/internal/config/mcpjson.go:443.2,444.16 2 1
mimo-reasonix/internal/config/mcpjson.go:444.16,447.3 2 0
mimo-reasonix/internal/config/mcpjson.go:448.2,448.19 1 1
mimo-reasonix/internal/config/mcpjson.go:451.78,452.16 1 1
mimo-reasonix/internal/config/mcpjson.go:452.16,455.3 2 1
mimo-reasonix/internal/config/mcpjson.go:456.2,457.16 2 1
mimo-reasonix/internal/config/mcpjson.go:457.16,460.3 2 0
mimo-reasonix/internal/config/mcpjson.go:461.2,461.19 1 1
mimo-reasonix/internal/config/mcpjson.go:464.93,466.27 2 1
mimo-reasonix/internal/config/mcpjson.go:466.27,467.43 1 1
mimo-reasonix/internal/config/mcpjson.go:467.43,468.12 1 1
mimo-reasonix/internal/config/mcpjson.go:470.3,470.15 1 1
mimo-reasonix/internal/config/mcpjson.go:472.2,472.21 1 1
mimo-reasonix/internal/config/mcpjson.go:472.21,475.3 2 1
mimo-reasonix/internal/config/mcpjson.go:476.2,477.16 2 1
mimo-reasonix/internal/config/mcpjson.go:477.16,480.3 2 0
mimo-reasonix/internal/config/mcpjson.go:481.2,481.19 1 1
mimo-reasonix/internal/config/mcpjson.go:484.81,485.18 1 1
mimo-reasonix/internal/config/mcpjson.go:485.18,488.3 2 1
mimo-reasonix/internal/config/mcpjson.go:489.2,490.16 2 0
mimo-reasonix/internal/config/mcpjson.go:490.16,493.3 2 0
mimo-reasonix/internal/config/mcpjson.go:494.2,494.19 1 0
mimo-reasonix/internal/config/mcpjson.go:497.71,499.16 2 1
mimo-reasonix/internal/config/mcpjson.go:499.16,501.3 1 0
mimo-reasonix/internal/config/mcpjson.go:502.2,504.48 3 1
mimo-reasonix/internal/config/mcpjson.go:504.48,506.3 1 0
mimo-reasonix/internal/config/mcpjson.go:507.2,508.16 2 1
mimo-reasonix/internal/config/mcpjson.go:508.16,510.3 1 0
mimo-reasonix/internal/config/mcpjson.go:511.2,512.42 2 1
mimo-reasonix/internal/config/mcpjson.go:512.42,516.3 3 0
mimo-reasonix/internal/config/mcpjson.go:517.2,517.36 1 1
mimo-reasonix/internal/config/mcpjson.go:517.36,520.3 2 0
mimo-reasonix/internal/config/mcpjson.go:521.2,521.60 1 1
mimo-reasonix/internal/config/mcpjson.go:521.60,524.3 2 0
mimo-reasonix/internal/config/mcpjson.go:525.2,525.12 1 1
mimo-reasonix/internal/config/migrate.go:69.43,72.19 3 0
mimo-reasonix/internal/config/migrate.go:72.19,74.3 1 0
mimo-reasonix/internal/config/migrate.go:75.2,75.16 1 0
mimo-reasonix/internal/config/migrate.go:75.16,77.3 1 0
mimo-reasonix/internal/config/migrate.go:78.2,79.31 2 0
mimo-reasonix/internal/config/migrate.go:79.31,81.3 1 0
mimo-reasonix/internal/config/migrate.go:82.2,82.19 1 0
mimo-reasonix/internal/config/migrate.go:90.56,92.2 1 1
mimo-reasonix/internal/config/migrate.go:94.74,97.16 3 1
mimo-reasonix/internal/config/migrate.go:97.16,99.3 1 0
mimo-reasonix/internal/config/migrate.go:100.2,100.41 1 1
mimo-reasonix/internal/config/migrate.go:100.41,102.3 1 1
mimo-reasonix/internal/config/migrate.go:103.2,104.16 2 1
mimo-reasonix/internal/config/migrate.go:104.16,106.3 1 0
mimo-reasonix/internal/config/migrate.go:107.2,107.81 1 1
mimo-reasonix/internal/config/migrate.go:107.81,108.17 1 1
mimo-reasonix/internal/config/migrate.go:108.17,110.4 1 1
mimo-reasonix/internal/config/migrate.go:111.3,111.18 1 1
mimo-reasonix/internal/config/migrate.go:113.2,115.16 3 1
mimo-reasonix/internal/config/migrate.go:115.16,117.3 1 1
mimo-reasonix/internal/config/migrate.go:118.2,120.54 3 1
mimo-reasonix/internal/config/migrate.go:120.54,122.3 1 0
mimo-reasonix/internal/config/migrate.go:124.2,126.23 3 1
mimo-reasonix/internal/config/migrate.go:126.23,129.3 2 1
mimo-reasonix/internal/config/migrate.go:130.2,130.24 1 1
mimo-reasonix/internal/config/migrate.go:130.24,131.54 1 1
mimo-reasonix/internal/config/migrate.go:131.54,133.4 1 1
mimo-reasonix/internal/config/migrate.go:133.9,135.4 1 0
mimo-reasonix/internal/config/migrate.go:137.2,142.56 5 1
mimo-reasonix/internal/config/migrate.go:142.56,145.103 3 1
mimo-reasonix/internal/config/migrate.go:145.103,148.4 1 1
mimo-reasonix/internal/config/migrate.go:150.2,150.72 1 1
mimo-reasonix/internal/config/migrate.go:150.72,153.3 2 1
mimo-reasonix/internal/config/migrate.go:154.2,156.63 2 1
mimo-reasonix/internal/config/migrate.go:156.63,158.3 1 0
mimo-reasonix/internal/config/migrate.go:159.2,159.44 1 1
mimo-reasonix/internal/config/migrate.go:159.44,161.3 1 0
mimo-reasonix/internal/config/migrate.go:162.2,162.23 1 1
mimo-reasonix/internal/config/migrate.go:162.23,163.61 1 1
mimo-reasonix/internal/config/migrate.go:163.61,165.4 1 0
mimo-reasonix/internal/config/migrate.go:167.2,167.21 1 1
mimo-reasonix/internal/config/migrate.go:170.57,172.2 1 1
mimo-reasonix/internal/config/migrate.go:179.96,181.18 2 1
mimo-reasonix/internal/config/migrate.go:181.18,183.3 1 0
mimo-reasonix/internal/config/migrate.go:184.2,184.43 1 1
mimo-reasonix/internal/config/migrate.go:184.43,186.3 1 0
mimo-reasonix/internal/config/migrate.go:186.8,186.46 1 1
mimo-reasonix/internal/config/migrate.go:186.46,188.3 1 0
mimo-reasonix/internal/config/migrate.go:190.2,191.16 2 1
mimo-reasonix/internal/config/migrate.go:191.16,193.3 1 1
mimo-reasonix/internal/config/migrate.go:194.2,194.16 1 1
mimo-reasonix/internal/config/migrate.go:194.16,196.3 1 1
mimo-reasonix/internal/config/migrate.go:197.2,197.65 1 0
mimo-reasonix/internal/config/migrate.go:197.65,199.3 1 0
mimo-reasonix/internal/config/migrate.go:200.2,200.68 1 0
mimo-reasonix/internal/config/migrate.go:200.68,202.3 1 0
mimo-reasonix/internal/config/migrate.go:203.2,203.17 1 0
mimo-reasonix/internal/config/migrate.go:206.87,208.16 2 1
mimo-reasonix/internal/config/migrate.go:208.16,210.3 1 0
mimo-reasonix/internal/config/migrate.go:211.2,212.16 2 1
mimo-reasonix/internal/config/migrate.go:212.16,214.3 1 1
mimo-reasonix/internal/config/migrate.go:215.2,216.36 2 1
mimo-reasonix/internal/config/migrate.go:216.36,217.52 1 0
mimo-reasonix/internal/config/migrate.go:217.52,219.4 1 0
mimo-reasonix/internal/config/migrate.go:222.2,223.44 2 1
mimo-reasonix/internal/config/migrate.go:223.44,224.24 1 1
mimo-reasonix/internal/config/migrate.go:224.24,226.4 1 1
mimo-reasonix/internal/config/migrate.go:227.3,228.33 2 0
mimo-reasonix/internal/config/migrate.go:228.33,231.64 3 0
mimo-reasonix/internal/config/migrate.go:231.64,232.13 1 0
mimo-reasonix/internal/config/migrate.go:234.4,236.18 3 0
mimo-reasonix/internal/config/migrate.go:240.2,241.63 2 1
mimo-reasonix/internal/config/migrate.go:241.63,243.3 1 1
mimo-reasonix/internal/config/migrate.go:244.2,244.65 1 1
mimo-reasonix/internal/config/migrate.go:244.65,246.80 2 0
mimo-reasonix/internal/config/migrate.go:246.80,248.4 1 0
mimo-reasonix/internal/config/migrate.go:250.2,252.25 2 1
mimo-reasonix/internal/config/migrate.go:252.25,254.3 1 1
mimo-reasonix/internal/config/migrate.go:255.2,255.22 1 0
mimo-reasonix/internal/config/migrate.go:255.22,256.46 1 0
mimo-reasonix/internal/config/migrate.go:256.46,258.4 1 0
mimo-reasonix/internal/config/migrate.go:260.2,260.20 1 0
mimo-reasonix/internal/config/migrate.go:263.44,265.15 2 1
mimo-reasonix/internal/config/migrate.go:265.15,267.3 1 0
mimo-reasonix/internal/config/migrate.go:268.2,268.54 1 1
mimo-reasonix/internal/config/migrate.go:271.62,273.51 2 1
mimo-reasonix/internal/config/migrate.go:273.51,274.41 1 1
mimo-reasonix/internal/config/migrate.go:274.41,275.12 1 0
mimo-reasonix/internal/config/migrate.go:277.3,277.30 1 1
mimo-reasonix/internal/config/migrate.go:279.2,279.14 1 1
mimo-reasonix/internal/config/migrate.go:282.59,284.16 2 1
mimo-reasonix/internal/config/migrate.go:284.16,286.3 1 0
mimo-reasonix/internal/config/migrate.go:287.2,287.41 1 1
mimo-reasonix/internal/config/migrate.go:287.41,289.3 1 1
mimo-reasonix/internal/config/migrate.go:290.2,291.55 2 0
mimo-reasonix/internal/config/migrate.go:291.55,293.3 1 0
mimo-reasonix/internal/config/migrate.go:294.2,295.32 2 0
mimo-reasonix/internal/config/migrate.go:295.32,298.3 2 0
mimo-reasonix/internal/config/migrate.go:299.2,299.12 1 0
mimo-reasonix/internal/config/migrate.go:302.57,303.35 1 1
mimo-reasonix/internal/config/migrate.go:303.35,305.3 1 0
mimo-reasonix/internal/config/migrate.go:306.2,307.16 2 1
mimo-reasonix/internal/config/migrate.go:307.16,309.3 1 1
mimo-reasonix/internal/config/migrate.go:310.2,312.54 3 0
mimo-reasonix/internal/config/migrate.go:312.54,314.3 1 0
mimo-reasonix/internal/config/migrate.go:315.2,315.30 1 0
mimo-reasonix/internal/config/migrate.go:318.59,321.29 3 1
mimo-reasonix/internal/config/migrate.go:321.29,323.17 2 0
mimo-reasonix/internal/config/migrate.go:323.17,324.12 1 0
mimo-reasonix/internal/config/migrate.go:326.3,326.49 1 0
mimo-reasonix/internal/config/migrate.go:326.49,328.4 1 0
mimo-reasonix/internal/config/migrate.go:329.3,330.17 2 0
mimo-reasonix/internal/config/migrate.go:330.17,331.12 1 0
mimo-reasonix/internal/config/migrate.go:333.3,334.26 2 0
mimo-reasonix/internal/config/migrate.go:336.2,336.12 1 1
mimo-reasonix/internal/config/migrate.go:339.65,341.32 2 1
mimo-reasonix/internal/config/migrate.go:341.32,343.3 1 1
mimo-reasonix/internal/config/migrate.go:344.2,344.54 1 1
mimo-reasonix/internal/config/migrate.go:344.54,345.16 1 1
mimo-reasonix/internal/config/migrate.go:345.16,346.12 1 1
mimo-reasonix/internal/config/migrate.go:348.3,348.63 1 1
mimo-reasonix/internal/config/migrate.go:348.63,350.4 1 1
mimo-reasonix/internal/config/migrate.go:352.2,352.47 1 1
mimo-reasonix/internal/config/migrate.go:352.47,353.16 1 1
mimo-reasonix/internal/config/migrate.go:353.16,354.12 1 0
mimo-reasonix/internal/config/migrate.go:356.3,357.17 2 1
mimo-reasonix/internal/config/migrate.go:357.17,358.12 1 1
mimo-reasonix/internal/config/migrate.go:360.3,361.39 2 1
mimo-reasonix/internal/config/migrate.go:361.39,362.56 1 1
mimo-reasonix/internal/config/migrate.go:362.56,364.5 1 1
mimo-reasonix/internal/config/migrate.go:367.2,367.23 1 1
mimo-reasonix/internal/config/migrate.go:367.23,369.3 1 1
mimo-reasonix/internal/config/migrate.go:370.2,371.12 2 1
mimo-reasonix/internal/config/migrate.go:374.62,376.31 2 1
mimo-reasonix/internal/config/migrate.go:376.31,378.3 1 1
mimo-reasonix/internal/config/migrate.go:379.2,381.27 3 1
mimo-reasonix/internal/config/migrate.go:381.27,383.3 1 1
mimo-reasonix/internal/config/migrate.go:384.2,384.14 1 1
mimo-reasonix/internal/config/migrate.go:387.64,388.47 1 1
mimo-reasonix/internal/config/migrate.go:388.47,390.3 1 1
mimo-reasonix/internal/config/migrate.go:391.2,398.96 8 1
mimo-reasonix/internal/config/migrate.go:401.53,408.2 1 1
mimo-reasonix/internal/config/migrate.go:410.67,413.48 3 1
mimo-reasonix/internal/config/migrate.go:413.48,415.33 2 1
mimo-reasonix/internal/config/migrate.go:415.33,416.12 1 1
mimo-reasonix/internal/config/migrate.go:418.3,419.27 2 1
mimo-reasonix/internal/config/migrate.go:421.2,421.12 1 1
mimo-reasonix/internal/config/migrate.go:424.77,425.50 1 1
mimo-reasonix/internal/config/migrate.go:425.50,426.63 1 1
mimo-reasonix/internal/config/migrate.go:426.63,427.12 1 0
mimo-reasonix/internal/config/migrate.go:429.3,429.41 1 1
mimo-reasonix/internal/config/migrate.go:429.41,430.12 1 1
mimo-reasonix/internal/config/migrate.go:432.3,433.45 2 1
mimo-reasonix/internal/config/migrate.go:433.45,435.4 1 0
mimo-reasonix/internal/config/migrate.go:436.3,437.106 2 1
mimo-reasonix/internal/config/migrate.go:437.106,439.4 1 0
mimo-reasonix/internal/config/migrate.go:440.3,440.64 1 1
mimo-reasonix/internal/config/migrate.go:440.64,442.4 1 0
mimo-reasonix/internal/config/migrate.go:443.3,443.45 1 1
mimo-reasonix/internal/config/migrate.go:443.45,445.4 1 0
mimo-reasonix/internal/config/migrate.go:446.3,449.35 4 1
mimo-reasonix/internal/config/migrate.go:449.35,450.76 1 1
mimo-reasonix/internal/config/migrate.go:450.76,452.5 1 1
mimo-reasonix/internal/config/migrate.go:454.3,454.18 1 1
mimo-reasonix/internal/config/migrate.go:456.2,456.17 1 1
mimo-reasonix/internal/config/migrate.go:459.50,462.27 3 1
mimo-reasonix/internal/config/migrate.go:462.27,463.17 1 1
mimo-reasonix/internal/config/migrate.go:463.17,465.4 1 0
mimo-reasonix/internal/config/migrate.go:466.3,467.17 2 1
mimo-reasonix/internal/config/migrate.go:467.17,469.4 1 1
mimo-reasonix/internal/config/migrate.go:470.3,471.30 2 1
mimo-reasonix/internal/config/migrate.go:473.2,473.52 1 1
mimo-reasonix/internal/config/migrate.go:473.52,475.3 1 1
mimo-reasonix/internal/config/migrate.go:476.2,476.48 1 1
mimo-reasonix/internal/config/migrate.go:476.48,479.3 2 1
mimo-reasonix/internal/config/migrate.go:480.2,481.16 2 1
mimo-reasonix/internal/config/migrate.go:481.16,483.3 1 1
mimo-reasonix/internal/config/migrate.go:484.2,484.14 1 1
mimo-reasonix/internal/config/migrate.go:487.56,489.33 2 1
mimo-reasonix/internal/config/migrate.go:489.33,491.3 1 1
mimo-reasonix/internal/config/migrate.go:492.2,492.31 1 1
mimo-reasonix/internal/config/migrate.go:492.31,493.55 1 1
mimo-reasonix/internal/config/migrate.go:493.55,495.4 1 1
mimo-reasonix/internal/config/migrate.go:499.55,501.39 2 1
mimo-reasonix/internal/config/migrate.go:501.39,503.3 1 1
mimo-reasonix/internal/config/migrate.go:504.2,506.40 3 1
mimo-reasonix/internal/config/migrate.go:506.40,507.10 1 1
mimo-reasonix/internal/config/migrate.go:507.10,510.4 2 1
mimo-reasonix/internal/config/migrate.go:511.3,512.36 2 1
mimo-reasonix/internal/config/migrate.go:512.36,515.4 2 1
mimo-reasonix/internal/config/migrate.go:516.3,517.24 2 1
mimo-reasonix/internal/config/migrate.go:519.2,519.33 1 1
mimo-reasonix/internal/config/migrate.go:519.33,521.10 2 1
mimo-reasonix/internal/config/migrate.go:521.10,522.12 1 0
mimo-reasonix/internal/config/migrate.go:524.3,524.20 1 1
mimo-reasonix/internal/config/migrate.go:524.20,526.4 1 0
mimo-reasonix/internal/config/migrate.go:526.9,526.30 1 1
mimo-reasonix/internal/config/migrate.go:526.30,528.4 1 1
mimo-reasonix/internal/config/migrate.go:529.3,529.29 1 1
mimo-reasonix/internal/config/migrate.go:531.2,532.35 2 1
mimo-reasonix/internal/config/migrate.go:532.35,534.3 1 1
mimo-reasonix/internal/config/migrate.go:535.2,536.29 2 1
mimo-reasonix/internal/config/migrate.go:536.29,548.3 3 1
mimo-reasonix/internal/config/migrate.go:549.2,549.12 1 1
mimo-reasonix/internal/config/migrate.go:554.42,555.47 1 1
mimo-reasonix/internal/config/migrate.go:556.33,557.16 1 1
mimo-reasonix/internal/config/migrate.go:558.13,559.15 1 0
mimo-reasonix/internal/config/migrate.go:560.10,561.12 1 1
mimo-reasonix/internal/config/migrate.go:565.40,566.32 1 1
mimo-reasonix/internal/config/migrate.go:566.32,568.3 1 1
mimo-reasonix/internal/config/migrate.go:569.2,569.10 1 1
mimo-reasonix/internal/config/migrate.go:574.66,575.41 1 1
mimo-reasonix/internal/config/migrate.go:575.41,577.3 1 1
mimo-reasonix/internal/config/migrate.go:578.2,579.25 2 1
mimo-reasonix/internal/config/migrate.go:579.25,581.3 1 1
mimo-reasonix/internal/config/migrate.go:582.2,582.28 1 1
mimo-reasonix/internal/config/migrate.go:582.28,584.3 1 1
mimo-reasonix/internal/config/migrate.go:585.2,585.12 1 1
mimo-reasonix/internal/config/migrate.go:593.61,594.55 1 1
mimo-reasonix/internal/config/migrate.go:594.55,595.48 1 0
mimo-reasonix/internal/config/migrate.go:595.48,597.4 1 0
mimo-reasonix/internal/config/migrate.go:598.3,598.13 1 0
mimo-reasonix/internal/config/migrate.go:600.2,600.12 1 1
mimo-reasonix/internal/config/migrate.go:603.60,606.29 3 1
mimo-reasonix/internal/config/migrate.go:606.29,609.17 3 1
mimo-reasonix/internal/config/migrate.go:609.17,610.26 1 1
mimo-reasonix/internal/config/migrate.go:610.26,611.13 1 1
mimo-reasonix/internal/config/migrate.go:613.4,614.12 2 0
mimo-reasonix/internal/config/migrate.go:616.3,617.17 2 1
mimo-reasonix/internal/config/migrate.go:617.17,618.44 1 1
mimo-reasonix/internal/config/migrate.go:618.44,620.5 1 0
mimo-reasonix/internal/config/migrate.go:620.10,622.5 1 1
mimo-reasonix/internal/config/migrate.go:623.9,624.45 1 1
mimo-reasonix/internal/config/migrate.go:624.45,626.5 1 0
mimo-reasonix/internal/config/migrate.go:626.10,628.5 1 1
mimo-reasonix/internal/config/migrate.go:631.2,631.17 1 1
mimo-reasonix/internal/config/migrate.go:634.38,636.16 2 1
mimo-reasonix/internal/config/migrate.go:636.16,638.3 1 0
mimo-reasonix/internal/config/migrate.go:639.2,640.16 2 1
mimo-reasonix/internal/config/migrate.go:640.16,642.3 1 0
mimo-reasonix/internal/config/migrate.go:643.2,646.35 3 1
mimo-reasonix/internal/config/migrate.go:646.35,648.3 1 1
mimo-reasonix/internal/config/migrate.go:649.2,649.67 1 1
mimo-reasonix/internal/config/migrate.go:649.67,651.3 1 0
mimo-reasonix/internal/config/migrate.go:653.2,654.15 2 1
mimo-reasonix/internal/config/migrate.go:654.15,656.3 1 0
mimo-reasonix/internal/config/migrate.go:657.2,658.16 2 1
mimo-reasonix/internal/config/migrate.go:658.16,660.3 1 0
mimo-reasonix/internal/config/migrate.go:661.2,663.43 2 1
mimo-reasonix/internal/config/migrate.go:663.43,665.3 1 0
mimo-reasonix/internal/config/migrate.go:666.2,666.35 1 1
mimo-reasonix/internal/config/migrate.go:666.35,668.3 1 0
mimo-reasonix/internal/config/migrate.go:669.2,669.28 1 1
mimo-reasonix/internal/config/migrate.go:672.37,674.16 2 1
mimo-reasonix/internal/config/migrate.go:674.16,676.3 1 0
mimo-reasonix/internal/config/migrate.go:677.2,678.16 2 1
mimo-reasonix/internal/config/migrate.go:678.16,680.3 1 0
mimo-reasonix/internal/config/migrate.go:682.2,683.15 2 1
mimo-reasonix/internal/config/migrate.go:683.15,685.3 1 0
mimo-reasonix/internal/config/migrate.go:686.2,686.47 1 1
mimo-reasonix/internal/config/migrate.go:686.47,688.3 1 0
mimo-reasonix/internal/config/migrate.go:689.2,689.44 1 1
mimo-reasonix/internal/config/migrate.go:689.44,691.3 1 0
mimo-reasonix/internal/config/migrate.go:693.2,693.32 1 1
mimo-reasonix/internal/config/migrate.go:693.32,697.20 3 1
mimo-reasonix/internal/config/migrate.go:697.20,698.52 1 1
mimo-reasonix/internal/config/migrate.go:698.52,700.5 1 0
mimo-reasonix/internal/config/migrate.go:701.9,702.53 1 1
mimo-reasonix/internal/config/migrate.go:702.53,704.5 1 0
mimo-reasonix/internal/config/migrate.go:707.2,707.12 1 1
mimo-reasonix/internal/config/paths.go:13.34,15.17 2 1
mimo-reasonix/internal/config/paths.go:15.17,17.4 1 0
mimo-reasonix/internal/config/paths.go:18.3,18.13 1 1
mimo-reasonix/internal/config/paths.go:22.30,24.15 2 1
mimo-reasonix/internal/config/paths.go:24.15,26.3 1 0
mimo-reasonix/internal/config/paths.go:27.2,27.42 1 1
mimo-reasonix/internal/config/paths.go:30.29,32.2 1 1
mimo-reasonix/internal/config/paths.go:34.31,35.52 1 1
mimo-reasonix/internal/config/paths.go:35.52,37.3 1 1
mimo-reasonix/internal/config/paths.go:38.2,38.30 1 1
mimo-reasonix/internal/config/paths.go:38.30,39.42 1 1
mimo-reasonix/internal/config/paths.go:39.42,41.4 1 0
mimo-reasonix/internal/config/paths.go:42.3,42.61 1 1
mimo-reasonix/internal/config/paths.go:42.61,44.4 1 1
mimo-reasonix/internal/config/paths.go:45.3,45.12 1 0
mimo-reasonix/internal/config/paths.go:47.2,47.60 1 1
mimo-reasonix/internal/config/paths.go:47.60,49.3 1 1
mimo-reasonix/internal/config/paths.go:50.2,50.41 1 0
mimo-reasonix/internal/config/paths.go:50.41,52.3 1 0
mimo-reasonix/internal/config/paths.go:53.2,53.11 1 0
mimo-reasonix/internal/config/paths.go:56.34,58.19 2 1
mimo-reasonix/internal/config/paths.go:58.19,60.3 1 0
mimo-reasonix/internal/config/paths.go:61.2,61.44 1 1
mimo-reasonix/internal/config/paths.go:61.44,63.3 1 1
mimo-reasonix/internal/config/paths.go:64.2,64.52 1 1
mimo-reasonix/internal/config/paths.go:64.52,65.44 1 1
mimo-reasonix/internal/config/paths.go:65.44,67.4 1 1
mimo-reasonix/internal/config/paths.go:69.2,69.48 1 1
mimo-reasonix/internal/config/paths.go:69.48,70.48 1 1
mimo-reasonix/internal/config/paths.go:70.48,71.12 1 0
mimo-reasonix/internal/config/paths.go:73.3,73.44 1 1
mimo-reasonix/internal/config/paths.go:73.44,75.4 1 0
mimo-reasonix/internal/config/paths.go:77.2,77.16 1 1
mimo-reasonix/internal/config/paths.go:80.36,82.15 2 1
mimo-reasonix/internal/config/paths.go:82.15,84.3 1 0
mimo-reasonix/internal/config/paths.go:85.2,86.75 2 1
mimo-reasonix/internal/config/paths.go:86.75,88.3 1 0
mimo-reasonix/internal/config/paths.go:89.2,89.13 1 1
mimo-reasonix/internal/config/paths.go:92.42,94.36 2 1
mimo-reasonix/internal/config/paths.go:94.36,96.3 1 1
mimo-reasonix/internal/config/paths.go:97.2,97.42 1 1
mimo-reasonix/internal/config/paths.go:97.42,99.3 1 1
mimo-reasonix/internal/config/paths.go:100.2,101.14 2 1
mimo-reasonix/internal/config/paths.go:104.38,105.30 1 1
mimo-reasonix/internal/config/paths.go:105.30,107.3 1 0
mimo-reasonix/internal/config/paths.go:108.2,110.27 3 1
mimo-reasonix/internal/config/paths.go:110.27,111.17 1 1
mimo-reasonix/internal/config/paths.go:111.17,113.4 1 0
mimo-reasonix/internal/config/paths.go:114.3,115.17 2 1
mimo-reasonix/internal/config/paths.go:115.17,117.4 1 1
mimo-reasonix/internal/config/paths.go:118.3,119.30 2 1
mimo-reasonix/internal/config/paths.go:121.2,121.54 1 1
mimo-reasonix/internal/config/paths.go:121.54,123.3 1 1
mimo-reasonix/internal/config/paths.go:124.2,124.60 1 1
mimo-reasonix/internal/config/paths.go:124.60,126.3 1 1
mimo-reasonix/internal/config/paths.go:127.2,127.14 1 1
mimo-reasonix/internal/config/paths.go:130.30,131.58 1 1
mimo-reasonix/internal/config/paths.go:131.58,133.3 1 0
mimo-reasonix/internal/config/paths.go:134.2,134.26 1 1
mimo-reasonix/internal/config/paths.go:137.34,139.15 2 1
mimo-reasonix/internal/config/paths.go:139.15,141.3 1 0
mimo-reasonix/internal/config/paths.go:142.2,143.76 2 1
mimo-reasonix/internal/config/paths.go:143.76,145.3 1 0
mimo-reasonix/internal/config/paths.go:146.2,146.13 1 1
mimo-reasonix/internal/config/paths.go:149.28,150.58 1 0
mimo-reasonix/internal/config/paths.go:150.58,152.3 1 0
mimo-reasonix/internal/config/paths.go:153.2,154.16 2 0
mimo-reasonix/internal/config/paths.go:154.16,156.3 1 0
mimo-reasonix/internal/config/paths.go:157.2,157.44 1 0
mimo-reasonix/internal/config/paths.go:160.38,162.15 2 1
mimo-reasonix/internal/config/paths.go:162.15,164.3 1 1
mimo-reasonix/internal/config/paths.go:165.2,166.16 2 1
mimo-reasonix/internal/config/paths.go:166.16,167.61 1 0
mimo-reasonix/internal/config/paths.go:167.61,169.4 1 0
mimo-reasonix/internal/config/paths.go:170.8,170.73 1 1
mimo-reasonix/internal/config/paths.go:170.73,171.61 1 0
mimo-reasonix/internal/config/paths.go:171.61,173.4 1 0
mimo-reasonix/internal/config/paths.go:175.2,175.26 1 1
mimo-reasonix/internal/config/paths.go:175.26,176.48 1 0
mimo-reasonix/internal/config/paths.go:176.48,178.4 1 0
mimo-reasonix/internal/config/paths.go:180.2,180.28 1 1
mimo-reasonix/internal/config/paths.go:183.33,184.24 1 1
mimo-reasonix/internal/config/paths.go:184.24,186.3 1 0
mimo-reasonix/internal/config/paths.go:187.2,189.17 3 1
mimo-reasonix/internal/config/paths.go:189.17,191.3 1 1
mimo-reasonix/internal/config/paths.go:192.2,192.17 1 1
mimo-reasonix/internal/config/paths.go:192.17,194.3 1 1
mimo-reasonix/internal/config/paths.go:195.2,195.47 1 1
mimo-reasonix/internal/config/paths.go:201.37,203.13 2 1
mimo-reasonix/internal/config/paths.go:203.13,205.3 1 0
mimo-reasonix/internal/config/paths.go:206.2,206.60 1 1
mimo-reasonix/internal/config/paths.go:206.60,207.85 1 1
mimo-reasonix/internal/config/paths.go:207.85,209.4 1 1
mimo-reasonix/internal/config/paths.go:211.2,211.10 1 0
mimo-reasonix/internal/config/paths.go:219.30,219.57 1 1
mimo-reasonix/internal/config/paths.go:224.36,224.69 1 0
mimo-reasonix/internal/config/paths.go:228.39,231.27 3 0
mimo-reasonix/internal/config/paths.go:231.27,232.44 1 0
mimo-reasonix/internal/config/paths.go:232.44,234.4 1 0
mimo-reasonix/internal/config/paths.go:235.3,235.32 1 0
mimo-reasonix/internal/config/paths.go:235.32,236.32 1 0
mimo-reasonix/internal/config/paths.go:236.32,238.5 1 0
mimo-reasonix/internal/config/paths.go:240.3,240.26 1 0
mimo-reasonix/internal/config/paths.go:242.2,243.46 2 0
mimo-reasonix/internal/config/paths.go:243.46,245.3 1 0
mimo-reasonix/internal/config/paths.go:246.2,246.12 1 0
mimo-reasonix/internal/config/paths.go:253.31,253.59 1 0
mimo-reasonix/internal/config/paths.go:260.35,262.15 2 1
mimo-reasonix/internal/config/paths.go:262.15,264.3 1 0
mimo-reasonix/internal/config/paths.go:265.2,265.35 1 1
mimo-reasonix/internal/config/paths.go:271.26,273.15 2 0
mimo-reasonix/internal/config/paths.go:273.15,275.3 1 0
mimo-reasonix/internal/config/paths.go:276.2,276.38 1 0
mimo-reasonix/internal/config/paths.go:282.26,284.15 2 0
mimo-reasonix/internal/config/paths.go:284.15,286.3 1 0
mimo-reasonix/internal/config/paths.go:287.2,287.39 1 0
mimo-reasonix/internal/config/paths.go:293.53,296.30 3 0
mimo-reasonix/internal/config/paths.go:296.30,298.3 1 0
mimo-reasonix/internal/config/paths.go:299.2,299.48 1 0
mimo-reasonix/internal/config/paths.go:299.48,301.3 1 0
mimo-reasonix/internal/config/paths.go:302.2,302.73 1 0
mimo-reasonix/internal/config/paths.go:307.53,310.30 3 0
mimo-reasonix/internal/config/paths.go:310.30,312.3 1 0
mimo-reasonix/internal/config/paths.go:313.2,313.48 1 0
mimo-reasonix/internal/config/paths.go:313.48,315.3 1 0
mimo-reasonix/internal/config/paths.go:316.2,316.83 1 0
mimo-reasonix/internal/config/paths.go:321.43,323.2 1 0
mimo-reasonix/internal/config/paths.go:328.24,330.15 2 0
mimo-reasonix/internal/config/paths.go:330.15,332.3 1 0
mimo-reasonix/internal/config/paths.go:333.2,333.12 1 0
mimo-reasonix/internal/config/paths.go:339.29,341.2 1 0
mimo-reasonix/internal/config/paths.go:355.54,357.48 2 1
mimo-reasonix/internal/config/paths.go:357.48,359.3 1 1
mimo-reasonix/internal/config/paths.go:360.2,360.12 1 1
mimo-reasonix/internal/config/paths.go:371.29,373.2 1 1
mimo-reasonix/internal/config/paths.go:378.47,381.26 3 1
mimo-reasonix/internal/config/paths.go:381.26,382.16 1 1
mimo-reasonix/internal/config/paths.go:382.16,384.4 1 0
mimo-reasonix/internal/config/paths.go:385.3,385.33 1 1
mimo-reasonix/internal/config/paths.go:385.33,386.31 1 1
mimo-reasonix/internal/config/paths.go:386.31,388.5 1 1
mimo-reasonix/internal/config/paths.go:390.3,390.27 1 1
mimo-reasonix/internal/config/paths.go:392.2,392.44 1 1
mimo-reasonix/internal/config/paths.go:392.44,394.3 1 1
mimo-reasonix/internal/config/paths.go:395.2,395.48 1 1
mimo-reasonix/internal/config/paths.go:395.48,397.3 1 1
mimo-reasonix/internal/config/paths.go:398.2,398.46 1 1
mimo-reasonix/internal/config/paths.go:398.46,399.62 1 1
mimo-reasonix/internal/config/paths.go:399.62,401.4 1 1
mimo-reasonix/internal/config/paths.go:403.2,403.39 1 1
mimo-reasonix/internal/config/paths.go:403.39,405.3 1 1
mimo-reasonix/internal/config/paths.go:406.2,406.75 1 1
mimo-reasonix/internal/config/paths.go:406.75,408.3 1 0
mimo-reasonix/internal/config/paths.go:409.2,409.61 1 1
mimo-reasonix/internal/config/paths.go:409.61,411.3 1 1
mimo-reasonix/internal/config/paths.go:412.2,412.13 1 1
mimo-reasonix/internal/config/paths.go:416.26,418.2 1 1
mimo-reasonix/internal/config/paths.go:422.44,425.17 3 1
mimo-reasonix/internal/config/paths.go:425.17,427.3 1 0
mimo-reasonix/internal/config/paths.go:428.2,428.48 1 1
mimo-reasonix/internal/config/paths.go:428.48,430.3 1 0
mimo-reasonix/internal/config/paths.go:431.2,431.42 1 1
mimo-reasonix/internal/config/paths.go:431.42,432.40 1 1
mimo-reasonix/internal/config/paths.go:432.40,434.4 1 1
mimo-reasonix/internal/config/paths.go:436.2,436.11 1 0
mimo-reasonix/internal/config/pricing.go:13.47,15.2 1 1
mimo-reasonix/internal/config/pricing.go:17.45,19.2 1 1
mimo-reasonix/internal/config/pricing.go:21.54,26.2 1 1
mimo-reasonix/internal/config/pricing.go:28.50,30.2 1 1
mimo-reasonix/internal/config/pricing.go:32.48,34.2 1 1
mimo-reasonix/internal/config/pricing.go:36.57,41.2 1 1
mimo-reasonix/internal/config/pricing.go:46.76,49.2 2 0
mimo-reasonix/internal/config/pricing.go:51.72,54.2 2 1
mimo-reasonix/internal/config/pricing.go:56.68,59.2 2 1
mimo-reasonix/internal/config/pricing.go:64.59,67.2 2 1
mimo-reasonix/internal/config/pricing.go:72.56,74.2 1 1
mimo-reasonix/internal/config/pricing.go:76.53,77.14 1 1
mimo-reasonix/internal/config/pricing.go:77.14,79.3 1 0
mimo-reasonix/internal/config/pricing.go:80.2,81.29 2 1
mimo-reasonix/internal/config/pricing.go:81.29,83.44 2 1
mimo-reasonix/internal/config/pricing.go:83.44,84.12 1 1
mimo-reasonix/internal/config/pricing.go:86.3,86.55 1 1
mimo-reasonix/internal/config/pricing.go:86.55,88.4 1 1
mimo-reasonix/internal/config/pricing.go:89.3,89.38 1 1
mimo-reasonix/internal/config/pricing.go:89.38,90.52 1 1
mimo-reasonix/internal/config/pricing.go:90.52,92.5 1 0
mimo-reasonix/internal/config/pricing.go:97.42,99.2 1 1
mimo-reasonix/internal/config/pricing.go:101.39,103.2 1 1
mimo-reasonix/internal/config/pricing.go:105.43,107.2 1 1
mimo-reasonix/internal/config/pricing.go:109.71,111.31 2 1
mimo-reasonix/internal/config/pricing.go:111.31,112.35 1 1
mimo-reasonix/internal/config/pricing.go:113.39,114.37 1 1
mimo-reasonix/internal/config/pricing.go:115.36,116.34 1 1
mimo-reasonix/internal/config/pricing.go:117.24,118.38 1 1
mimo-reasonix/internal/config/pricing.go:121.2,121.15 1 1
mimo-reasonix/internal/config/pricing.go:128.71,130.16 2 1
mimo-reasonix/internal/config/pricing.go:130.16,132.3 1 0
mimo-reasonix/internal/config/pricing.go:133.2,133.41 1 1
mimo-reasonix/internal/config/pricing.go:133.41,134.25 1 0
mimo-reasonix/internal/config/pricing.go:134.25,136.4 1 0
mimo-reasonix/internal/config/pricing.go:137.3,137.20 1 0
mimo-reasonix/internal/config/pricing.go:139.2,140.58 2 1
mimo-reasonix/internal/config/pricing.go:140.58,142.3 1 0
mimo-reasonix/internal/config/pricing.go:143.2,143.53 1 1
mimo-reasonix/internal/config/pricing.go:143.53,145.3 1 1
mimo-reasonix/internal/config/pricing.go:146.2,149.41 4 1
mimo-reasonix/internal/config/pricing.go:149.41,151.3 1 0
mimo-reasonix/internal/config/pricing.go:152.2,152.18 1 1
mimo-reasonix/internal/config/pricing.go:155.54,156.14 1 1
mimo-reasonix/internal/config/pricing.go:156.14,158.3 1 0
mimo-reasonix/internal/config/pricing.go:159.2,159.29 1 1
mimo-reasonix/internal/config/pricing.go:159.29,161.10 2 1
mimo-reasonix/internal/config/pricing.go:162.46,163.35 1 1
mimo-reasonix/internal/config/pricing.go:168.53,169.14 1 1
mimo-reasonix/internal/config/pricing.go:169.14,171.3 1 0
mimo-reasonix/internal/config/pricing.go:172.2,174.60 3 1
mimo-reasonix/internal/config/pricing.go:174.60,175.66 1 0
mimo-reasonix/internal/config/pricing.go:175.66,179.4 3 0
mimo-reasonix/internal/config/pricing.go:181.2,181.21 1 1
mimo-reasonix/internal/config/pricing.go:181.21,183.3 1 0
mimo-reasonix/internal/config/pricing.go:184.2,184.37 1 1
mimo-reasonix/internal/config/pricing.go:184.37,185.24 1 1
mimo-reasonix/internal/config/pricing.go:185.24,187.4 1 1
mimo-reasonix/internal/config/pricing.go:191.81,193.33 2 1
mimo-reasonix/internal/config/pricing.go:193.33,195.3 1 1
mimo-reasonix/internal/config/pricing.go:196.2,196.99 1 1
mimo-reasonix/internal/config/pricing.go:196.99,197.40 1 1
mimo-reasonix/internal/config/pricing.go:197.40,199.4 1 1
mimo-reasonix/internal/config/pricing.go:201.2,201.14 1 1
mimo-reasonix/internal/config/pricing.go:204.47,205.26 1 1
mimo-reasonix/internal/config/pricing.go:205.26,207.3 1 1
mimo-reasonix/internal/config/pricing.go:208.2,208.107 1 1
mimo-reasonix/internal/config/render.go:24.35,26.2 1 1
mimo-reasonix/internal/config/render.go:32.62,33.14 1 1
mimo-reasonix/internal/config/render.go:33.14,35.3 1 0
mimo-reasonix/internal/config/render.go:36.2,36.15 1 1
mimo-reasonix/internal/config/render.go:37.43,37.43 0 1
mimo-reasonix/internal/config/render.go:38.10,39.26 1 1
mimo-reasonix/internal/config/render.go:41.2,41.33 1 1
mimo-reasonix/internal/config/render.go:41.33,43.3 1 1
mimo-reasonix/internal/config/render.go:44.2,54.22 9 1
mimo-reasonix/internal/config/render.go:54.22,56.3 1 1
mimo-reasonix/internal/config/render.go:56.8,58.3 1 1
mimo-reasonix/internal/config/render.go:59.2,59.33 1 1
mimo-reasonix/internal/config/render.go:59.33,61.3 1 1
mimo-reasonix/internal/config/render.go:62.2,64.40 2 1
mimo-reasonix/internal/config/render.go:64.40,67.45 3 1
mimo-reasonix/internal/config/render.go:67.45,69.4 1 1
mimo-reasonix/internal/config/render.go:69.9,71.4 1 1
mimo-reasonix/internal/config/render.go:72.3,72.58 1 1
mimo-reasonix/internal/config/render.go:72.58,74.4 1 1
mimo-reasonix/internal/config/render.go:74.9,76.4 1 1
mimo-reasonix/internal/config/render.go:77.3,77.48 1 1
mimo-reasonix/internal/config/render.go:77.48,79.4 1 1
mimo-reasonix/internal/config/render.go:79.9,81.4 1 1
mimo-reasonix/internal/config/render.go:82.3,82.81 1 1
mimo-reasonix/internal/config/render.go:82.81,84.4 1 1
mimo-reasonix/internal/config/render.go:85.3,85.25 1 1
mimo-reasonix/internal/config/render.go:85.25,87.4 1 0
mimo-reasonix/internal/config/render.go:87.9,89.4 1 1
mimo-reasonix/internal/config/render.go:90.3,90.22 1 1
mimo-reasonix/internal/config/render.go:93.2,93.33 1 1
mimo-reasonix/internal/config/render.go:93.33,95.46 2 1
mimo-reasonix/internal/config/render.go:95.46,97.4 1 1
mimo-reasonix/internal/config/render.go:97.9,99.4 1 1
mimo-reasonix/internal/config/render.go:100.3,102.50 3 1
mimo-reasonix/internal/config/render.go:102.50,104.4 1 1
mimo-reasonix/internal/config/render.go:104.9,106.4 1 1
mimo-reasonix/internal/config/render.go:107.3,114.40 8 1
mimo-reasonix/internal/config/render.go:114.40,116.4 1 0
mimo-reasonix/internal/config/render.go:117.3,126.22 9 1
mimo-reasonix/internal/config/render.go:129.2,129.45 1 1
mimo-reasonix/internal/config/render.go:129.45,132.31 3 1
mimo-reasonix/internal/config/render.go:132.31,134.4 1 0
mimo-reasonix/internal/config/render.go:134.9,136.4 1 1
mimo-reasonix/internal/config/render.go:137.3,137.30 1 1
mimo-reasonix/internal/config/render.go:137.30,139.4 1 1
mimo-reasonix/internal/config/render.go:139.9,141.4 1 1
mimo-reasonix/internal/config/render.go:142.3,144.22 3 1
mimo-reasonix/internal/config/render.go:144.22,146.4 1 1
mimo-reasonix/internal/config/render.go:147.3,148.35 2 1
mimo-reasonix/internal/config/render.go:148.35,150.4 1 1
mimo-reasonix/internal/config/render.go:150.9,152.4 1 1
mimo-reasonix/internal/config/render.go:153.3,153.31 1 1
mimo-reasonix/internal/config/render.go:153.31,155.4 1 1
mimo-reasonix/internal/config/render.go:155.9,157.4 1 1
mimo-reasonix/internal/config/render.go:158.3,158.37 1 1
mimo-reasonix/internal/config/render.go:158.37,160.4 1 1
mimo-reasonix/internal/config/render.go:160.9,162.4 1 1
mimo-reasonix/internal/config/render.go:163.3,163.37 1 1
mimo-reasonix/internal/config/render.go:163.37,165.4 1 1
mimo-reasonix/internal/config/render.go:165.9,167.4 1 1
mimo-reasonix/internal/config/render.go:168.3,168.22 1 1
mimo-reasonix/internal/config/render.go:170.2,170.49 1 1
mimo-reasonix/internal/config/render.go:170.49,172.3 1 1
mimo-reasonix/internal/config/render.go:174.2,175.50 2 1
mimo-reasonix/internal/config/render.go:175.50,179.3 3 1
mimo-reasonix/internal/config/render.go:179.8,181.3 1 1
mimo-reasonix/internal/config/render.go:182.2,182.36 1 1
mimo-reasonix/internal/config/render.go:182.36,184.3 1 0
mimo-reasonix/internal/config/render.go:184.8,186.3 1 1
mimo-reasonix/internal/config/render.go:187.2,187.33 1 1
mimo-reasonix/internal/config/render.go:187.33,188.50 1 1
mimo-reasonix/internal/config/render.go:188.50,190.4 1 1
mimo-reasonix/internal/config/render.go:190.9,192.4 1 1
mimo-reasonix/internal/config/render.go:193.3,193.64 1 1
mimo-reasonix/internal/config/render.go:193.64,195.4 1 1
mimo-reasonix/internal/config/render.go:195.9,197.4 1 1
mimo-reasonix/internal/config/render.go:199.2,200.33 2 1
mimo-reasonix/internal/config/render.go:200.33,202.55 2 1
mimo-reasonix/internal/config/render.go:203.20,204.19 1 0
mimo-reasonix/internal/config/render.go:205.11,206.20 1 1
mimo-reasonix/internal/config/render.go:208.3,209.135 2 1
mimo-reasonix/internal/config/render.go:211.2,211.51 1 1
mimo-reasonix/internal/config/render.go:211.51,213.3 1 1
mimo-reasonix/internal/config/render.go:213.8,215.3 1 1
mimo-reasonix/internal/config/render.go:216.2,216.38 1 1
mimo-reasonix/internal/config/render.go:216.38,218.3 1 1
mimo-reasonix/internal/config/render.go:218.8,220.3 1 1
mimo-reasonix/internal/config/render.go:221.2,225.25 5 1
mimo-reasonix/internal/config/render.go:225.25,227.3 1 1
mimo-reasonix/internal/config/render.go:227.8,229.3 1 1
mimo-reasonix/internal/config/render.go:230.2,230.28 1 1
mimo-reasonix/internal/config/render.go:230.28,232.3 1 1
mimo-reasonix/internal/config/render.go:232.8,234.3 1 1
mimo-reasonix/internal/config/render.go:235.2,236.43 2 1
mimo-reasonix/internal/config/render.go:236.43,238.3 1 1
mimo-reasonix/internal/config/render.go:238.8,240.3 1 1
mimo-reasonix/internal/config/render.go:241.2,241.32 1 1
mimo-reasonix/internal/config/render.go:241.32,243.3 1 1
mimo-reasonix/internal/config/render.go:243.8,245.3 1 1
mimo-reasonix/internal/config/render.go:246.2,246.33 1 1
mimo-reasonix/internal/config/render.go:246.33,248.3 1 1
mimo-reasonix/internal/config/render.go:248.8,250.3 1 1
mimo-reasonix/internal/config/render.go:251.2,251.37 1 1
mimo-reasonix/internal/config/render.go:251.37,253.3 1 1
mimo-reasonix/internal/config/render.go:253.8,255.3 1 1
mimo-reasonix/internal/config/render.go:256.2,256.34 1 1
mimo-reasonix/internal/config/render.go:256.34,258.3 1 0
mimo-reasonix/internal/config/render.go:258.8,260.3 1 1
mimo-reasonix/internal/config/render.go:261.2,261.38 1 1
mimo-reasonix/internal/config/render.go:261.38,263.3 1 0
mimo-reasonix/internal/config/render.go:263.8,265.3 1 1
mimo-reasonix/internal/config/render.go:266.2,266.31 1 1
mimo-reasonix/internal/config/render.go:266.31,268.3 1 0
mimo-reasonix/internal/config/render.go:268.8,270.3 1 1
mimo-reasonix/internal/config/render.go:271.2,273.47 2 1
mimo-reasonix/internal/config/render.go:273.47,274.33 1 1
mimo-reasonix/internal/config/render.go:274.33,279.23 5 1
mimo-reasonix/internal/config/render.go:279.23,281.5 1 1
mimo-reasonix/internal/config/render.go:282.4,282.25 1 1
mimo-reasonix/internal/config/render.go:282.25,284.24 2 1
mimo-reasonix/internal/config/render.go:284.24,286.6 1 1
mimo-reasonix/internal/config/render.go:287.10,287.28 1 1
mimo-reasonix/internal/config/render.go:287.28,289.5 1 1
mimo-reasonix/internal/config/render.go:290.4,290.25 1 1
mimo-reasonix/internal/config/render.go:290.25,292.5 1 1
mimo-reasonix/internal/config/render.go:293.4,294.26 2 1
mimo-reasonix/internal/config/render.go:294.26,296.5 1 1
mimo-reasonix/internal/config/render.go:297.4,297.27 1 1
mimo-reasonix/internal/config/render.go:297.27,299.5 1 1
mimo-reasonix/internal/config/render.go:300.4,300.22 1 1
mimo-reasonix/internal/config/render.go:300.22,302.5 1 1
mimo-reasonix/internal/config/render.go:303.4,303.25 1 1
mimo-reasonix/internal/config/render.go:303.25,305.5 1 1
mimo-reasonix/internal/config/render.go:306.4,306.24 1 1
mimo-reasonix/internal/config/render.go:306.24,308.5 1 0
mimo-reasonix/internal/config/render.go:309.4,309.22 1 1
mimo-reasonix/internal/config/render.go:309.22,311.5 1 1
mimo-reasonix/internal/config/render.go:312.4,312.16 1 1
mimo-reasonix/internal/config/render.go:312.16,314.5 1 0
mimo-reasonix/internal/config/render.go:315.4,315.29 1 1
mimo-reasonix/internal/config/render.go:315.29,317.5 1 1
mimo-reasonix/internal/config/render.go:318.4,318.28 1 1
mimo-reasonix/internal/config/render.go:318.28,320.5 1 1
mimo-reasonix/internal/config/render.go:321.4,321.33 1 1
mimo-reasonix/internal/config/render.go:321.33,323.5 1 1
mimo-reasonix/internal/config/render.go:324.4,324.35 1 1
mimo-reasonix/internal/config/render.go:324.35,326.5 1 0
mimo-reasonix/internal/config/render.go:327.4,327.29 1 1
mimo-reasonix/internal/config/render.go:327.29,329.5 1 0
mimo-reasonix/internal/config/render.go:330.4,330.17 1 1
mimo-reasonix/internal/config/render.go:330.17,332.5 1 1
mimo-reasonix/internal/config/render.go:333.4,333.23 1 1
mimo-reasonix/internal/config/render.go:337.2,338.31 2 1
mimo-reasonix/internal/config/render.go:338.31,340.3 1 1
mimo-reasonix/internal/config/render.go:340.8,342.37 2 0
mimo-reasonix/internal/config/render.go:342.37,343.13 1 0
mimo-reasonix/internal/config/render.go:343.13,345.5 1 0
mimo-reasonix/internal/config/render.go:346.4,346.28 1 0
mimo-reasonix/internal/config/render.go:348.3,348.23 1 0
mimo-reasonix/internal/config/render.go:350.2,357.32 6 1
mimo-reasonix/internal/config/render.go:357.32,359.3 1 1
mimo-reasonix/internal/config/render.go:359.8,361.3 1 1
mimo-reasonix/internal/config/render.go:362.2,362.30 1 1
mimo-reasonix/internal/config/render.go:362.30,364.3 1 1
mimo-reasonix/internal/config/render.go:364.8,366.3 1 1
mimo-reasonix/internal/config/render.go:368.2,371.29 3 1
mimo-reasonix/internal/config/render.go:371.29,373.3 1 1
mimo-reasonix/internal/config/render.go:373.8,375.3 1 1
mimo-reasonix/internal/config/render.go:376.2,376.37 1 1
mimo-reasonix/internal/config/render.go:376.37,378.3 1 1
mimo-reasonix/internal/config/render.go:378.8,380.3 1 1
mimo-reasonix/internal/config/render.go:381.2,381.28 1 1
mimo-reasonix/internal/config/render.go:381.28,383.3 1 1
mimo-reasonix/internal/config/render.go:383.8,385.3 1 1
mimo-reasonix/internal/config/render.go:386.2,386.59 1 1
mimo-reasonix/internal/config/render.go:386.59,388.3 1 1
mimo-reasonix/internal/config/render.go:388.8,390.3 1 1
mimo-reasonix/internal/config/render.go:392.2,397.16 6 1
mimo-reasonix/internal/config/render.go:397.16,399.3 1 1
mimo-reasonix/internal/config/render.go:400.2,411.35 11 1
mimo-reasonix/internal/config/render.go:411.35,413.3 1 0
mimo-reasonix/internal/config/render.go:413.8,415.3 1 1
mimo-reasonix/internal/config/render.go:416.2,416.35 1 1
mimo-reasonix/internal/config/render.go:416.35,418.3 1 0
mimo-reasonix/internal/config/render.go:418.8,420.3 1 1
mimo-reasonix/internal/config/render.go:421.2,421.35 1 1
mimo-reasonix/internal/config/render.go:421.35,423.3 1 0
mimo-reasonix/internal/config/render.go:423.8,425.3 1 1
mimo-reasonix/internal/config/render.go:426.2,433.32 7 1
mimo-reasonix/internal/config/render.go:433.32,435.3 1 0
mimo-reasonix/internal/config/render.go:435.8,437.3 1 1
mimo-reasonix/internal/config/render.go:438.2,440.41 2 1
mimo-reasonix/internal/config/render.go:440.41,444.24 4 1
mimo-reasonix/internal/config/render.go:444.24,446.4 1 0
mimo-reasonix/internal/config/render.go:446.9,448.4 1 1
mimo-reasonix/internal/config/render.go:449.3,449.35 1 1
mimo-reasonix/internal/config/render.go:449.35,451.4 1 1
mimo-reasonix/internal/config/render.go:451.9,453.4 1 1
mimo-reasonix/internal/config/render.go:454.3,484.42 31 1
mimo-reasonix/internal/config/render.go:484.42,492.24 8 1
mimo-reasonix/internal/config/render.go:492.24,494.5 1 1
mimo-reasonix/internal/config/render.go:495.4,495.35 1 1
mimo-reasonix/internal/config/render.go:495.35,497.5 1 1
mimo-reasonix/internal/config/render.go:498.4,498.32 1 1
mimo-reasonix/internal/config/render.go:498.32,500.5 1 1
mimo-reasonix/internal/config/render.go:501.4,501.28 1 1
mimo-reasonix/internal/config/render.go:501.28,503.5 1 0
mimo-reasonix/internal/config/render.go:504.4,504.28 1 1
mimo-reasonix/internal/config/render.go:504.28,506.5 1 0
mimo-reasonix/internal/config/render.go:507.4,507.28 1 1
mimo-reasonix/internal/config/render.go:507.28,509.5 1 0
mimo-reasonix/internal/config/render.go:510.4,510.66 1 1
mimo-reasonix/internal/config/render.go:510.66,512.5 1 1
mimo-reasonix/internal/config/render.go:513.4,513.37 1 1
mimo-reasonix/internal/config/render.go:513.37,515.5 1 1
mimo-reasonix/internal/config/render.go:517.3,517.22 1 1
mimo-reasonix/internal/config/render.go:520.2,522.25 3 1
mimo-reasonix/internal/config/render.go:522.25,534.3 11 1
mimo-reasonix/internal/config/render.go:534.8,535.32 1 1
mimo-reasonix/internal/config/render.go:535.32,538.21 3 1
mimo-reasonix/internal/config/render.go:538.21,540.5 1 1
mimo-reasonix/internal/config/render.go:541.4,541.24 1 1
mimo-reasonix/internal/config/render.go:541.24,543.5 1 1
mimo-reasonix/internal/config/render.go:544.4,544.24 1 1
mimo-reasonix/internal/config/render.go:544.24,546.5 1 1
mimo-reasonix/internal/config/render.go:547.4,547.20 1 1
mimo-reasonix/internal/config/render.go:547.20,549.5 1 1
mimo-reasonix/internal/config/render.go:550.4,550.27 1 1
mimo-reasonix/internal/config/render.go:550.27,552.5 1 1
mimo-reasonix/internal/config/render.go:553.4,553.23 1 1
mimo-reasonix/internal/config/render.go:553.23,555.5 1 1
mimo-reasonix/internal/config/render.go:556.4,556.33 1 1
mimo-reasonix/internal/config/render.go:556.33,559.5 2 1
mimo-reasonix/internal/config/render.go:560.4,560.48 1 1
mimo-reasonix/internal/config/render.go:560.48,563.5 2 1
mimo-reasonix/internal/config/render.go:564.4,564.40 1 1
mimo-reasonix/internal/config/render.go:564.40,567.5 2 1
mimo-reasonix/internal/config/render.go:568.4,568.27 1 1
mimo-reasonix/internal/config/render.go:568.27,570.5 1 1
mimo-reasonix/internal/config/render.go:574.2,574.19 1 1
mimo-reasonix/internal/config/render.go:581.47,582.14 1 1
mimo-reasonix/internal/config/render.go:582.14,584.3 1 0
mimo-reasonix/internal/config/render.go:585.2,589.49 3 1
mimo-reasonix/internal/config/render.go:589.49,591.3 1 1
mimo-reasonix/internal/config/render.go:592.2,592.38 1 1
mimo-reasonix/internal/config/render.go:592.38,594.3 1 1
mimo-reasonix/internal/config/render.go:595.2,595.50 1 1
mimo-reasonix/internal/config/render.go:595.50,597.3 1 0
mimo-reasonix/internal/config/render.go:600.2,600.36 1 1
mimo-reasonix/internal/config/render.go:600.36,602.31 2 1
mimo-reasonix/internal/config/render.go:602.31,604.4 1 0
mimo-reasonix/internal/config/render.go:605.3,605.62 1 1
mimo-reasonix/internal/config/render.go:605.62,607.4 1 0
mimo-reasonix/internal/config/render.go:608.3,608.48 1 1
mimo-reasonix/internal/config/render.go:608.48,610.4 1 0
mimo-reasonix/internal/config/render.go:611.3,611.48 1 1
mimo-reasonix/internal/config/render.go:611.48,613.4 1 1
mimo-reasonix/internal/config/render.go:614.3,614.47 1 1
mimo-reasonix/internal/config/render.go:614.47,616.4 1 0
mimo-reasonix/internal/config/render.go:617.3,617.47 1 1
mimo-reasonix/internal/config/render.go:617.47,619.4 1 0
mimo-reasonix/internal/config/render.go:620.3,620.22 1 1
mimo-reasonix/internal/config/render.go:624.2,624.46 1 1
mimo-reasonix/internal/config/render.go:624.46,626.49 2 1
mimo-reasonix/internal/config/render.go:626.49,628.4 1 1
mimo-reasonix/internal/config/render.go:629.3,629.31 1 1
mimo-reasonix/internal/config/render.go:629.31,631.4 1 0
mimo-reasonix/internal/config/render.go:632.3,632.30 1 1
mimo-reasonix/internal/config/render.go:632.30,634.4 1 0
mimo-reasonix/internal/config/render.go:635.3,635.161 1 1
mimo-reasonix/internal/config/render.go:635.161,638.16 3 1
mimo-reasonix/internal/config/render.go:638.16,640.5 1 0
mimo-reasonix/internal/config/render.go:641.4,642.36 2 1
mimo-reasonix/internal/config/render.go:642.36,644.5 1 0
mimo-reasonix/internal/config/render.go:645.4,645.32 1 1
mimo-reasonix/internal/config/render.go:645.32,647.5 1 0
mimo-reasonix/internal/config/render.go:648.4,648.38 1 1
mimo-reasonix/internal/config/render.go:648.38,650.5 1 0
mimo-reasonix/internal/config/render.go:651.4,651.38 1 1
mimo-reasonix/internal/config/render.go:651.38,653.5 1 0
mimo-reasonix/internal/config/render.go:655.3,655.22 1 1
mimo-reasonix/internal/config/render.go:659.2,662.91 3 1
mimo-reasonix/internal/config/render.go:662.91,667.3 4 0
mimo-reasonix/internal/config/render.go:668.2,668.92 1 1
mimo-reasonix/internal/config/render.go:668.92,671.3 2 0
mimo-reasonix/internal/config/render.go:672.2,672.48 1 1
mimo-reasonix/internal/config/render.go:672.48,675.3 2 0
mimo-reasonix/internal/config/render.go:676.2,676.60 1 1
mimo-reasonix/internal/config/render.go:676.60,677.46 1 0
mimo-reasonix/internal/config/render.go:677.46,680.4 2 0
mimo-reasonix/internal/config/render.go:682.2,682.98 1 1
mimo-reasonix/internal/config/render.go:682.98,685.3 2 0
mimo-reasonix/internal/config/render.go:686.2,686.58 1 1
mimo-reasonix/internal/config/render.go:686.58,689.3 2 1
mimo-reasonix/internal/config/render.go:690.2,690.64 1 1
mimo-reasonix/internal/config/render.go:690.64,693.3 2 1
mimo-reasonix/internal/config/render.go:694.2,694.50 1 1
mimo-reasonix/internal/config/render.go:694.50,697.3 2 1
mimo-reasonix/internal/config/render.go:698.2,698.60 1 1
mimo-reasonix/internal/config/render.go:698.60,701.3 2 1
mimo-reasonix/internal/config/render.go:702.2,702.75 1 1
mimo-reasonix/internal/config/render.go:702.75,705.3 2 0
mimo-reasonix/internal/config/render.go:706.2,706.72 1 1
mimo-reasonix/internal/config/render.go:706.72,709.3 2 0
mimo-reasonix/internal/config/render.go:710.2,710.56 1 1
mimo-reasonix/internal/config/render.go:710.56,713.3 2 1
mimo-reasonix/internal/config/render.go:714.2,714.125 1 1
mimo-reasonix/internal/config/render.go:714.125,717.3 2 0
mimo-reasonix/internal/config/render.go:718.2,718.80 1 1
mimo-reasonix/internal/config/render.go:718.80,721.3 2 0
mimo-reasonix/internal/config/render.go:722.2,722.83 1 1
mimo-reasonix/internal/config/render.go:722.83,725.3 2 0
mimo-reasonix/internal/config/render.go:726.2,726.107 1 1
mimo-reasonix/internal/config/render.go:726.107,729.3 2 0
mimo-reasonix/internal/config/render.go:730.2,730.86 1 1
mimo-reasonix/internal/config/render.go:730.86,733.3 2 0
mimo-reasonix/internal/config/render.go:734.2,734.110 1 1
mimo-reasonix/internal/config/render.go:734.110,737.3 2 0
mimo-reasonix/internal/config/render.go:738.2,738.77 1 1
mimo-reasonix/internal/config/render.go:738.77,741.3 2 0
mimo-reasonix/internal/config/render.go:743.2,743.14 1 1
mimo-reasonix/internal/config/render.go:743.14,747.3 3 1
mimo-reasonix/internal/config/render.go:750.2,751.95 2 1
mimo-reasonix/internal/config/render.go:751.95,752.36 1 1
mimo-reasonix/internal/config/render.go:752.36,757.23 5 1
mimo-reasonix/internal/config/render.go:757.23,759.5 1 0
mimo-reasonix/internal/config/render.go:760.4,760.25 1 1
mimo-reasonix/internal/config/render.go:760.25,762.24 2 1
mimo-reasonix/internal/config/render.go:762.24,764.6 1 1
mimo-reasonix/internal/config/render.go:765.10,765.28 1 1
mimo-reasonix/internal/config/render.go:765.28,767.5 1 1
mimo-reasonix/internal/config/render.go:768.4,768.25 1 1
mimo-reasonix/internal/config/render.go:768.25,770.5 1 0
mimo-reasonix/internal/config/render.go:771.4,772.26 2 1
mimo-reasonix/internal/config/render.go:772.26,774.5 1 1
mimo-reasonix/internal/config/render.go:775.4,775.27 1 1
mimo-reasonix/internal/config/render.go:775.27,777.5 1 1
mimo-reasonix/internal/config/render.go:778.4,778.22 1 1
mimo-reasonix/internal/config/render.go:778.22,780.5 1 1
mimo-reasonix/internal/config/render.go:781.4,781.25 1 1
mimo-reasonix/internal/config/render.go:781.25,783.5 1 1
mimo-reasonix/internal/config/render.go:784.4,784.24 1 1
mimo-reasonix/internal/config/render.go:784.24,786.5 1 0
mimo-reasonix/internal/config/render.go:787.4,787.22 1 1
mimo-reasonix/internal/config/render.go:787.22,789.5 1 0
mimo-reasonix/internal/config/render.go:790.4,790.16 1 1
mimo-reasonix/internal/config/render.go:790.16,792.5 1 0
mimo-reasonix/internal/config/render.go:793.4,793.29 1 1
mimo-reasonix/internal/config/render.go:793.29,795.5 1 1
mimo-reasonix/internal/config/render.go:796.4,796.28 1 1
mimo-reasonix/internal/config/render.go:796.28,798.5 1 0
mimo-reasonix/internal/config/render.go:799.4,799.33 1 1
mimo-reasonix/internal/config/render.go:799.33,801.5 1 0
mimo-reasonix/internal/config/render.go:802.4,802.35 1 1
mimo-reasonix/internal/config/render.go:802.35,804.5 1 0
mimo-reasonix/internal/config/render.go:805.4,805.29 1 1
mimo-reasonix/internal/config/render.go:805.29,807.5 1 0
mimo-reasonix/internal/config/render.go:808.4,808.17 1 1
mimo-reasonix/internal/config/render.go:808.17,810.5 1 1
mimo-reasonix/internal/config/render.go:811.4,811.23 1 1
mimo-reasonix/internal/config/render.go:816.2,818.80 1 1
mimo-reasonix/internal/config/render.go:818.80,820.31 2 1
mimo-reasonix/internal/config/render.go:820.31,822.4 1 0
mimo-reasonix/internal/config/render.go:823.3,823.76 1 1
mimo-reasonix/internal/config/render.go:823.76,825.4 1 1
mimo-reasonix/internal/config/render.go:826.3,826.81 1 1
mimo-reasonix/internal/config/render.go:826.81,828.4 1 1
mimo-reasonix/internal/config/render.go:829.3,829.22 1 1
mimo-reasonix/internal/config/render.go:833.2,833.54 1 1
mimo-reasonix/internal/config/render.go:833.54,834.111 1 1
mimo-reasonix/internal/config/render.go:834.111,838.4 3 1
mimo-reasonix/internal/config/render.go:842.2,842.54 1 1
mimo-reasonix/internal/config/render.go:842.54,844.51 2 1
mimo-reasonix/internal/config/render.go:844.51,846.4 1 1
mimo-reasonix/internal/config/render.go:847.3,847.47 1 1
mimo-reasonix/internal/config/render.go:847.47,849.4 1 1
mimo-reasonix/internal/config/render.go:850.3,850.22 1 1
mimo-reasonix/internal/config/render.go:854.2,854.38 1 1
mimo-reasonix/internal/config/render.go:854.38,856.3 1 1
mimo-reasonix/internal/config/render.go:859.2,859.44 1 1
mimo-reasonix/internal/config/render.go:859.44,861.30 2 0
mimo-reasonix/internal/config/render.go:861.30,863.4 1 0
mimo-reasonix/internal/config/render.go:864.3,864.38 1 0
mimo-reasonix/internal/config/render.go:864.38,866.4 1 0
mimo-reasonix/internal/config/render.go:867.3,867.29 1 0
mimo-reasonix/internal/config/render.go:867.29,869.4 1 0
mimo-reasonix/internal/config/render.go:870.3,870.60 1 0
mimo-reasonix/internal/config/render.go:870.60,872.4 1 0
mimo-reasonix/internal/config/render.go:876.2,876.54 1 1
mimo-reasonix/internal/config/render.go:876.54,879.17 3 1
mimo-reasonix/internal/config/render.go:879.17,881.4 1 0
mimo-reasonix/internal/config/render.go:882.3,882.20 1 1
mimo-reasonix/internal/config/render.go:882.20,884.4 1 0
mimo-reasonix/internal/config/render.go:885.3,885.34 1 1
mimo-reasonix/internal/config/render.go:885.34,887.4 1 0
mimo-reasonix/internal/config/render.go:888.3,888.35 1 1
mimo-reasonix/internal/config/render.go:888.35,890.4 1 1
mimo-reasonix/internal/config/render.go:891.3,891.33 1 1
mimo-reasonix/internal/config/render.go:891.33,893.4 1 0
mimo-reasonix/internal/config/render.go:894.3,894.22 1 1
mimo-reasonix/internal/config/render.go:898.2,898.46 1 1
mimo-reasonix/internal/config/render.go:898.46,900.36 2 1
mimo-reasonix/internal/config/render.go:900.36,902.4 1 0
mimo-reasonix/internal/config/render.go:903.3,903.36 1 1
mimo-reasonix/internal/config/render.go:903.36,905.4 1 0
mimo-reasonix/internal/config/render.go:906.3,906.32 1 1
mimo-reasonix/internal/config/render.go:906.32,908.4 1 0
mimo-reasonix/internal/config/render.go:909.3,909.45 1 1
mimo-reasonix/internal/config/render.go:909.45,911.4 1 1
mimo-reasonix/internal/config/render.go:912.3,912.22 1 1
mimo-reasonix/internal/config/render.go:916.2,916.52 1 1
mimo-reasonix/internal/config/render.go:916.52,918.33 2 0
mimo-reasonix/internal/config/render.go:918.33,920.4 1 0
mimo-reasonix/internal/config/render.go:921.3,921.22 1 0
mimo-reasonix/internal/config/render.go:925.2,925.31 1 1
mimo-reasonix/internal/config/render.go:925.31,928.20 3 1
mimo-reasonix/internal/config/render.go:928.20,930.4 1 1
mimo-reasonix/internal/config/render.go:931.3,931.23 1 1
mimo-reasonix/internal/config/render.go:931.23,933.4 1 1
mimo-reasonix/internal/config/render.go:934.3,934.23 1 1
mimo-reasonix/internal/config/render.go:934.23,936.4 1 0
mimo-reasonix/internal/config/render.go:937.3,937.19 1 1
mimo-reasonix/internal/config/render.go:937.19,939.4 1 1
mimo-reasonix/internal/config/render.go:940.3,940.26 1 1
mimo-reasonix/internal/config/render.go:940.26,942.4 1 1
mimo-reasonix/internal/config/render.go:943.3,943.22 1 1
mimo-reasonix/internal/config/render.go:943.22,945.4 1 0
mimo-reasonix/internal/config/render.go:946.3,946.32 1 1
mimo-reasonix/internal/config/render.go:946.32,949.4 2 0
mimo-reasonix/internal/config/render.go:950.3,950.47 1 1
mimo-reasonix/internal/config/render.go:950.47,953.4 2 0
mimo-reasonix/internal/config/render.go:954.3,954.39 1 1
mimo-reasonix/internal/config/render.go:954.39,957.4 2 1
mimo-reasonix/internal/config/render.go:958.3,958.26 1 1
mimo-reasonix/internal/config/render.go:958.26,960.4 1 0
mimo-reasonix/internal/config/render.go:961.3,961.22 1 1
mimo-reasonix/internal/config/render.go:964.2,964.19 1 1
mimo-reasonix/internal/config/render.go:967.54,968.14 1 1
mimo-reasonix/internal/config/render.go:968.14,970.3 1 0
mimo-reasonix/internal/config/render.go:971.2,972.45 1 1
mimo-reasonix/internal/config/render.go:975.67,976.22 1 1
mimo-reasonix/internal/config/render.go:976.22,978.3 1 0
mimo-reasonix/internal/config/render.go:979.2,980.28 2 1
mimo-reasonix/internal/config/render.go:980.28,981.61 1 1
mimo-reasonix/internal/config/render.go:981.61,983.4 1 1
mimo-reasonix/internal/config/render.go:985.2,985.20 1 1
mimo-reasonix/internal/config/render.go:985.20,987.3 1 0
mimo-reasonix/internal/config/render.go:988.2,991.29 4 1
mimo-reasonix/internal/config/render.go:991.29,992.12 1 1
mimo-reasonix/internal/config/render.go:992.12,994.4 1 1
mimo-reasonix/internal/config/render.go:995.3,995.87 1 1
mimo-reasonix/internal/config/render.go:997.2,998.19 2 1
mimo-reasonix/internal/config/render.go:1001.35,1002.37 1 1
mimo-reasonix/internal/config/render.go:1002.37,1004.3 1 1
mimo-reasonix/internal/config/render.go:1005.2,1005.32 1 0
mimo-reasonix/internal/config/render.go:1008.66,1009.33 1 1
mimo-reasonix/internal/config/render.go:1009.33,1011.3 1 1
mimo-reasonix/internal/config/render.go:1012.2,1012.46 1 1
mimo-reasonix/internal/config/render.go:1015.71,1016.33 1 1
mimo-reasonix/internal/config/render.go:1016.33,1018.3 1 1
mimo-reasonix/internal/config/render.go:1019.2,1019.56 1 1
mimo-reasonix/internal/config/render.go:1022.75,1023.33 1 1
mimo-reasonix/internal/config/render.go:1023.33,1025.3 1 1
mimo-reasonix/internal/config/render.go:1026.2,1026.64 1 1
mimo-reasonix/internal/config/render.go:1029.73,1032.24 3 1
mimo-reasonix/internal/config/render.go:1032.24,1034.3 1 1
mimo-reasonix/internal/config/render.go:1035.2,1036.25 2 1
mimo-reasonix/internal/config/render.go:1036.25,1040.3 3 1
mimo-reasonix/internal/config/render.go:1041.2,1043.30 3 1
mimo-reasonix/internal/config/render.go:1043.30,1045.3 1 1
mimo-reasonix/internal/config/render.go:1046.2,1047.29 2 1
mimo-reasonix/internal/config/render.go:1047.29,1049.3 1 1
mimo-reasonix/internal/config/render.go:1050.2,1050.21 1 1
mimo-reasonix/internal/config/render.go:1053.73,1054.33 1 1
mimo-reasonix/internal/config/render.go:1054.33,1056.3 1 1
mimo-reasonix/internal/config/render.go:1057.2,1057.60 1 1
mimo-reasonix/internal/config/render.go:1060.54,1061.45 1 1
mimo-reasonix/internal/config/render.go:1061.45,1063.3 1 1
mimo-reasonix/internal/config/render.go:1064.2,1066.32 3 0
mimo-reasonix/internal/config/render.go:1066.32,1067.67 1 0
mimo-reasonix/internal/config/render.go:1067.67,1068.12 1 0
mimo-reasonix/internal/config/render.go:1070.3,1070.41 1 0
mimo-reasonix/internal/config/render.go:1072.2,1073.12 2 0
mimo-reasonix/internal/config/render.go:1076.67,1077.33 1 1
mimo-reasonix/internal/config/render.go:1077.33,1079.3 1 1
mimo-reasonix/internal/config/render.go:1080.2,1080.48 1 1
mimo-reasonix/internal/config/render.go:1083.76,1084.30 1 1
mimo-reasonix/internal/config/render.go:1084.30,1086.3 1 1
mimo-reasonix/internal/config/render.go:1087.2,1087.109 1 1
mimo-reasonix/internal/config/render.go:1090.57,1093.27 3 1
mimo-reasonix/internal/config/render.go:1093.27,1099.3 5 1
mimo-reasonix/internal/config/render.go:1100.2,1103.32 3 1
mimo-reasonix/internal/config/render.go:1103.32,1105.3 1 1
mimo-reasonix/internal/config/render.go:1106.2,1107.29 2 1
mimo-reasonix/internal/config/render.go:1107.29,1110.24 3 1
mimo-reasonix/internal/config/render.go:1110.24,1112.4 1 1
mimo-reasonix/internal/config/render.go:1113.3,1113.24 1 1
mimo-reasonix/internal/config/render.go:1113.24,1115.4 1 1
mimo-reasonix/internal/config/render.go:1116.3,1116.23 1 1
mimo-reasonix/internal/config/render.go:1116.23,1118.4 1 1
mimo-reasonix/internal/config/render.go:1119.3,1119.27 1 1
mimo-reasonix/internal/config/render.go:1119.27,1121.4 1 1
mimo-reasonix/internal/config/render.go:1122.3,1122.30 1 1
mimo-reasonix/internal/config/render.go:1122.30,1124.4 1 1
mimo-reasonix/internal/config/render.go:1125.3,1125.28 1 1
mimo-reasonix/internal/config/render.go:1125.28,1127.4 1 1
mimo-reasonix/internal/config/render.go:1128.3,1128.22 1 1
mimo-reasonix/internal/config/render.go:1132.43,1133.24 1 1
mimo-reasonix/internal/config/render.go:1133.24,1135.3 1 1
mimo-reasonix/internal/config/render.go:1136.2,1136.27 1 1
mimo-reasonix/internal/config/render.go:1139.37,1140.15 1 1
mimo-reasonix/internal/config/render.go:1140.15,1142.3 1 0
mimo-reasonix/internal/config/render.go:1143.2,1143.24 1 1
mimo-reasonix/internal/config/render.go:1143.24,1144.99 1 1
mimo-reasonix/internal/config/render.go:1144.99,1145.12 1 1
mimo-reasonix/internal/config/render.go:1147.3,1147.15 1 1
mimo-reasonix/internal/config/render.go:1149.2,1149.13 1 1
mimo-reasonix/internal/config/render.go:1153.44,1156.23 3 1
mimo-reasonix/internal/config/render.go:1156.23,1157.12 1 1
mimo-reasonix/internal/config/render.go:1157.12,1159.4 1 1
mimo-reasonix/internal/config/render.go:1160.3,1160.27 1 1
mimo-reasonix/internal/config/render.go:1162.2,1163.19 2 1
mimo-reasonix/internal/config/render.go:1168.50,1170.19 2 1
mimo-reasonix/internal/config/render.go:1170.19,1172.3 1 1
mimo-reasonix/internal/config/render.go:1173.2,1176.25 4 1
mimo-reasonix/internal/config/render.go:1176.25,1177.12 1 1
mimo-reasonix/internal/config/render.go:1177.12,1179.4 1 1
mimo-reasonix/internal/config/render.go:1180.3,1180.38 1 1
mimo-reasonix/internal/config/render.go:1182.2,1183.19 2 1
mimo-reasonix/internal/config/render.go:1186.47,1187.22 1 1
mimo-reasonix/internal/config/render.go:1187.22,1188.42 1 1
mimo-reasonix/internal/config/render.go:1188.42,1190.4 1 1
mimo-reasonix/internal/config/render.go:1192.2,1192.14 1 1
mimo-reasonix/internal/config/render.go:1197.44,1199.22 2 1
mimo-reasonix/internal/config/render.go:1199.22,1200.42 1 1
mimo-reasonix/internal/config/render.go:1200.42,1202.4 1 1
mimo-reasonix/internal/config/render.go:1204.2,1207.25 4 1
mimo-reasonix/internal/config/render.go:1207.25,1208.12 1 1
mimo-reasonix/internal/config/render.go:1208.12,1210.4 1 1
mimo-reasonix/internal/config/render.go:1211.3,1211.38 1 1
mimo-reasonix/internal/config/render.go:1213.2,1214.19 2 1
mimo-reasonix/internal/config/render.go:1217.63,1219.22 2 1
mimo-reasonix/internal/config/render.go:1219.22,1221.3 1 1
mimo-reasonix/internal/config/render.go:1222.2,1222.29 1 1
mimo-reasonix/internal/config/render.go:1222.29,1224.3 1 1
mimo-reasonix/internal/config/render.go:1225.2,1225.26 1 1
mimo-reasonix/internal/config/render.go:1225.26,1227.3 1 0
mimo-reasonix/internal/config/render.go:1228.2,1228.25 1 1
mimo-reasonix/internal/config/render.go:1228.25,1230.3 1 0
mimo-reasonix/internal/config/render.go:1231.2,1231.21 1 1
mimo-reasonix/internal/config/render.go:1231.21,1233.3 1 0
mimo-reasonix/internal/config/render.go:1234.2,1234.31 1 1
mimo-reasonix/internal/config/render.go:1237.78,1240.35 3 1
mimo-reasonix/internal/config/render.go:1240.35,1241.12 1 1
mimo-reasonix/internal/config/render.go:1241.12,1243.4 1 0
mimo-reasonix/internal/config/render.go:1244.3,1248.34 2 1
mimo-reasonix/internal/config/render.go:1248.34,1250.4 1 0
mimo-reasonix/internal/config/render.go:1251.3,1251.29 1 1
mimo-reasonix/internal/config/render.go:1251.29,1253.4 1 0
mimo-reasonix/internal/config/render.go:1254.3,1254.27 1 1
mimo-reasonix/internal/config/render.go:1254.27,1256.4 1 0
mimo-reasonix/internal/config/render.go:1257.3,1257.29 1 1
mimo-reasonix/internal/config/render.go:1257.29,1259.4 1 0
mimo-reasonix/internal/config/render.go:1260.3,1260.26 1 1
mimo-reasonix/internal/config/render.go:1260.26,1262.4 1 1
mimo-reasonix/internal/config/render.go:1263.3,1263.34 1 1
mimo-reasonix/internal/config/render.go:1263.34,1265.4 1 1
mimo-reasonix/internal/config/render.go:1266.3,1266.30 1 1
mimo-reasonix/internal/config/render.go:1266.30,1268.4 1 1
mimo-reasonix/internal/config/render.go:1269.3,1269.40 1 1
mimo-reasonix/internal/config/render.go:1271.2,1272.19 2 1
mimo-reasonix/internal/config/render.go:1278.72,1279.21 1 1
mimo-reasonix/internal/config/render.go:1279.21,1281.3 1 1
mimo-reasonix/internal/config/render.go:1282.2,1284.26 3 1
mimo-reasonix/internal/config/render.go:1284.26,1285.12 1 1
mimo-reasonix/internal/config/render.go:1285.12,1287.4 1 1
mimo-reasonix/internal/config/render.go:1288.3,1288.27 1 1
mimo-reasonix/internal/config/render.go:1290.2,1291.19 2 1
mimo-reasonix/internal/config/render.go:1296.36,1298.31 2 1
mimo-reasonix/internal/config/render.go:1298.31,1300.3 1 1
mimo-reasonix/internal/config/render.go:1301.2,1301.10 1 1
mimo-reasonix/internal/config/vision.go:16.50,19.31 3 1
mimo-reasonix/internal/config/vision.go:19.31,21.93 2 1
mimo-reasonix/internal/config/vision.go:21.93,22.12 1 1
mimo-reasonix/internal/config/vision.go:24.3,25.27 2 1
mimo-reasonix/internal/config/vision.go:27.2,27.12 1 1
mimo-reasonix/internal/config/vision.go:30.45,32.17 2 1
mimo-reasonix/internal/config/vision.go:32.17,34.3 1 1
mimo-reasonix/internal/config/vision.go:35.2,36.29 2 1
mimo-reasonix/internal/config/vision.go:36.29,38.3 1 1
mimo-reasonix/internal/config/vision.go:39.2,40.31 2 1
mimo-reasonix/internal/config/vision.go:40.31,41.23 1 1
mimo-reasonix/internal/config/vision.go:41.23,43.4 1 1
mimo-reasonix/internal/config/vision.go:45.2,45.40 1 1
mimo-reasonix/internal/config/vision.go:45.40,47.3 1 1
mimo-reasonix/internal/config/vision.go:48.2,48.31 1 1
mimo-reasonix/internal/config/vision.go:48.31,49.16 1 1
mimo-reasonix/internal/config/vision.go:50.55,51.15 1 1
mimo-reasonix/internal/config/vision.go:54.2,54.14 1 1
mimo-reasonix/internal/config/vision.go:57.39,59.2 1 1
mimo-reasonix/internal/config/vision.go:65.45,66.14 1 1
mimo-reasonix/internal/config/vision.go:66.14,68.3 1 0
mimo-reasonix/internal/config/vision.go:69.2,69.14 1 1
mimo-reasonix/internal/config/vision.go:69.14,71.3 1 1
mimo-reasonix/internal/config/vision.go:72.2,72.31 1 1
mimo-reasonix/internal/config/vision.go:72.31,74.3 1 1
mimo-reasonix/internal/config/vision.go:75.2,75.37 1 1
mimo-reasonix/internal/config/vision.go:78.59,80.17 2 1
mimo-reasonix/internal/config/vision.go:80.17,82.3 1 0
mimo-reasonix/internal/config/vision.go:83.2,83.43 1 1
mimo-reasonix/internal/config/vision.go:83.43,84.61 1 1
mimo-reasonix/internal/config/vision.go:84.61,86.4 1 1
mimo-reasonix/internal/config/vision.go:88.2,88.14 1 1
mimo-reasonix/internal/config/vision.go:91.55,92.96 1 1
mimo-reasonix/internal/config/vision.go:92.96,94.3 1 1
mimo-reasonix/internal/config/vision.go:95.2,95.37 1 1
mimo-reasonix/internal/config/vision.go:96.60,97.14 1 0
mimo-reasonix/internal/config/vision.go:98.10,99.15 1 1
mimo-reasonix/internal/config/vision.go:103.46,105.16 2 1
mimo-reasonix/internal/config/vision.go:105.16,107.3 1 0
mimo-reasonix/internal/config/vision.go:108.2,108.38 1 1
mimo-reasonix/internal/cli/acp.go:33.52,36.39 3 1
mimo-reasonix/internal/cli/acp.go:36.39,38.3 1 1
mimo-reasonix/internal/cli/acp.go:40.2,45.75 5 1
mimo-reasonix/internal/cli/acp.go:45.75,48.3 2 0
mimo-reasonix/internal/cli/acp.go:49.2,49.10 1 1
mimo-reasonix/internal/cli/acp.go:60.42,62.2 1 0
mimo-reasonix/internal/cli/acp.go:66.104,68.16 2 1
mimo-reasonix/internal/cli/acp.go:68.16,69.40 1 0
mimo-reasonix/internal/cli/acp.go:69.40,71.4 1 0
mimo-reasonix/internal/cli/acp.go:73.2,73.41 1 1
mimo-reasonix/internal/cli/acp.go:73.41,75.3 1 0
mimo-reasonix/internal/cli/acp.go:76.2,85.4 1 1
mimo-reasonix/internal/cli/acp.go:88.124,90.16 2 1
mimo-reasonix/internal/cli/acp.go:90.16,91.40 1 0
mimo-reasonix/internal/cli/acp.go:91.40,93.4 1 0
mimo-reasonix/internal/cli/acp.go:95.2,95.41 1 1
mimo-reasonix/internal/cli/acp.go:95.41,97.3 1 0
mimo-reasonix/internal/cli/acp.go:98.2,101.16 4 1
mimo-reasonix/internal/cli/acp.go:101.16,103.3 1 0
mimo-reasonix/internal/cli/acp.go:105.2,106.34 2 1
mimo-reasonix/internal/cli/acp.go:106.34,108.3 1 0
mimo-reasonix/internal/cli/acp.go:109.2,110.9 2 1
mimo-reasonix/internal/cli/acp.go:110.9,112.3 1 0
mimo-reasonix/internal/cli/acp.go:113.2,113.25 1 1
mimo-reasonix/internal/cli/acp.go:113.25,115.3 1 0
mimo-reasonix/internal/cli/acp.go:116.2,118.49 3 1
mimo-reasonix/internal/cli/acp.go:118.49,129.3 2 0
mimo-reasonix/internal/cli/acp.go:131.2,134.27 4 1
mimo-reasonix/internal/cli/acp.go:134.27,135.47 1 1
mimo-reasonix/internal/cli/acp.go:135.47,137.4 1 0
mimo-reasonix/internal/cli/acp.go:137.9,139.18 2 1
mimo-reasonix/internal/cli/acp.go:139.18,143.5 3 1
mimo-reasonix/internal/cli/acp.go:143.10,146.5 2 1
mimo-reasonix/internal/cli/acp.go:150.2,158.73 2 1
mimo-reasonix/internal/cli/acp.go:158.73,160.49 2 1
mimo-reasonix/internal/cli/acp.go:160.49,164.4 3 0
mimo-reasonix/internal/cli/acp.go:165.3,172.5 1 1
mimo-reasonix/internal/cli/acp.go:173.8,173.30 1 1
mimo-reasonix/internal/cli/acp.go:173.30,176.3 2 1
mimo-reasonix/internal/cli/acp.go:178.2,186.8 1 1
mimo-reasonix/internal/cli/acp.go:189.87,200.2 3 1
mimo-reasonix/internal/cli/acp.go:202.93,203.16 1 1
mimo-reasonix/internal/cli/acp.go:203.16,205.3 1 0
mimo-reasonix/internal/cli/acp.go:206.2,208.31 3 1
mimo-reasonix/internal/cli/acp.go:208.31,210.22 2 1
mimo-reasonix/internal/cli/acp.go:210.22,211.12 1 0
mimo-reasonix/internal/cli/acp.go:213.3,213.43 1 1
mimo-reasonix/internal/cli/acp.go:213.43,225.4 3 1
mimo-reasonix/internal/cli/acp.go:227.2,227.24 1 1
mimo-reasonix/internal/cli/acp.go:230.79,231.30 1 1
mimo-reasonix/internal/cli/acp.go:231.30,232.23 1 1
mimo-reasonix/internal/cli/acp.go:232.23,234.4 1 1
mimo-reasonix/internal/cli/acp.go:236.2,236.14 1 0
mimo-reasonix/internal/cli/acp.go:239.72,241.31 2 1
mimo-reasonix/internal/cli/acp.go:241.31,243.3 1 1
mimo-reasonix/internal/cli/acp.go:244.2,244.12 1 1
mimo-reasonix/internal/cli/acp.go:247.44,248.17 1 1
mimo-reasonix/internal/cli/acp.go:248.17,250.3 1 0
mimo-reasonix/internal/cli/acp.go:251.2,251.22 1 1
mimo-reasonix/internal/cli/acp.go:251.22,253.3 1 0
mimo-reasonix/internal/cli/acp.go:254.2,254.47 1 1
mimo-reasonix/internal/cli/acp.go:257.45,258.31 1 1
mimo-reasonix/internal/cli/acp.go:258.31,259.37 1 1
mimo-reasonix/internal/cli/acp.go:259.37,261.4 1 1
mimo-reasonix/internal/cli/acp.go:263.2,263.11 1 1
mimo-reasonix/internal/cli/acp.go:266.40,267.14 1 1
mimo-reasonix/internal/cli/acp.go:267.14,269.3 1 0
mimo-reasonix/internal/cli/acp.go:270.2,271.12 2 1
mimo-reasonix/internal/cli/acp.go:274.66,275.16 1 1
mimo-reasonix/internal/cli/acp.go:275.16,277.3 1 0
mimo-reasonix/internal/cli/acp.go:278.2,279.17 2 1
mimo-reasonix/internal/cli/acp.go:279.17,281.3 1 1
mimo-reasonix/internal/cli/acp.go:282.2,283.18 2 1
mimo-reasonix/internal/cli/acp.go:283.18,285.3 1 1
mimo-reasonix/internal/cli/acp.go:286.2,286.22 1 1
mimo-reasonix/internal/cli/acp.go:289.190,290.90 1 1
mimo-reasonix/internal/cli/acp.go:290.90,295.21 4 1
mimo-reasonix/internal/cli/acp.go:295.21,298.11 3 1
mimo-reasonix/internal/cli/acp.go:298.11,300.5 1 0
mimo-reasonix/internal/cli/acp.go:301.9,304.4 2 1
mimo-reasonix/internal/cli/acp.go:306.3,306.19 1 1
mimo-reasonix/internal/cli/acp.go:306.19,308.18 2 1
mimo-reasonix/internal/cli/acp.go:308.18,310.5 1 1
mimo-reasonix/internal/cli/acp.go:311.4,312.117 2 1
mimo-reasonix/internal/cli/acp.go:312.117,314.5 1 0
mimo-reasonix/internal/cli/acp.go:317.3,318.17 2 1
mimo-reasonix/internal/cli/acp.go:318.17,320.4 1 0
mimo-reasonix/internal/cli/acp.go:321.3,321.53 1 1
mimo-reasonix/internal/cli/autoplan.go:10.52,12.19 2 1
mimo-reasonix/internal/cli/autoplan.go:12.19,14.17 2 0
mimo-reasonix/internal/cli/autoplan.go:14.17,17.4 2 0
mimo-reasonix/internal/cli/autoplan.go:18.3,19.9 2 0
mimo-reasonix/internal/cli/autoplan.go:21.2,21.19 1 1
mimo-reasonix/internal/cli/autoplan.go:21.19,24.3 2 0
mimo-reasonix/internal/cli/autoplan.go:25.2,25.39 1 1
mimo-reasonix/internal/cli/autoplan.go:25.39,28.3 2 0
mimo-reasonix/internal/cli/autoplan.go:30.2,31.16 2 1
mimo-reasonix/internal/cli/autoplan.go:31.16,34.3 2 0
mimo-reasonix/internal/cli/autoplan.go:35.2,36.50 2 1
mimo-reasonix/internal/cli/autoplan.go:36.50,39.3 2 0
mimo-reasonix/internal/cli/autoplan.go:40.2,40.42 1 1
mimo-reasonix/internal/cli/autoplan.go:40.42,43.3 2 0
mimo-reasonix/internal/cli/autoplan.go:45.2,46.19 2 1
mimo-reasonix/internal/cli/autoplan.go:46.19,48.3 1 1
mimo-reasonix/internal/cli/autoplan.go:49.2,49.52 1 1
mimo-reasonix/internal/cli/autoplan.go:52.42,53.50 1 0
mimo-reasonix/internal/cli/autoplan.go:54.19,55.14 1 0
mimo-reasonix/internal/cli/autoplan.go:56.10,57.15 1 0
mimo-reasonix/internal/cli/bot.go:20.52,21.19 1 0
mimo-reasonix/internal/cli/bot.go:21.19,24.3 2 0
mimo-reasonix/internal/cli/bot.go:26.2,29.13 3 0
mimo-reasonix/internal/cli/bot.go:30.15,31.33 1 0
mimo-reasonix/internal/cli/bot.go:32.16,33.25 1 0
mimo-reasonix/internal/cli/bot.go:34.22,35.30 1 0
mimo-reasonix/internal/cli/bot.go:36.30,38.11 2 0
mimo-reasonix/internal/cli/bot.go:39.10,42.11 3 0
mimo-reasonix/internal/cli/bot.go:46.50,52.39 5 0
mimo-reasonix/internal/cli/bot.go:52.39,54.3 1 0
mimo-reasonix/internal/cli/bot.go:56.2,60.16 4 0
mimo-reasonix/internal/cli/bot.go:60.16,63.3 2 0
mimo-reasonix/internal/cli/bot.go:65.2,65.22 1 0
mimo-reasonix/internal/cli/bot.go:65.22,68.3 2 0
mimo-reasonix/internal/cli/bot.go:69.2,69.122 1 0
mimo-reasonix/internal/cli/bot.go:69.122,72.3 2 0
mimo-reasonix/internal/cli/bot.go:74.2,75.25 2 0
mimo-reasonix/internal/cli/bot.go:75.25,76.40 1 0
mimo-reasonix/internal/cli/bot.go:76.40,78.4 1 0
mimo-reasonix/internal/cli/bot.go:81.2,83.37 3 0
mimo-reasonix/internal/cli/bot.go:83.37,85.3 1 0
mimo-reasonix/internal/cli/bot.go:86.2,86.54 1 0
mimo-reasonix/internal/cli/bot.go:86.54,89.3 2 0
mimo-reasonix/internal/cli/bot.go:91.2,131.12 9 0
mimo-reasonix/internal/cli/bot.go:131.12,136.3 4 0
mimo-reasonix/internal/cli/bot.go:138.2,141.38 3 0
mimo-reasonix/internal/cli/bot.go:141.38,144.3 2 0
mimo-reasonix/internal/cli/bot.go:147.2,148.10 2 0
mimo-reasonix/internal/cli/bot.go:151.44,153.15 2 0
mimo-reasonix/internal/cli/bot.go:153.15,155.3 1 0
mimo-reasonix/internal/cli/bot.go:156.2,156.32 1 0
mimo-reasonix/internal/cli/bot.go:159.35,163.39 3 1
mimo-reasonix/internal/cli/bot.go:163.39,165.3 1 0
mimo-reasonix/internal/cli/bot.go:167.2,168.16 2 1
mimo-reasonix/internal/cli/bot.go:168.16,171.3 2 0
mimo-reasonix/internal/cli/bot.go:173.2,183.48 4 1
mimo-reasonix/internal/cli/bot.go:183.48,185.3 1 1
mimo-reasonix/internal/cli/bot.go:188.2,188.16 1 1
mimo-reasonix/internal/cli/bot.go:188.16,190.3 1 1
mimo-reasonix/internal/cli/bot.go:190.8,192.3 1 1
mimo-reasonix/internal/cli/bot.go:195.2,195.19 1 1
mimo-reasonix/internal/cli/bot.go:195.19,198.19 3 0
mimo-reasonix/internal/cli/bot.go:198.19,200.4 1 0
mimo-reasonix/internal/cli/bot.go:200.9,202.4 1 0
mimo-reasonix/internal/cli/bot.go:203.3,203.24 1 0
mimo-reasonix/internal/cli/bot.go:203.24,205.4 1 0
mimo-reasonix/internal/cli/bot.go:205.9,207.4 1 0
mimo-reasonix/internal/cli/bot.go:208.8,210.3 1 1
mimo-reasonix/internal/cli/bot.go:213.2,213.23 1 1
mimo-reasonix/internal/cli/bot.go:213.23,216.19 3 0
mimo-reasonix/internal/cli/bot.go:216.19,218.4 1 0
mimo-reasonix/internal/cli/bot.go:218.9,220.4 1 0
mimo-reasonix/internal/cli/bot.go:221.3,221.28 1 0
mimo-reasonix/internal/cli/bot.go:221.28,223.4 1 0
mimo-reasonix/internal/cli/bot.go:223.9,225.4 1 0
mimo-reasonix/internal/cli/bot.go:226.3,227.17 2 0
mimo-reasonix/internal/cli/bot.go:227.17,229.4 1 0
mimo-reasonix/internal/cli/bot.go:230.3,230.42 1 0
mimo-reasonix/internal/cli/bot.go:231.8,233.3 1 1
mimo-reasonix/internal/cli/bot.go:236.2,236.23 1 1
mimo-reasonix/internal/cli/bot.go:236.23,239.18 3 0
mimo-reasonix/internal/cli/bot.go:239.18,241.4 1 0
mimo-reasonix/internal/cli/bot.go:241.9,241.57 1 0
mimo-reasonix/internal/cli/bot.go:241.57,243.4 1 0
mimo-reasonix/internal/cli/bot.go:243.9,245.4 1 0
mimo-reasonix/internal/cli/bot.go:246.8,248.3 1 1
mimo-reasonix/internal/cli/bot.go:250.2,251.38 2 1
mimo-reasonix/internal/cli/bot.go:251.38,252.19 1 1
mimo-reasonix/internal/cli/bot.go:252.19,254.4 1 1
mimo-reasonix/internal/cli/bot.go:256.2,257.38 2 1
mimo-reasonix/internal/cli/bot.go:257.38,259.15 2 1
mimo-reasonix/internal/cli/bot.go:259.15,261.4 1 0
mimo-reasonix/internal/cli/bot.go:262.3,263.20 2 1
mimo-reasonix/internal/cli/bot.go:263.20,265.4 1 0
mimo-reasonix/internal/cli/bot.go:265.9,265.140 1 1
mimo-reasonix/internal/cli/bot.go:265.140,267.4 1 1
mimo-reasonix/internal/cli/bot.go:268.3,269.85 1 1
mimo-reasonix/internal/cli/bot.go:273.2,273.27 1 1
mimo-reasonix/internal/cli/bot.go:273.27,275.3 1 1
mimo-reasonix/internal/cli/bot.go:275.8,275.33 1 1
mimo-reasonix/internal/cli/bot.go:275.33,281.3 1 1
mimo-reasonix/internal/cli/bot.go:281.8,283.3 1 0
mimo-reasonix/internal/cli/bot.go:285.2,285.14 1 1
mimo-reasonix/internal/cli/bot.go:285.14,287.29 2 1
mimo-reasonix/internal/cli/bot.go:287.29,289.27 2 1
mimo-reasonix/internal/cli/bot.go:289.27,291.5 1 1
mimo-reasonix/internal/cli/bot.go:292.4,292.100 1 1
mimo-reasonix/internal/cli/bot.go:294.3,294.19 1 1
mimo-reasonix/internal/cli/bot.go:295.8,296.29 1 0
mimo-reasonix/internal/cli/bot.go:296.29,298.55 2 0
mimo-reasonix/internal/cli/bot.go:298.55,300.5 1 0
mimo-reasonix/internal/cli/bot.go:301.4,302.22 2 0
mimo-reasonix/internal/cli/bot.go:302.22,304.5 1 0
mimo-reasonix/internal/cli/bot.go:305.4,305.17 1 0
mimo-reasonix/internal/cli/bot.go:309.2,309.10 1 1
mimo-reasonix/internal/cli/bot.go:312.40,315.39 3 0
mimo-reasonix/internal/cli/bot.go:315.39,317.3 1 0
mimo-reasonix/internal/cli/bot.go:319.2,320.16 2 0
mimo-reasonix/internal/cli/bot.go:320.16,323.3 2 0
mimo-reasonix/internal/cli/bot.go:325.2,325.29 1 0
mimo-reasonix/internal/cli/bot.go:325.29,328.3 2 0
mimo-reasonix/internal/cli/bot.go:330.2,333.16 4 0
mimo-reasonix/internal/cli/bot.go:333.16,336.3 2 0
mimo-reasonix/internal/cli/bot.go:337.2,340.10 3 0
mimo-reasonix/internal/cli/bot.go:343.53,345.16 2 1
mimo-reasonix/internal/cli/bot.go:345.16,347.3 1 0
mimo-reasonix/internal/cli/bot.go:348.2,349.39 2 1
mimo-reasonix/internal/cli/bot.go:349.39,351.3 1 0
mimo-reasonix/internal/cli/bot.go:352.2,352.45 1 1
mimo-reasonix/internal/cli/bot.go:352.45,354.3 1 1
mimo-reasonix/internal/cli/bot.go:355.2,356.39 2 1
mimo-reasonix/internal/cli/bot.go:356.39,358.3 1 1
mimo-reasonix/internal/cli/bot.go:359.2,359.17 1 1
mimo-reasonix/internal/cli/bot.go:362.53,363.102 1 1
mimo-reasonix/internal/cli/bot.go:363.102,365.3 1 1
mimo-reasonix/internal/cli/bot.go:366.2,366.78 1 0
mimo-reasonix/internal/cli/bot.go:366.78,368.3 1 0
mimo-reasonix/internal/cli/bot.go:369.2,369.101 1 0
mimo-reasonix/internal/cli/bot.go:372.17,400.2 1 0
mimo-reasonix/internal/cli/box.go:14.33,16.2 1 1
mimo-reasonix/internal/cli/box.go:22.39,24.14 2 1
mimo-reasonix/internal/cli/box.go:24.14,26.3 1 1
mimo-reasonix/internal/cli/box.go:27.2,27.37 1 1
mimo-reasonix/internal/cli/box.go:33.35,35.26 2 1
mimo-reasonix/internal/cli/box.go:35.26,36.38 1 1
mimo-reasonix/internal/cli/box.go:36.38,38.4 1 1
mimo-reasonix/internal/cli/box.go:40.2,46.26 6 1
mimo-reasonix/internal/cli/box.go:46.26,48.14 2 1
mimo-reasonix/internal/cli/box.go:48.14,50.4 1 0
mimo-reasonix/internal/cli/box.go:51.3,57.20 7 1
mimo-reasonix/internal/cli/box.go:59.2,61.19 3 1
mimo-reasonix/internal/cli/branch.go:13.36,15.16 2 0
mimo-reasonix/internal/cli/branch.go:15.16,18.3 2 0
mimo-reasonix/internal/cli/branch.go:19.2,21.60 3 0
mimo-reasonix/internal/cli/branch.go:24.43,26.29 2 1
mimo-reasonix/internal/cli/branch.go:26.29,28.3 1 1
mimo-reasonix/internal/cli/branch.go:29.2,29.34 1 1
mimo-reasonix/internal/cli/branch.go:32.47,33.25 1 1
mimo-reasonix/internal/cli/branch.go:33.25,35.3 1 1
mimo-reasonix/internal/cli/branch.go:36.2,37.60 2 1
mimo-reasonix/internal/cli/branch.go:37.60,39.3 1 1
mimo-reasonix/internal/cli/branch.go:40.2,40.15 1 1
mimo-reasonix/internal/cli/branch.go:40.15,42.3 1 0
mimo-reasonix/internal/cli/branch.go:43.2,45.20 3 1
mimo-reasonix/internal/cli/branch.go:45.20,47.3 1 0
mimo-reasonix/internal/cli/branch.go:48.2,52.54 4 1
mimo-reasonix/internal/cli/branch.go:52.54,54.44 2 1
mimo-reasonix/internal/cli/branch.go:54.44,56.4 1 1
mimo-reasonix/internal/cli/branch.go:56.9,56.44 1 0
mimo-reasonix/internal/cli/branch.go:56.44,58.4 1 0
mimo-reasonix/internal/cli/branch.go:60.2,60.79 1 1
mimo-reasonix/internal/cli/branch.go:63.50,69.75 3 0
mimo-reasonix/internal/cli/branch.go:69.75,72.3 2 0
mimo-reasonix/internal/cli/branch.go:72.8,72.21 1 0
mimo-reasonix/internal/cli/branch.go:72.21,73.56 1 0
mimo-reasonix/internal/cli/branch.go:73.56,75.4 1 0
mimo-reasonix/internal/cli/branch.go:76.3,77.9 2 0
mimo-reasonix/internal/cli/branch.go:78.8,79.48 1 0
mimo-reasonix/internal/cli/branch.go:79.48,81.4 1 0
mimo-reasonix/internal/cli/branch.go:83.2,83.20 1 0
mimo-reasonix/internal/cli/branch.go:86.50,88.15 2 0
mimo-reasonix/internal/cli/branch.go:88.15,91.3 2 0
mimo-reasonix/internal/cli/branch.go:92.2,92.52 1 0
mimo-reasonix/internal/cli/branch.go:92.52,94.3 1 0
mimo-reasonix/internal/cli/branch.go:95.2,95.41 1 0
mimo-reasonix/internal/cli/branch.go:98.52,121.17 16 1
mimo-reasonix/internal/cli/branch.go:121.17,123.3 1 1
mimo-reasonix/internal/cli/branch.go:124.2,126.84 3 1
mimo-reasonix/internal/cli/branch.go:126.84,128.3 1 1
mimo-reasonix/internal/cli/chat_tui.go:367.42,369.15 2 1
mimo-reasonix/internal/cli/chat_tui.go:369.15,371.3 1 1
mimo-reasonix/internal/cli/chat_tui.go:372.2,380.24 4 1
mimo-reasonix/internal/cli/chat_tui.go:380.24,380.93 1 1
mimo-reasonix/internal/cli/chat_tui.go:386.56,393.47 3 1
mimo-reasonix/internal/cli/chat_tui.go:393.47,395.3 1 1
mimo-reasonix/internal/cli/chat_tui.go:396.2,396.12 1 1
mimo-reasonix/internal/cli/chat_tui.go:399.45,400.27 1 1
mimo-reasonix/internal/cli/chat_tui.go:400.27,402.3 1 0
mimo-reasonix/internal/cli/chat_tui.go:403.2,403.25 1 1
mimo-reasonix/internal/cli/chat_tui.go:427.48,428.24 1 1
mimo-reasonix/internal/cli/chat_tui.go:428.24,430.29 2 1
mimo-reasonix/internal/cli/chat_tui.go:430.29,432.4 1 1
mimo-reasonix/internal/cli/chat_tui.go:433.3,433.39 1 0
mimo-reasonix/internal/cli/chat_tui.go:471.103,514.2 9 1
mimo-reasonix/internal/cli/chat_tui.go:516.67,517.23 1 1
mimo-reasonix/internal/cli/chat_tui.go:517.23,519.3 1 1
mimo-reasonix/internal/cli/chat_tui.go:520.2,520.22 1 1
mimo-reasonix/internal/cli/chat_tui.go:523.48,540.2 12 1
mimo-reasonix/internal/cli/chat_tui.go:542.30,543.113 1 0
mimo-reasonix/internal/cli/chat_tui.go:543.113,545.3 1 0
mimo-reasonix/internal/cli/chat_tui.go:546.2,546.62 1 0
mimo-reasonix/internal/cli/chat_tui.go:551.56,552.36 1 1
mimo-reasonix/internal/cli/chat_tui.go:552.36,554.3 1 0
mimo-reasonix/internal/cli/chat_tui.go:555.2,555.89 1 1
mimo-reasonix/internal/cli/chat_tui.go:555.89,557.3 1 1
mimo-reasonix/internal/cli/chat_tui.go:558.2,559.28 2 1
mimo-reasonix/internal/cli/chat_tui.go:562.56,563.33 1 1
mimo-reasonix/internal/cli/chat_tui.go:563.33,565.3 1 0
mimo-reasonix/internal/cli/chat_tui.go:566.2,567.16 2 1
mimo-reasonix/internal/cli/chat_tui.go:567.16,568.16 1 1
mimo-reasonix/internal/cli/chat_tui.go:568.16,570.4 1 0
mimo-reasonix/internal/cli/chat_tui.go:571.3,571.26 1 1
mimo-reasonix/internal/cli/chat_tui.go:571.26,573.4 1 0
mimo-reasonix/internal/cli/chat_tui.go:574.3,575.38 2 1
mimo-reasonix/internal/cli/chat_tui.go:576.8,578.3 1 1
mimo-reasonix/internal/cli/chat_tui.go:580.2,580.16 1 1
mimo-reasonix/internal/cli/chat_tui.go:580.16,582.3 1 0
mimo-reasonix/internal/cli/chat_tui.go:583.2,583.38 1 1
mimo-reasonix/internal/cli/chat_tui.go:583.38,588.3 4 1
mimo-reasonix/internal/cli/chat_tui.go:589.2,592.13 4 1
mimo-reasonix/internal/cli/chat_tui.go:595.47,598.2 2 1
mimo-reasonix/internal/cli/chat_tui.go:603.49,604.34 1 1
mimo-reasonix/internal/cli/chat_tui.go:604.34,606.3 1 1
mimo-reasonix/internal/cli/chat_tui.go:607.2,608.16 2 1
mimo-reasonix/internal/cli/chat_tui.go:608.16,609.16 1 1
mimo-reasonix/internal/cli/chat_tui.go:609.16,611.4 1 0
mimo-reasonix/internal/cli/chat_tui.go:613.3,614.39 2 1
mimo-reasonix/internal/cli/chat_tui.go:615.8,617.3 1 1
mimo-reasonix/internal/cli/chat_tui.go:619.2,619.16 1 1
mimo-reasonix/internal/cli/chat_tui.go:619.16,621.3 1 1
mimo-reasonix/internal/cli/chat_tui.go:622.2,622.39 1 1
mimo-reasonix/internal/cli/chat_tui.go:622.39,628.3 4 1
mimo-reasonix/internal/cli/chat_tui.go:629.2,632.13 4 1
mimo-reasonix/internal/cli/chat_tui.go:638.42,641.2 2 1
mimo-reasonix/internal/cli/chat_tui.go:645.48,646.59 1 1
mimo-reasonix/internal/cli/chat_tui.go:646.59,648.3 1 1
mimo-reasonix/internal/cli/chat_tui.go:649.2,652.41 4 1
mimo-reasonix/internal/cli/chat_tui.go:652.41,656.22 3 1
mimo-reasonix/internal/cli/chat_tui.go:656.22,658.4 1 0
mimo-reasonix/internal/cli/chat_tui.go:659.3,661.29 3 1
mimo-reasonix/internal/cli/chat_tui.go:661.29,664.4 2 1
mimo-reasonix/internal/cli/chat_tui.go:665.3,665.89 1 1
mimo-reasonix/internal/cli/chat_tui.go:667.2,667.34 1 1
mimo-reasonix/internal/cli/chat_tui.go:671.45,672.19 1 1
mimo-reasonix/internal/cli/chat_tui.go:672.19,674.3 1 1
mimo-reasonix/internal/cli/chat_tui.go:675.2,675.25 1 0
mimo-reasonix/internal/cli/chat_tui.go:678.33,686.2 1 0
mimo-reasonix/internal/cli/chat_tui.go:688.38,690.2 1 1
mimo-reasonix/internal/cli/chat_tui.go:692.59,710.84 11 1
mimo-reasonix/internal/cli/chat_tui.go:710.84,714.18 4 1
mimo-reasonix/internal/cli/chat_tui.go:714.18,716.4 1 1
mimo-reasonix/internal/cli/chat_tui.go:718.2,718.24 1 1
mimo-reasonix/internal/cli/chat_tui.go:718.24,721.3 2 1
mimo-reasonix/internal/cli/chat_tui.go:722.2,727.84 2 1
mimo-reasonix/internal/cli/chat_tui.go:727.84,729.3 1 1
mimo-reasonix/internal/cli/chat_tui.go:730.2,731.16 2 1
mimo-reasonix/internal/cli/chat_tui.go:736.59,739.27 2 1
mimo-reasonix/internal/cli/chat_tui.go:740.25,748.17 6 1
mimo-reasonix/internal/cli/chat_tui.go:748.17,752.26 4 1
mimo-reasonix/internal/cli/chat_tui.go:752.26,754.67 2 1
mimo-reasonix/internal/cli/chat_tui.go:754.67,756.6 1 1
mimo-reasonix/internal/cli/chat_tui.go:757.5,757.20 1 1
mimo-reasonix/internal/cli/chat_tui.go:759.4,759.53 1 1
mimo-reasonix/internal/cli/chat_tui.go:762.25,763.21 1 1
mimo-reasonix/internal/cli/chat_tui.go:764.25,765.26 1 1
mimo-reasonix/internal/cli/chat_tui.go:766.27,767.28 1 1
mimo-reasonix/internal/cli/chat_tui.go:769.3,769.16 1 1
mimo-reasonix/internal/cli/chat_tui.go:771.25,775.69 1 1
mimo-reasonix/internal/cli/chat_tui.go:775.69,779.4 3 0
mimo-reasonix/internal/cli/chat_tui.go:780.3,780.65 1 1
mimo-reasonix/internal/cli/chat_tui.go:780.65,787.4 6 1
mimo-reasonix/internal/cli/chat_tui.go:788.3,788.65 1 1
mimo-reasonix/internal/cli/chat_tui.go:788.65,791.53 2 1
mimo-reasonix/internal/cli/chat_tui.go:791.53,793.87 2 1
mimo-reasonix/internal/cli/chat_tui.go:793.87,796.6 2 0
mimo-reasonix/internal/cli/chat_tui.go:798.4,800.20 3 1
mimo-reasonix/internal/cli/chat_tui.go:802.3,802.16 1 1
mimo-reasonix/internal/cli/chat_tui.go:804.26,805.22 1 1
mimo-reasonix/internal/cli/chat_tui.go:805.22,808.4 2 1
mimo-reasonix/internal/cli/chat_tui.go:813.3,813.19 1 0
mimo-reasonix/internal/cli/chat_tui.go:813.19,818.38 5 0
mimo-reasonix/internal/cli/chat_tui.go:818.38,820.5 1 0
mimo-reasonix/internal/cli/chat_tui.go:822.3,822.16 1 0
mimo-reasonix/internal/cli/chat_tui.go:824.21,828.41 1 0
mimo-reasonix/internal/cli/chat_tui.go:828.41,830.4 1 0
mimo-reasonix/internal/cli/chat_tui.go:831.3,832.23 2 0
mimo-reasonix/internal/cli/chat_tui.go:832.23,835.4 2 0
mimo-reasonix/internal/cli/chat_tui.go:835.9,837.4 1 0
mimo-reasonix/internal/cli/chat_tui.go:838.3,840.94 2 0
mimo-reasonix/internal/cli/chat_tui.go:840.94,843.4 2 0
mimo-reasonix/internal/cli/chat_tui.go:844.3,844.29 1 0
mimo-reasonix/internal/cli/chat_tui.go:846.27,850.22 1 1
mimo-reasonix/internal/cli/chat_tui.go:850.22,855.4 4 1
mimo-reasonix/internal/cli/chat_tui.go:856.3,857.67 2 0
mimo-reasonix/internal/cli/chat_tui.go:857.67,859.4 1 0
mimo-reasonix/internal/cli/chat_tui.go:860.3,860.16 1 0
mimo-reasonix/internal/cli/chat_tui.go:862.20,863.65 1 1
mimo-reasonix/internal/cli/chat_tui.go:863.65,865.4 1 0
mimo-reasonix/internal/cli/chat_tui.go:866.3,866.48 1 1
mimo-reasonix/internal/cli/chat_tui.go:866.48,871.4 4 0
mimo-reasonix/internal/cli/chat_tui.go:872.3,872.214 1 1
mimo-reasonix/internal/cli/chat_tui.go:872.214,877.4 4 1
mimo-reasonix/internal/cli/chat_tui.go:879.23,885.23 3 1
mimo-reasonix/internal/cli/chat_tui.go:886.15,888.31 2 1
mimo-reasonix/internal/cli/chat_tui.go:889.17,891.31 2 1
mimo-reasonix/internal/cli/chat_tui.go:892.20,894.31 2 1
mimo-reasonix/internal/cli/chat_tui.go:895.19,897.31 2 1
mimo-reasonix/internal/cli/chat_tui.go:898.17,899.37 1 1
mimo-reasonix/internal/cli/chat_tui.go:904.3,904.23 1 1
mimo-reasonix/internal/cli/chat_tui.go:904.23,905.24 1 0
mimo-reasonix/internal/cli/chat_tui.go:905.24,906.25 1 0
mimo-reasonix/internal/cli/chat_tui.go:907.18,911.19 4 0
mimo-reasonix/internal/cli/chat_tui.go:911.19,913.7 1 0
mimo-reasonix/internal/cli/chat_tui.go:914.6,916.31 3 0
mimo-reasonix/internal/cli/chat_tui.go:917.16,920.33 3 0
mimo-reasonix/internal/cli/chat_tui.go:922.5,926.32 5 0
mimo-reasonix/internal/cli/chat_tui.go:928.4,928.34 1 0
mimo-reasonix/internal/cli/chat_tui.go:931.3,931.22 1 1
mimo-reasonix/internal/cli/chat_tui.go:931.22,933.4 1 0
mimo-reasonix/internal/cli/chat_tui.go:935.3,935.25 1 1
mimo-reasonix/internal/cli/chat_tui.go:935.25,937.4 1 0
mimo-reasonix/internal/cli/chat_tui.go:939.3,939.24 1 1
mimo-reasonix/internal/cli/chat_tui.go:939.24,941.4 1 0
mimo-reasonix/internal/cli/chat_tui.go:943.3,943.26 1 1
mimo-reasonix/internal/cli/chat_tui.go:943.26,945.4 1 0
mimo-reasonix/internal/cli/chat_tui.go:947.3,947.19 1 1
mimo-reasonix/internal/cli/chat_tui.go:947.19,949.4 1 0
mimo-reasonix/internal/cli/chat_tui.go:951.3,951.28 1 1
mimo-reasonix/internal/cli/chat_tui.go:951.28,953.4 1 0
mimo-reasonix/internal/cli/chat_tui.go:955.3,955.25 1 1
mimo-reasonix/internal/cli/chat_tui.go:955.25,957.4 1 0
mimo-reasonix/internal/cli/chat_tui.go:960.3,960.31 1 1
mimo-reasonix/internal/cli/chat_tui.go:960.31,962.4 1 0
mimo-reasonix/internal/cli/chat_tui.go:966.3,966.26 1 1
mimo-reasonix/internal/cli/chat_tui.go:966.26,967.24 1 1
mimo-reasonix/internal/cli/chat_tui.go:968.14,970.18 2 0
mimo-reasonix/internal/cli/chat_tui.go:971.16,973.18 2 0
mimo-reasonix/internal/cli/chat_tui.go:974.24,975.98 1 1
mimo-reasonix/internal/cli/chat_tui.go:975.98,977.11 2 1
mimo-reasonix/internal/cli/chat_tui.go:982.5,982.71 1 1
mimo-reasonix/internal/cli/chat_tui.go:982.71,984.11 2 1
mimo-reasonix/internal/cli/chat_tui.go:986.5,987.18 2 1
mimo-reasonix/internal/cli/chat_tui.go:988.15,990.30 2 1
mimo-reasonix/internal/cli/chat_tui.go:990.30,991.11 1 1
mimo-reasonix/internal/cli/chat_tui.go:993.5,993.18 1 0
mimo-reasonix/internal/cli/chat_tui.go:996.3,996.23 1 1
mimo-reasonix/internal/cli/chat_tui.go:997.13,998.29 1 1
mimo-reasonix/internal/cli/chat_tui.go:998.29,999.28 1 1
mimo-reasonix/internal/cli/chat_tui.go:999.28,1001.6 1 1
mimo-reasonix/internal/cli/chat_tui.go:1002.10,1002.41 1 1
mimo-reasonix/internal/cli/chat_tui.go:1002.41,1004.5 1 1
mimo-reasonix/internal/cli/chat_tui.go:1005.15,1006.29 1 1
mimo-reasonix/internal/cli/chat_tui.go:1006.29,1007.27 1 1
mimo-reasonix/internal/cli/chat_tui.go:1007.27,1009.6 1 1
mimo-reasonix/internal/cli/chat_tui.go:1010.10,1010.40 1 1
mimo-reasonix/internal/cli/chat_tui.go:1010.40,1012.5 1 1
mimo-reasonix/internal/cli/chat_tui.go:1013.16,1013.16 0 1
mimo-reasonix/internal/cli/chat_tui.go:1016.11,1018.28 2 1
mimo-reasonix/internal/cli/chat_tui.go:1020.3,1020.23 1 1
mimo-reasonix/internal/cli/chat_tui.go:1021.14,1030.11 1 1
mimo-reasonix/internal/cli/chat_tui.go:1031.50,1032.22 1 0
mimo-reasonix/internal/cli/chat_tui.go:1033.31,1038.26 2 1
mimo-reasonix/internal/cli/chat_tui.go:1038.26,1041.6 2 0
mimo-reasonix/internal/cli/chat_tui.go:1042.12,1046.49 1 1
mimo-reasonix/internal/cli/chat_tui.go:1046.49,1047.77 1 1
mimo-reasonix/internal/cli/chat_tui.go:1047.77,1050.7 2 0
mimo-reasonix/internal/cli/chat_tui.go:1050.12,1052.7 1 1
mimo-reasonix/internal/cli/chat_tui.go:1053.11,1056.6 2 0
mimo-reasonix/internal/cli/chat_tui.go:1058.4,1058.17 1 1
mimo-reasonix/internal/cli/chat_tui.go:1059.38,1060.29 1 1
mimo-reasonix/internal/cli/chat_tui.go:1060.29,1062.35 1 1
mimo-reasonix/internal/cli/chat_tui.go:1062.35,1067.6 4 0
mimo-reasonix/internal/cli/chat_tui.go:1068.5,1068.24 1 1
mimo-reasonix/internal/cli/chat_tui.go:1068.24,1070.6 1 0
mimo-reasonix/internal/cli/chat_tui.go:1070.11,1070.35 1 1
mimo-reasonix/internal/cli/chat_tui.go:1070.35,1073.6 2 1
mimo-reasonix/internal/cli/chat_tui.go:1073.11,1075.6 1 1
mimo-reasonix/internal/cli/chat_tui.go:1076.5,1076.18 1 1
mimo-reasonix/internal/cli/chat_tui.go:1086.4,1086.34 1 1
mimo-reasonix/internal/cli/chat_tui.go:1086.34,1091.5 4 1
mimo-reasonix/internal/cli/chat_tui.go:1094.4,1094.48 1 1
mimo-reasonix/internal/cli/chat_tui.go:1094.48,1099.5 4 1
mimo-reasonix/internal/cli/chat_tui.go:1100.4,1100.84 1 1
mimo-reasonix/internal/cli/chat_tui.go:1100.84,1102.5 1 1
mimo-reasonix/internal/cli/chat_tui.go:1103.4,1105.30 3 1
mimo-reasonix/internal/cli/chat_tui.go:1106.17,1107.22 1 0
mimo-reasonix/internal/cli/chat_tui.go:1108.17,1109.29 1 0
mimo-reasonix/internal/cli/chat_tui.go:1109.29,1117.5 6 0
mimo-reasonix/internal/cli/chat_tui.go:1118.4,1118.31 1 0
mimo-reasonix/internal/cli/chat_tui.go:1119.54,1120.29 1 0
mimo-reasonix/internal/cli/chat_tui.go:1120.29,1122.5 1 0
mimo-reasonix/internal/cli/chat_tui.go:1123.4,1124.31 2 0
mimo-reasonix/internal/cli/chat_tui.go:1125.38,1127.17 2 1
mimo-reasonix/internal/cli/chat_tui.go:1128.17,1130.31 2 0
mimo-reasonix/internal/cli/chat_tui.go:1131.17,1133.31 2 0
mimo-reasonix/internal/cli/chat_tui.go:1134.20,1138.17 2 1
mimo-reasonix/internal/cli/chat_tui.go:1139.16,1140.29 1 1
mimo-reasonix/internal/cli/chat_tui.go:1140.29,1142.19 2 1
mimo-reasonix/internal/cli/chat_tui.go:1142.19,1145.6 2 1
mimo-reasonix/internal/cli/chat_tui.go:1146.5,1146.78 1 1
mimo-reasonix/internal/cli/chat_tui.go:1146.78,1152.6 4 1
mimo-reasonix/internal/cli/chat_tui.go:1152.11,1157.6 4 1
mimo-reasonix/internal/cli/chat_tui.go:1158.5,1160.32 3 1
mimo-reasonix/internal/cli/chat_tui.go:1162.4,1162.28 1 1
mimo-reasonix/internal/cli/chat_tui.go:1162.28,1164.5 1 0
mimo-reasonix/internal/cli/chat_tui.go:1165.4,1167.18 2 1
mimo-reasonix/internal/cli/chat_tui.go:1167.18,1170.5 2 1
mimo-reasonix/internal/cli/chat_tui.go:1171.4,1171.56 1 1
mimo-reasonix/internal/cli/chat_tui.go:1171.56,1173.5 1 0
mimo-reasonix/internal/cli/chat_tui.go:1174.4,1178.56 2 1
mimo-reasonix/internal/cli/chat_tui.go:1178.56,1181.19 3 0
mimo-reasonix/internal/cli/chat_tui.go:1181.19,1183.6 1 0
mimo-reasonix/internal/cli/chat_tui.go:1183.11,1183.83 1 0
mimo-reasonix/internal/cli/chat_tui.go:1183.83,1185.6 1 0
mimo-reasonix/internal/cli/chat_tui.go:1185.11,1187.6 1 0
mimo-reasonix/internal/cli/chat_tui.go:1188.5,1188.32 1 0
mimo-reasonix/internal/cli/chat_tui.go:1192.4,1192.36 1 1
mimo-reasonix/internal/cli/chat_tui.go:1192.36,1194.37 2 0
mimo-reasonix/internal/cli/chat_tui.go:1194.37,1199.6 4 0
mimo-reasonix/internal/cli/chat_tui.go:1200.5,1214.55 15 0
mimo-reasonix/internal/cli/chat_tui.go:1220.4,1220.37 1 1
mimo-reasonix/internal/cli/chat_tui.go:1220.38,1223.5 0 0
mimo-reasonix/internal/cli/chat_tui.go:1223.10,1223.43 1 1
mimo-reasonix/internal/cli/chat_tui.go:1223.43,1224.49 1 1
mimo-reasonix/internal/cli/chat_tui.go:1224.49,1226.6 1 0
mimo-reasonix/internal/cli/chat_tui.go:1226.11,1231.6 4 1
mimo-reasonix/internal/cli/chat_tui.go:1234.4,1236.62 3 1
mimo-reasonix/internal/cli/chat_tui.go:1236.62,1240.5 3 0
mimo-reasonix/internal/cli/chat_tui.go:1245.4,1245.32 1 1
mimo-reasonix/internal/cli/chat_tui.go:1245.32,1248.5 2 1
mimo-reasonix/internal/cli/chat_tui.go:1255.4,1256.31 2 1
mimo-reasonix/internal/cli/chat_tui.go:1259.21,1271.56 5 1
mimo-reasonix/internal/cli/chat_tui.go:1271.56,1272.11 1 1
mimo-reasonix/internal/cli/chat_tui.go:1273.27,1275.34 2 1
mimo-reasonix/internal/cli/chat_tui.go:1275.34,1277.6 1 0
mimo-reasonix/internal/cli/chat_tui.go:1278.5,1278.57 1 1
mimo-reasonix/internal/cli/chat_tui.go:1278.57,1280.6 1 0
mimo-reasonix/internal/cli/chat_tui.go:1281.12,1282.16 1 1
mimo-reasonix/internal/cli/chat_tui.go:1285.3,1288.15 2 1
mimo-reasonix/internal/cli/chat_tui.go:1288.15,1290.40 2 1
mimo-reasonix/internal/cli/chat_tui.go:1290.40,1292.5 1 0
mimo-reasonix/internal/cli/chat_tui.go:1293.4,1293.35 1 1
mimo-reasonix/internal/cli/chat_tui.go:1293.35,1300.5 5 1
mimo-reasonix/internal/cli/chat_tui.go:1302.3,1302.34 1 1
mimo-reasonix/internal/cli/chat_tui.go:1302.34,1303.43 1 1
mimo-reasonix/internal/cli/chat_tui.go:1303.43,1305.5 1 1
mimo-reasonix/internal/cli/chat_tui.go:1308.18,1309.23 1 0
mimo-reasonix/internal/cli/chat_tui.go:1311.21,1312.28 1 0
mimo-reasonix/internal/cli/chat_tui.go:1314.20,1315.27 1 0
mimo-reasonix/internal/cli/chat_tui.go:1317.22,1318.21 1 0
mimo-reasonix/internal/cli/chat_tui.go:1318.21,1320.4 1 0
mimo-reasonix/internal/cli/chat_tui.go:1320.9,1322.4 1 0
mimo-reasonix/internal/cli/chat_tui.go:1324.22,1327.21 3 1
mimo-reasonix/internal/cli/chat_tui.go:1327.21,1330.4 1 0
mimo-reasonix/internal/cli/chat_tui.go:1330.9,1342.26 8 1
mimo-reasonix/internal/cli/chat_tui.go:1342.26,1344.5 1 0
mimo-reasonix/internal/cli/chat_tui.go:1345.4,1347.40 3 1
mimo-reasonix/internal/cli/chat_tui.go:1347.40,1349.5 1 1
mimo-reasonix/internal/cli/chat_tui.go:1357.25,1358.10 1 0
mimo-reasonix/internal/cli/chat_tui.go:1359.23,1360.103 1 0
mimo-reasonix/internal/cli/chat_tui.go:1361.42,1362.37 1 0
mimo-reasonix/internal/cli/chat_tui.go:1363.11,1364.72 1 0
mimo-reasonix/internal/cli/chat_tui.go:1367.26,1368.21 1 0
mimo-reasonix/internal/cli/chat_tui.go:1368.21,1370.4 1 0
mimo-reasonix/internal/cli/chat_tui.go:1370.9,1370.30 1 0
mimo-reasonix/internal/cli/chat_tui.go:1370.30,1372.4 1 0
mimo-reasonix/internal/cli/chat_tui.go:1374.23,1375.30 1 1
mimo-reasonix/internal/cli/chat_tui.go:1375.30,1377.4 1 0
mimo-reasonix/internal/cli/chat_tui.go:1378.3,1379.22 2 1
mimo-reasonix/internal/cli/chat_tui.go:1379.22,1381.4 1 1
mimo-reasonix/internal/cli/chat_tui.go:1385.3,1385.87 1 1
mimo-reasonix/internal/cli/chat_tui.go:1387.25,1388.21 1 0
mimo-reasonix/internal/cli/chat_tui.go:1388.21,1390.9 2 0
mimo-reasonix/internal/cli/chat_tui.go:1392.3,1392.29 1 0
mimo-reasonix/internal/cli/chat_tui.go:1394.25,1395.10 1 0
mimo-reasonix/internal/cli/chat_tui.go:1396.23,1397.41 1 0
mimo-reasonix/internal/cli/chat_tui.go:1398.23,1399.30 1 0
mimo-reasonix/internal/cli/chat_tui.go:1400.23,1401.38 1 0
mimo-reasonix/internal/cli/chat_tui.go:1401.38,1403.5 1 0
mimo-reasonix/internal/cli/chat_tui.go:1404.4,1404.46 1 0
mimo-reasonix/internal/cli/chat_tui.go:1404.46,1406.5 1 0
mimo-reasonix/internal/cli/chat_tui.go:1406.10,1406.42 1 0
mimo-reasonix/internal/cli/chat_tui.go:1406.42,1408.5 1 0
mimo-reasonix/internal/cli/chat_tui.go:1408.10,1410.5 1 0
mimo-reasonix/internal/cli/chat_tui.go:1411.4,1413.31 3 0
mimo-reasonix/internal/cli/chat_tui.go:1416.22,1417.28 1 0
mimo-reasonix/internal/cli/chat_tui.go:1417.28,1421.4 3 0
mimo-reasonix/internal/cli/chat_tui.go:1423.23,1424.28 1 0
mimo-reasonix/internal/cli/chat_tui.go:1424.28,1428.4 3 0
mimo-reasonix/internal/cli/chat_tui.go:1431.2,1436.40 5 1
mimo-reasonix/internal/cli/chat_tui.go:1436.40,1438.3 1 1
mimo-reasonix/internal/cli/chat_tui.go:1440.2,1440.29 1 1
mimo-reasonix/internal/cli/chat_tui.go:1446.50,1447.53 1 1
mimo-reasonix/internal/cli/chat_tui.go:1447.53,1451.64 4 1
mimo-reasonix/internal/cli/chat_tui.go:1451.64,1453.4 1 1
mimo-reasonix/internal/cli/chat_tui.go:1454.3,1455.28 2 1
mimo-reasonix/internal/cli/chat_tui.go:1457.2,1458.27 2 1
mimo-reasonix/internal/cli/chat_tui.go:1461.44,1462.28 1 1
mimo-reasonix/internal/cli/chat_tui.go:1462.28,1464.3 1 1
mimo-reasonix/internal/cli/chat_tui.go:1465.2,1476.21 12 1
mimo-reasonix/internal/cli/chat_tui.go:1481.42,1482.19 1 1
mimo-reasonix/internal/cli/chat_tui.go:1482.19,1484.3 1 0
mimo-reasonix/internal/cli/chat_tui.go:1485.2,1485.43 1 1
mimo-reasonix/internal/cli/chat_tui.go:1485.43,1487.3 1 1
mimo-reasonix/internal/cli/chat_tui.go:1488.2,1488.10 1 0
mimo-reasonix/internal/cli/chat_tui.go:1493.43,1494.11 1 1
mimo-reasonix/internal/cli/chat_tui.go:1494.11,1496.3 1 0
mimo-reasonix/internal/cli/chat_tui.go:1497.2,1498.21 2 1
mimo-reasonix/internal/cli/chat_tui.go:1498.21,1500.3 1 1
mimo-reasonix/internal/cli/chat_tui.go:1501.2,1502.37 2 0
mimo-reasonix/internal/cli/chat_tui.go:1502.37,1504.23 2 0
mimo-reasonix/internal/cli/chat_tui.go:1504.23,1506.4 1 0
mimo-reasonix/internal/cli/chat_tui.go:1507.3,1507.54 1 0
mimo-reasonix/internal/cli/chat_tui.go:1509.2,1509.12 1 0
mimo-reasonix/internal/cli/chat_tui.go:1520.45,1521.16 1 1
mimo-reasonix/internal/cli/chat_tui.go:1521.16,1523.3 1 1
mimo-reasonix/internal/cli/chat_tui.go:1527.2,1527.39 1 1
mimo-reasonix/internal/cli/chat_tui.go:1531.40,1534.2 2 1
mimo-reasonix/internal/cli/chat_tui.go:1539.34,1540.81 1 1
mimo-reasonix/internal/cli/chat_tui.go:1540.81,1542.3 1 1
mimo-reasonix/internal/cli/chat_tui.go:1550.35,1561.4 2 1
mimo-reasonix/internal/cli/chat_tui.go:1561.4,1562.14 1 1
mimo-reasonix/internal/cli/chat_tui.go:1562.14,1564.4 1 1
mimo-reasonix/internal/cli/chat_tui.go:1570.2,1570.24 1 1
mimo-reasonix/internal/cli/chat_tui.go:1570.24,1571.48 1 1
mimo-reasonix/internal/cli/chat_tui.go:1571.48,1573.4 1 0
mimo-reasonix/internal/cli/chat_tui.go:1575.2,1575.57 1 1
mimo-reasonix/internal/cli/chat_tui.go:1575.57,1577.3 1 1
mimo-reasonix/internal/cli/chat_tui.go:1578.2,1578.23 1 1
mimo-reasonix/internal/cli/chat_tui.go:1578.23,1580.3 1 1
mimo-reasonix/internal/cli/chat_tui.go:1581.2,1581.27 1 1
mimo-reasonix/internal/cli/chat_tui.go:1581.27,1583.3 1 1
mimo-reasonix/internal/cli/chat_tui.go:1584.2,1584.17 1 0
mimo-reasonix/internal/cli/chat_tui.go:1599.38,1600.178 1 1
mimo-reasonix/internal/cli/chat_tui.go:1600.178,1602.3 1 1
mimo-reasonix/internal/cli/chat_tui.go:1603.2,1603.46 1 1
mimo-reasonix/internal/cli/chat_tui.go:1608.41,1609.43 1 1
mimo-reasonix/internal/cli/chat_tui.go:1609.43,1611.3 1 1
mimo-reasonix/internal/cli/chat_tui.go:1612.2,1612.10 1 1
mimo-reasonix/internal/cli/chat_tui.go:1615.45,1616.46 1 1
mimo-reasonix/internal/cli/chat_tui.go:1616.46,1618.3 1 1
mimo-reasonix/internal/cli/chat_tui.go:1619.2,1619.48 1 1
mimo-reasonix/internal/cli/chat_tui.go:1619.48,1621.3 1 1
mimo-reasonix/internal/cli/chat_tui.go:1622.2,1622.30 1 1
mimo-reasonix/internal/cli/chat_tui.go:1625.57,1629.2 1 1
mimo-reasonix/internal/cli/chat_tui.go:1631.56,1635.2 1 1
mimo-reasonix/internal/cli/chat_tui.go:1637.51,1639.9 2 1
mimo-reasonix/internal/cli/chat_tui.go:1640.20,1641.28 1 1
mimo-reasonix/internal/cli/chat_tui.go:1642.29,1643.52 1 1
mimo-reasonix/internal/cli/chat_tui.go:1644.26,1645.35 1 1
mimo-reasonix/internal/cli/chat_tui.go:1647.2,1647.35 1 1
mimo-reasonix/internal/cli/chat_tui.go:1647.35,1649.3 1 1
mimo-reasonix/internal/cli/chat_tui.go:1650.2,1651.53 2 1
mimo-reasonix/internal/cli/chat_tui.go:1654.70,1656.12 2 1
mimo-reasonix/internal/cli/chat_tui.go:1656.12,1658.3 1 0
mimo-reasonix/internal/cli/chat_tui.go:1659.2,1660.13 2 1
mimo-reasonix/internal/cli/chat_tui.go:1660.13,1662.3 1 0
mimo-reasonix/internal/cli/chat_tui.go:1664.2,1665.24 2 1
mimo-reasonix/internal/cli/chat_tui.go:1665.24,1667.3 1 0
mimo-reasonix/internal/cli/chat_tui.go:1668.2,1669.76 2 1
mimo-reasonix/internal/cli/chat_tui.go:1669.76,1671.3 1 1
mimo-reasonix/internal/cli/chat_tui.go:1673.2,1674.27 2 1
mimo-reasonix/internal/cli/chat_tui.go:1674.27,1678.3 3 1
mimo-reasonix/internal/cli/chat_tui.go:1679.2,1679.41 1 1
mimo-reasonix/internal/cli/chat_tui.go:1679.41,1681.3 1 1
mimo-reasonix/internal/cli/chat_tui.go:1682.2,1683.20 2 1
mimo-reasonix/internal/cli/chat_tui.go:1683.20,1685.3 1 1
mimo-reasonix/internal/cli/chat_tui.go:1686.2,1686.27 1 1
mimo-reasonix/internal/cli/chat_tui.go:1686.27,1688.3 1 1
mimo-reasonix/internal/cli/chat_tui.go:1689.2,1689.33 1 1
mimo-reasonix/internal/cli/chat_tui.go:1704.49,1706.28 2 1
mimo-reasonix/internal/cli/chat_tui.go:1706.28,1708.3 1 1
mimo-reasonix/internal/cli/chat_tui.go:1709.2,1710.45 2 1
mimo-reasonix/internal/cli/chat_tui.go:1710.45,1712.77 2 1
mimo-reasonix/internal/cli/chat_tui.go:1712.77,1714.4 1 0
mimo-reasonix/internal/cli/chat_tui.go:1715.3,1715.84 1 1
mimo-reasonix/internal/cli/chat_tui.go:1717.2,1718.26 2 1
mimo-reasonix/internal/cli/chat_tui.go:1725.61,1727.11 2 1
mimo-reasonix/internal/cli/chat_tui.go:1727.11,1729.3 1 0
mimo-reasonix/internal/cli/chat_tui.go:1730.2,1731.71 2 1
mimo-reasonix/internal/cli/chat_tui.go:1731.71,1732.76 1 1
mimo-reasonix/internal/cli/chat_tui.go:1732.76,1734.4 1 1
mimo-reasonix/internal/cli/chat_tui.go:1736.2,1736.43 1 1
mimo-reasonix/internal/cli/chat_tui.go:1736.43,1738.3 1 1
mimo-reasonix/internal/cli/chat_tui.go:1739.2,1739.30 1 1
mimo-reasonix/internal/cli/chat_tui.go:1758.54,1759.14 1 1
mimo-reasonix/internal/cli/chat_tui.go:1759.14,1761.3 1 0
mimo-reasonix/internal/cli/chat_tui.go:1762.2,1762.26 1 1
mimo-reasonix/internal/cli/chat_tui.go:1762.26,1771.109 1 1
mimo-reasonix/internal/cli/chat_tui.go:1771.109,1774.52 1 1
mimo-reasonix/internal/cli/chat_tui.go:1774.52,1776.28 2 1
mimo-reasonix/internal/cli/chat_tui.go:1776.28,1778.6 1 0
mimo-reasonix/internal/cli/chat_tui.go:1779.5,1779.14 1 1
mimo-reasonix/internal/cli/chat_tui.go:1779.14,1781.6 1 1
mimo-reasonix/internal/cli/chat_tui.go:1783.4,1787.23 5 1
mimo-reasonix/internal/cli/chat_tui.go:1788.9,1795.26 6 0
mimo-reasonix/internal/cli/chat_tui.go:1795.26,1797.5 1 0
mimo-reasonix/internal/cli/chat_tui.go:1797.10,1800.5 2 0
mimo-reasonix/internal/cli/chat_tui.go:1804.2,1804.37 1 1
mimo-reasonix/internal/cli/chat_tui.go:1804.37,1806.3 1 1
mimo-reasonix/internal/cli/chat_tui.go:1808.2,1809.6 2 1
mimo-reasonix/internal/cli/chat_tui.go:1809.6,1811.12 2 1
mimo-reasonix/internal/cli/chat_tui.go:1811.12,1812.9 1 1
mimo-reasonix/internal/cli/chat_tui.go:1814.3,1815.20 2 1
mimo-reasonix/internal/cli/chat_tui.go:1817.2,1820.25 3 1
mimo-reasonix/internal/cli/chat_tui.go:1820.25,1822.3 1 0
mimo-reasonix/internal/cli/chat_tui.go:1823.2,1823.24 1 1
mimo-reasonix/internal/cli/chat_tui.go:1823.24,1825.3 1 0
mimo-reasonix/internal/cli/chat_tui.go:1826.2,1827.25 2 1
mimo-reasonix/internal/cli/chat_tui.go:1827.25,1829.3 1 1
mimo-reasonix/internal/cli/chat_tui.go:1830.2,1831.26 2 1
mimo-reasonix/internal/cli/chat_tui.go:1836.45,1839.43 3 1
mimo-reasonix/internal/cli/chat_tui.go:1839.43,1842.3 2 1
mimo-reasonix/internal/cli/chat_tui.go:1851.63,1852.24 1 1
mimo-reasonix/internal/cli/chat_tui.go:1852.24,1853.39 1 0
mimo-reasonix/internal/cli/chat_tui.go:1853.39,1855.4 1 0
mimo-reasonix/internal/cli/chat_tui.go:1856.3,1857.26 2 0
mimo-reasonix/internal/cli/chat_tui.go:1857.26,1859.4 1 0
mimo-reasonix/internal/cli/chat_tui.go:1860.3,1860.12 1 0
mimo-reasonix/internal/cli/chat_tui.go:1860.12,1861.42 1 0
mimo-reasonix/internal/cli/chat_tui.go:1861.42,1864.34 3 0
mimo-reasonix/internal/cli/chat_tui.go:1864.34,1866.45 2 0
mimo-reasonix/internal/cli/chat_tui.go:1866.45,1868.7 1 0
mimo-reasonix/internal/cli/chat_tui.go:1869.6,1870.43 2 0
mimo-reasonix/internal/cli/chat_tui.go:1871.11,1873.31 2 0
mimo-reasonix/internal/cli/chat_tui.go:1873.31,1875.7 1 0
mimo-reasonix/internal/cli/chat_tui.go:1876.6,1876.44 1 0
mimo-reasonix/internal/cli/chat_tui.go:1878.5,1878.53 1 0
mimo-reasonix/internal/cli/chat_tui.go:1879.10,1881.5 1 0
mimo-reasonix/internal/cli/chat_tui.go:1883.3,1888.9 6 0
mimo-reasonix/internal/cli/chat_tui.go:1890.2,1890.61 1 1
mimo-reasonix/internal/cli/chat_tui.go:1890.61,1894.85 1 1
mimo-reasonix/internal/cli/chat_tui.go:1894.85,1896.4 1 1
mimo-reasonix/internal/cli/chat_tui.go:1897.3,1897.9 1 1
mimo-reasonix/internal/cli/chat_tui.go:1899.2,1904.21 6 1
mimo-reasonix/internal/cli/chat_tui.go:1912.78,1915.26 3 1
mimo-reasonix/internal/cli/chat_tui.go:1915.26,1919.26 2 1
mimo-reasonix/internal/cli/chat_tui.go:1919.26,1921.4 1 1
mimo-reasonix/internal/cli/chat_tui.go:1922.3,1922.25 1 1
mimo-reasonix/internal/cli/chat_tui.go:1922.25,1924.22 2 1
mimo-reasonix/internal/cli/chat_tui.go:1924.22,1926.5 1 1
mimo-reasonix/internal/cli/chat_tui.go:1929.2,1929.11 1 1
mimo-reasonix/internal/cli/chat_tui.go:1929.11,1930.41 1 1
mimo-reasonix/internal/cli/chat_tui.go:1930.41,1932.4 1 1
mimo-reasonix/internal/cli/chat_tui.go:1932.9,1932.50 1 1
mimo-reasonix/internal/cli/chat_tui.go:1932.50,1934.4 1 1
mimo-reasonix/internal/cli/chat_tui.go:1934.9,1934.32 1 1
mimo-reasonix/internal/cli/chat_tui.go:1934.32,1936.4 1 1
mimo-reasonix/internal/cli/chat_tui.go:1938.2,1938.11 1 1
mimo-reasonix/internal/cli/chat_tui.go:1938.11,1942.3 1 0
mimo-reasonix/internal/cli/chat_tui.go:1943.2,1943.12 1 1
mimo-reasonix/internal/cli/chat_tui.go:1943.12,1948.3 2 1
mimo-reasonix/internal/cli/chat_tui.go:1949.2,1949.40 1 1
mimo-reasonix/internal/cli/chat_tui.go:1949.40,1953.32 3 1
mimo-reasonix/internal/cli/chat_tui.go:1953.32,1955.43 2 1
mimo-reasonix/internal/cli/chat_tui.go:1955.43,1957.5 1 1
mimo-reasonix/internal/cli/chat_tui.go:1958.4,1959.47 2 1
mimo-reasonix/internal/cli/chat_tui.go:1960.9,1962.29 2 1
mimo-reasonix/internal/cli/chat_tui.go:1962.29,1964.5 1 1
mimo-reasonix/internal/cli/chat_tui.go:1965.4,1965.48 1 1
mimo-reasonix/internal/cli/chat_tui.go:1967.8,1969.3 1 1
mimo-reasonix/internal/cli/chat_tui.go:1970.2,1970.32 1 1
mimo-reasonix/internal/cli/chat_tui.go:1976.39,1980.44 3 1
mimo-reasonix/internal/cli/chat_tui.go:1980.44,1981.59 1 0
mimo-reasonix/internal/cli/chat_tui.go:1981.59,1984.4 2 0
mimo-reasonix/internal/cli/chat_tui.go:1986.2,1986.18 1 1
mimo-reasonix/internal/cli/chat_tui.go:1986.18,1988.3 1 1
mimo-reasonix/internal/cli/chat_tui.go:1989.2,1990.9 2 0
mimo-reasonix/internal/cli/chat_tui.go:1990.9,1992.3 1 0
mimo-reasonix/internal/cli/chat_tui.go:1993.2,1996.17 4 0
mimo-reasonix/internal/cli/chat_tui.go:1996.17,1998.3 1 0
mimo-reasonix/internal/cli/chat_tui.go:2000.2,2000.29 1 0
mimo-reasonix/internal/cli/chat_tui.go:2000.29,2003.32 2 0
mimo-reasonix/internal/cli/chat_tui.go:2003.32,2005.43 2 0
mimo-reasonix/internal/cli/chat_tui.go:2005.43,2007.5 1 0
mimo-reasonix/internal/cli/chat_tui.go:2008.4,2009.51 2 0
mimo-reasonix/internal/cli/chat_tui.go:2011.8,2015.33 3 0
mimo-reasonix/internal/cli/chat_tui.go:2015.33,2017.4 1 0
mimo-reasonix/internal/cli/chat_tui.go:2018.3,2019.29 2 0
mimo-reasonix/internal/cli/chat_tui.go:2019.29,2021.4 1 0
mimo-reasonix/internal/cli/chat_tui.go:2022.3,2022.34 1 0
mimo-reasonix/internal/cli/chat_tui.go:2022.34,2024.4 1 0
mimo-reasonix/internal/cli/chat_tui.go:2025.3,2025.51 1 0
mimo-reasonix/internal/cli/chat_tui.go:2027.2,2028.24 2 0
mimo-reasonix/internal/cli/chat_tui.go:2028.24,2030.3 1 0
mimo-reasonix/internal/cli/chat_tui.go:2041.47,2042.14 1 1
mimo-reasonix/internal/cli/chat_tui.go:2042.14,2044.3 1 1
mimo-reasonix/internal/cli/chat_tui.go:2045.2,2054.24 8 1
mimo-reasonix/internal/cli/chat_tui.go:2054.24,2057.3 2 0
mimo-reasonix/internal/cli/chat_tui.go:2058.2,2065.44 3 1
mimo-reasonix/internal/cli/chat_tui.go:2070.37,2071.24 1 1
mimo-reasonix/internal/cli/chat_tui.go:2071.24,2073.3 1 0
mimo-reasonix/internal/cli/chat_tui.go:2074.2,2074.72 1 1
mimo-reasonix/internal/cli/chat_tui.go:2074.72,2076.3 1 0
mimo-reasonix/internal/cli/chat_tui.go:2077.2,2081.26 5 1
mimo-reasonix/internal/cli/chat_tui.go:2088.37,2089.23 1 1
mimo-reasonix/internal/cli/chat_tui.go:2089.23,2090.78 1 1
mimo-reasonix/internal/cli/chat_tui.go:2090.78,2094.72 4 1
mimo-reasonix/internal/cli/chat_tui.go:2094.72,2096.5 1 1
mimo-reasonix/internal/cli/chat_tui.go:2098.3,2102.9 5 1
mimo-reasonix/internal/cli/chat_tui.go:2104.2,2104.28 1 1
mimo-reasonix/internal/cli/chat_tui.go:2104.28,2106.3 1 1
mimo-reasonix/internal/cli/chat_tui.go:2107.2,2109.29 3 1
mimo-reasonix/internal/cli/chat_tui.go:2109.29,2110.71 1 1
mimo-reasonix/internal/cli/chat_tui.go:2110.71,2112.4 1 1
mimo-reasonix/internal/cli/chat_tui.go:2112.9,2114.4 1 1
mimo-reasonix/internal/cli/chat_tui.go:2116.2,2120.25 5 1
mimo-reasonix/internal/cli/chat_tui.go:2129.34,2130.24 1 1
mimo-reasonix/internal/cli/chat_tui.go:2130.24,2132.3 1 1
mimo-reasonix/internal/cli/chat_tui.go:2133.2,2134.36 2 1
mimo-reasonix/internal/cli/chat_tui.go:2134.36,2136.3 1 1
mimo-reasonix/internal/cli/chat_tui.go:2137.2,2138.20 2 1
mimo-reasonix/internal/cli/chat_tui.go:2138.20,2140.3 1 0
mimo-reasonix/internal/cli/chat_tui.go:2141.2,2143.21 3 1
mimo-reasonix/internal/cli/chat_tui.go:2143.21,2146.3 2 1
mimo-reasonix/internal/cli/chat_tui.go:2146.8,2149.3 2 1
mimo-reasonix/internal/cli/chat_tui.go:2156.35,2157.26 1 1
mimo-reasonix/internal/cli/chat_tui.go:2157.26,2161.3 3 1
mimo-reasonix/internal/cli/chat_tui.go:2162.2,2164.20 3 1
mimo-reasonix/internal/cli/chat_tui.go:2164.20,2166.3 1 0
mimo-reasonix/internal/cli/chat_tui.go:2167.2,2168.21 2 1
mimo-reasonix/internal/cli/chat_tui.go:2168.21,2170.3 1 1
mimo-reasonix/internal/cli/chat_tui.go:2170.8,2173.3 2 1
mimo-reasonix/internal/cli/chat_tui.go:2174.2,2176.21 3 1
mimo-reasonix/internal/cli/chat_tui.go:2183.49,2187.27 4 1
mimo-reasonix/internal/cli/chat_tui.go:2187.27,2189.65 2 1
mimo-reasonix/internal/cli/chat_tui.go:2189.65,2191.12 2 1
mimo-reasonix/internal/cli/chat_tui.go:2193.3,2193.26 1 1
mimo-reasonix/internal/cli/chat_tui.go:2193.26,2195.4 1 1
mimo-reasonix/internal/cli/chat_tui.go:2197.2,2197.19 1 1
mimo-reasonix/internal/cli/chat_tui.go:2197.19,2199.3 1 1
mimo-reasonix/internal/cli/chat_tui.go:2200.2,2200.45 1 1
mimo-reasonix/internal/cli/chat_tui.go:2215.78,2216.68 1 0
mimo-reasonix/internal/cli/chat_tui.go:2216.68,2217.58 1 0
mimo-reasonix/internal/cli/chat_tui.go:2217.58,2219.4 1 0
mimo-reasonix/internal/cli/chat_tui.go:2220.3,2222.16 3 0
mimo-reasonix/internal/cli/chat_tui.go:2224.2,2224.22 1 0
mimo-reasonix/internal/cli/chat_tui.go:2225.16,2227.37 2 0
mimo-reasonix/internal/cli/chat_tui.go:2228.15,2229.36 1 0
mimo-reasonix/internal/cli/chat_tui.go:2230.13,2231.37 1 0
mimo-reasonix/internal/cli/chat_tui.go:2233.2,2233.39 1 0
mimo-reasonix/internal/cli/chat_tui.go:2234.16,2235.36 1 0
mimo-reasonix/internal/cli/chat_tui.go:2236.16,2237.35 1 0
mimo-reasonix/internal/cli/chat_tui.go:2238.16,2239.34 1 0
mimo-reasonix/internal/cli/chat_tui.go:2240.16,2241.37 1 0
mimo-reasonix/internal/cli/chat_tui.go:2243.2,2243.15 1 0
mimo-reasonix/internal/cli/chat_tui.go:2256.41,2257.44 1 1
mimo-reasonix/internal/cli/chat_tui.go:2257.44,2259.3 1 1
mimo-reasonix/internal/cli/chat_tui.go:2260.2,2260.33 1 1
mimo-reasonix/internal/cli/chat_tui.go:2263.74,2264.27 1 1
mimo-reasonix/internal/cli/chat_tui.go:2264.27,2266.3 1 1
mimo-reasonix/internal/cli/chat_tui.go:2267.2,2267.44 1 1
mimo-reasonix/internal/cli/chat_tui.go:2267.44,2269.3 1 0
mimo-reasonix/internal/cli/chat_tui.go:2271.2,2272.21 2 1
mimo-reasonix/internal/cli/chat_tui.go:2272.21,2274.3 1 1
mimo-reasonix/internal/cli/chat_tui.go:2274.8,2276.3 1 1
mimo-reasonix/internal/cli/chat_tui.go:2277.2,2277.22 1 1
mimo-reasonix/internal/cli/chat_tui.go:2277.22,2279.3 1 1
mimo-reasonix/internal/cli/chat_tui.go:2280.2,2280.41 1 1
mimo-reasonix/internal/cli/chat_tui.go:2280.41,2282.13 2 1
mimo-reasonix/internal/cli/chat_tui.go:2282.13,2284.4 1 1
mimo-reasonix/internal/cli/chat_tui.go:2284.9,2286.4 1 0
mimo-reasonix/internal/cli/chat_tui.go:2287.3,2287.13 1 1
mimo-reasonix/internal/cli/chat_tui.go:2287.13,2289.4 1 0
mimo-reasonix/internal/cli/chat_tui.go:2289.9,2291.4 1 1
mimo-reasonix/internal/cli/chat_tui.go:2293.2,2293.16 1 1
mimo-reasonix/internal/cli/chat_tui.go:2296.34,2298.15 2 1
mimo-reasonix/internal/cli/chat_tui.go:2298.15,2300.3 1 0
mimo-reasonix/internal/cli/chat_tui.go:2301.2,2305.19 5 1
mimo-reasonix/internal/cli/chat_tui.go:2305.19,2307.16 2 1
mimo-reasonix/internal/cli/chat_tui.go:2307.16,2309.4 1 0
mimo-reasonix/internal/cli/chat_tui.go:2310.3,2310.37 1 1
mimo-reasonix/internal/cli/chat_tui.go:2313.2,2314.15 2 1
mimo-reasonix/internal/cli/chat_tui.go:2314.15,2321.3 1 0
mimo-reasonix/internal/cli/chat_tui.go:2321.8,2324.10 3 1
mimo-reasonix/internal/cli/chat_tui.go:2325.34,2327.26 2 1
mimo-reasonix/internal/cli/chat_tui.go:2328.19,2330.26 2 1
mimo-reasonix/internal/cli/chat_tui.go:2332.3,2337.27 1 1
mimo-reasonix/internal/cli/chat_tui.go:2340.2,2342.9 3 1
mimo-reasonix/internal/cli/chat_tui.go:2343.23,2344.45 1 0
mimo-reasonix/internal/cli/chat_tui.go:2345.26,2346.45 1 0
mimo-reasonix/internal/cli/chat_tui.go:2347.27,2348.63 1 0
mimo-reasonix/internal/cli/chat_tui.go:2349.20,2350.38 1 1
mimo-reasonix/internal/cli/chat_tui.go:2351.26,2352.67 1 0
mimo-reasonix/internal/cli/chat_tui.go:2353.24,2354.63 1 0
mimo-reasonix/internal/cli/chat_tui.go:2355.78,2356.67 1 0
mimo-reasonix/internal/cli/chat_tui.go:2357.32,2358.67 1 0
mimo-reasonix/internal/cli/chat_tui.go:2359.23,2360.58 1 1
mimo-reasonix/internal/cli/chat_tui.go:2361.17,2362.58 1 0
mimo-reasonix/internal/cli/chat_tui.go:2363.33,2364.98 1 1
mimo-reasonix/internal/cli/chat_tui.go:2365.10,2366.94 1 1
mimo-reasonix/internal/cli/chat_tui.go:2368.2,2368.35 1 1
mimo-reasonix/internal/cli/chat_tui.go:2368.35,2370.3 1 1
mimo-reasonix/internal/cli/chat_tui.go:2371.2,2371.32 1 1
mimo-reasonix/internal/cli/chat_tui.go:2371.32,2373.3 1 1
mimo-reasonix/internal/cli/chat_tui.go:2377.2,2384.34 3 1
mimo-reasonix/internal/cli/chat_tui.go:2384.34,2386.3 1 1
mimo-reasonix/internal/cli/chat_tui.go:2387.2,2387.40 1 1
mimo-reasonix/internal/cli/chat_tui.go:2387.40,2389.3 1 1
mimo-reasonix/internal/cli/chat_tui.go:2390.2,2390.18 1 1
mimo-reasonix/internal/cli/chat_tui.go:2390.18,2392.3 1 1
mimo-reasonix/internal/cli/chat_tui.go:2393.2,2393.33 1 1
mimo-reasonix/internal/cli/chat_tui.go:2393.33,2395.3 1 0
mimo-reasonix/internal/cli/chat_tui.go:2396.2,2396.21 1 1
mimo-reasonix/internal/cli/chat_tui.go:2396.21,2398.3 1 0
mimo-reasonix/internal/cli/chat_tui.go:2399.2,2401.52 2 1
mimo-reasonix/internal/cli/chat_tui.go:2401.52,2403.3 1 0
mimo-reasonix/internal/cli/chat_tui.go:2408.2,2410.45 3 1
mimo-reasonix/internal/cli/chat_tui.go:2410.45,2413.3 2 0
mimo-reasonix/internal/cli/chat_tui.go:2414.2,2414.54 1 1
mimo-reasonix/internal/cli/chat_tui.go:2414.54,2417.3 2 0
mimo-reasonix/internal/cli/chat_tui.go:2418.2,2418.43 1 1
mimo-reasonix/internal/cli/chat_tui.go:2418.43,2421.3 2 0
mimo-reasonix/internal/cli/chat_tui.go:2422.2,2422.42 1 1
mimo-reasonix/internal/cli/chat_tui.go:2422.42,2425.3 2 0
mimo-reasonix/internal/cli/chat_tui.go:2426.2,2426.45 1 1
mimo-reasonix/internal/cli/chat_tui.go:2426.45,2429.3 2 0
mimo-reasonix/internal/cli/chat_tui.go:2430.2,2430.48 1 1
mimo-reasonix/internal/cli/chat_tui.go:2430.48,2433.3 2 0
mimo-reasonix/internal/cli/chat_tui.go:2434.2,2434.46 1 1
mimo-reasonix/internal/cli/chat_tui.go:2434.46,2437.3 2 0
mimo-reasonix/internal/cli/chat_tui.go:2438.2,2438.46 1 1
mimo-reasonix/internal/cli/chat_tui.go:2438.46,2441.3 2 0
mimo-reasonix/internal/cli/chat_tui.go:2442.2,2442.24 1 1
mimo-reasonix/internal/cli/chat_tui.go:2442.24,2443.48 1 1
mimo-reasonix/internal/cli/chat_tui.go:2443.48,2446.4 2 0
mimo-reasonix/internal/cli/chat_tui.go:2452.2,2452.19 1 1
mimo-reasonix/internal/cli/chat_tui.go:2452.19,2455.3 2 1
mimo-reasonix/internal/cli/chat_tui.go:2456.2,2456.57 1 1
mimo-reasonix/internal/cli/chat_tui.go:2456.57,2459.3 2 1
mimo-reasonix/internal/cli/chat_tui.go:2460.2,2461.19 2 1
mimo-reasonix/internal/cli/chat_tui.go:2461.19,2462.47 1 1
mimo-reasonix/internal/cli/chat_tui.go:2462.47,2465.4 2 0
mimo-reasonix/internal/cli/chat_tui.go:2466.3,2466.29 1 1
mimo-reasonix/internal/cli/chat_tui.go:2468.2,2470.24 2 1
mimo-reasonix/internal/cli/chat_tui.go:2470.24,2472.20 2 1
mimo-reasonix/internal/cli/chat_tui.go:2472.20,2473.43 1 1
mimo-reasonix/internal/cli/chat_tui.go:2473.43,2477.5 3 1
mimo-reasonix/internal/cli/chat_tui.go:2479.3,2479.11 1 1
mimo-reasonix/internal/cli/chat_tui.go:2485.2,2486.47 2 1
mimo-reasonix/internal/cli/chat_tui.go:2486.47,2488.3 1 1
mimo-reasonix/internal/cli/chat_tui.go:2489.2,2496.19 4 1
mimo-reasonix/internal/cli/chat_tui.go:2496.19,2497.42 1 1
mimo-reasonix/internal/cli/chat_tui.go:2497.42,2501.4 3 1
mimo-reasonix/internal/cli/chat_tui.go:2503.2,2503.10 1 1
mimo-reasonix/internal/cli/chat_tui.go:2510.55,2512.19 2 1
mimo-reasonix/internal/cli/chat_tui.go:2513.14,2514.34 1 1
mimo-reasonix/internal/cli/chat_tui.go:2515.16,2516.36 1 1
mimo-reasonix/internal/cli/chat_tui.go:2518.2,2520.77 3 1
mimo-reasonix/internal/cli/chat_tui.go:2520.77,2522.3 1 1
mimo-reasonix/internal/cli/chat_tui.go:2523.2,2523.21 1 1
mimo-reasonix/internal/cli/chat_tui.go:2523.21,2525.3 1 1
mimo-reasonix/internal/cli/chat_tui.go:2526.2,2526.14 1 1
mimo-reasonix/internal/cli/chat_tui.go:2533.38,2535.30 2 1
mimo-reasonix/internal/cli/chat_tui.go:2535.30,2537.3 1 1
mimo-reasonix/internal/cli/chat_tui.go:2538.2,2540.30 3 1
mimo-reasonix/internal/cli/chat_tui.go:2540.30,2543.10 2 0
mimo-reasonix/internal/cli/chat_tui.go:2544.18,2545.57 1 0
mimo-reasonix/internal/cli/chat_tui.go:2546.18,2547.55 1 0
mimo-reasonix/internal/cli/chat_tui.go:2548.11,2549.20 1 0
mimo-reasonix/internal/cli/chat_tui.go:2552.2,2555.14 3 1
mimo-reasonix/internal/cli/chat_tui.go:2555.14,2557.3 1 0
mimo-reasonix/internal/cli/chat_tui.go:2558.2,2559.9 2 1
mimo-reasonix/internal/cli/chat_tui.go:2560.24,2561.123 1 0
mimo-reasonix/internal/cli/chat_tui.go:2562.18,2563.54 1 0
mimo-reasonix/internal/cli/chat_tui.go:2564.10,2565.19 1 1
mimo-reasonix/internal/cli/chat_tui.go:2569.59,2570.16 1 1
mimo-reasonix/internal/cli/chat_tui.go:2570.16,2572.3 1 1
mimo-reasonix/internal/cli/chat_tui.go:2573.2,2573.84 1 1
mimo-reasonix/internal/cli/chat_tui.go:2581.36,2583.39 2 1
mimo-reasonix/internal/cli/chat_tui.go:2583.39,2585.13 2 1
mimo-reasonix/internal/cli/chat_tui.go:2585.13,2587.4 1 0
mimo-reasonix/internal/cli/chat_tui.go:2588.3,2588.74 1 1
mimo-reasonix/internal/cli/chat_tui.go:2590.2,2591.54 2 1
mimo-reasonix/internal/cli/chat_tui.go:2591.54,2593.3 1 1
mimo-reasonix/internal/cli/chat_tui.go:2594.2,2594.9 1 1
mimo-reasonix/internal/cli/chat_tui.go:2595.30,2596.33 1 1
mimo-reasonix/internal/cli/chat_tui.go:2597.17,2598.18 1 0
mimo-reasonix/internal/cli/chat_tui.go:2599.17,2600.18 1 0
mimo-reasonix/internal/cli/chat_tui.go:2602.2,2602.11 1 1
mimo-reasonix/internal/cli/chat_tui.go:2608.35,2610.12 2 1
mimo-reasonix/internal/cli/chat_tui.go:2610.12,2612.3 1 1
mimo-reasonix/internal/cli/chat_tui.go:2613.2,2613.38 1 0
mimo-reasonix/internal/cli/chat_tui.go:2616.36,2617.38 1 1
mimo-reasonix/internal/cli/chat_tui.go:2617.38,2619.3 1 1
mimo-reasonix/internal/cli/chat_tui.go:2620.2,2620.21 1 1
mimo-reasonix/internal/cli/chat_tui.go:2623.37,2624.25 1 1
mimo-reasonix/internal/cli/chat_tui.go:2624.25,2626.3 1 1
mimo-reasonix/internal/cli/chat_tui.go:2627.2,2628.29 2 1
mimo-reasonix/internal/cli/chat_tui.go:2628.29,2630.3 1 1
mimo-reasonix/internal/cli/chat_tui.go:2631.2,2631.18 1 1
mimo-reasonix/internal/cli/chat_tui.go:2635.32,2636.9 1 1
mimo-reasonix/internal/cli/chat_tui.go:2637.20,2638.52 1 1
mimo-reasonix/internal/cli/chat_tui.go:2639.18,2640.48 1 1
mimo-reasonix/internal/cli/chat_tui.go:2641.10,2642.30 1 1
mimo-reasonix/internal/cli/chat_tui.go:2648.48,2650.12 2 1
mimo-reasonix/internal/cli/chat_tui.go:2650.12,2652.3 1 1
mimo-reasonix/internal/cli/chat_tui.go:2653.2,2653.30 1 1
mimo-reasonix/internal/cli/chat_tui.go:2653.30,2655.3 1 1
mimo-reasonix/internal/cli/chat_tui.go:2658.2,2658.48 1 1
mimo-reasonix/internal/cli/chat_tui.go:2658.48,2660.3 1 0
mimo-reasonix/internal/cli/chat_tui.go:2661.2,2663.16 3 1
mimo-reasonix/internal/cli/chat_tui.go:2663.16,2665.3 1 1
mimo-reasonix/internal/cli/chat_tui.go:2666.2,2669.103 4 1
mimo-reasonix/internal/cli/chat_tui.go:2669.103,2672.3 2 1
mimo-reasonix/internal/cli/chat_tui.go:2673.2,2674.73 2 1
mimo-reasonix/internal/cli/chat_tui.go:2674.73,2676.3 1 0
mimo-reasonix/internal/cli/chat_tui.go:2677.2,2677.59 1 1
mimo-reasonix/internal/cli/chat_tui.go:2683.65,2684.58 1 1
mimo-reasonix/internal/cli/chat_tui.go:2684.58,2686.51 2 1
mimo-reasonix/internal/cli/chat_tui.go:2686.51,2688.4 1 1
mimo-reasonix/internal/cli/chat_tui.go:2689.3,2690.42 2 1
mimo-reasonix/internal/cli/chat_tui.go:2692.2,2692.88 1 1
mimo-reasonix/internal/cli/chat_tui.go:2711.43,2715.84 2 1
mimo-reasonix/internal/cli/chat_tui.go:2715.84,2717.3 1 1
mimo-reasonix/internal/cli/chat_tui.go:2718.2,2719.28 2 1
mimo-reasonix/internal/cli/chat_tui.go:2719.28,2720.30 1 1
mimo-reasonix/internal/cli/chat_tui.go:2720.30,2722.4 1 1
mimo-reasonix/internal/cli/chat_tui.go:2724.2,2724.26 1 1
mimo-reasonix/internal/cli/chat_tui.go:2724.26,2726.3 1 0
mimo-reasonix/internal/cli/chat_tui.go:2728.2,2731.15 4 1
mimo-reasonix/internal/cli/chat_tui.go:2731.15,2733.3 1 1
mimo-reasonix/internal/cli/chat_tui.go:2734.2,2734.39 1 1
mimo-reasonix/internal/cli/chat_tui.go:2734.39,2736.19 2 1
mimo-reasonix/internal/cli/chat_tui.go:2736.19,2738.4 1 1
mimo-reasonix/internal/cli/chat_tui.go:2739.3,2739.19 1 1
mimo-reasonix/internal/cli/chat_tui.go:2740.20,2741.70 1 1
mimo-reasonix/internal/cli/chat_tui.go:2742.22,2744.26 2 1
mimo-reasonix/internal/cli/chat_tui.go:2744.26,2746.5 1 1
mimo-reasonix/internal/cli/chat_tui.go:2747.4,2747.55 1 1
mimo-reasonix/internal/cli/chat_tui.go:2748.11,2749.56 1 1
mimo-reasonix/internal/cli/chat_tui.go:2752.2,2752.24 1 1
mimo-reasonix/internal/cli/chat_tui.go:2752.24,2754.3 1 0
mimo-reasonix/internal/cli/chat_tui.go:2755.2,2755.91 1 1
mimo-reasonix/internal/cli/chat_tui.go:2758.56,2759.36 1 1
mimo-reasonix/internal/cli/chat_tui.go:2759.36,2761.3 1 1
mimo-reasonix/internal/cli/chat_tui.go:2762.2,2763.26 2 1
mimo-reasonix/internal/cli/chat_tui.go:2763.26,2764.32 1 1
mimo-reasonix/internal/cli/chat_tui.go:2764.32,2766.9 2 1
mimo-reasonix/internal/cli/chat_tui.go:2769.2,2769.16 1 1
mimo-reasonix/internal/cli/chat_tui.go:2769.16,2771.3 1 0
mimo-reasonix/internal/cli/chat_tui.go:2772.2,2773.15 2 1
mimo-reasonix/internal/cli/chat_tui.go:2773.15,2775.3 1 0
mimo-reasonix/internal/cli/chat_tui.go:2776.2,2776.65 1 1
mimo-reasonix/internal/cli/chat_tui.go:2776.65,2778.3 1 1
mimo-reasonix/internal/cli/chat_tui.go:2779.2,2779.40 1 1
mimo-reasonix/internal/cli/chat_tui.go:2783.50,2785.14 2 1
mimo-reasonix/internal/cli/chat_tui.go:2785.14,2787.3 1 1
mimo-reasonix/internal/cli/chat_tui.go:2788.2,2788.37 1 1
mimo-reasonix/internal/cli/chat_tui.go:2796.49,2797.27 1 1
mimo-reasonix/internal/cli/chat_tui.go:2797.27,2799.3 1 1
mimo-reasonix/internal/cli/chat_tui.go:2800.2,2800.38 1 1
mimo-reasonix/internal/cli/chat_tui.go:2808.56,2809.19 1 1
mimo-reasonix/internal/cli/chat_tui.go:2809.19,2811.3 1 1
mimo-reasonix/internal/cli/chat_tui.go:2812.2,2819.15 4 1
mimo-reasonix/internal/cli/chat_tui.go:2819.15,2821.3 1 0
mimo-reasonix/internal/cli/chat_tui.go:2822.2,2823.9 2 1
mimo-reasonix/internal/cli/chat_tui.go:2824.23,2825.29 1 1
mimo-reasonix/internal/cli/chat_tui.go:2826.26,2827.29 1 0
mimo-reasonix/internal/cli/chat_tui.go:2828.27,2829.47 1 1
mimo-reasonix/internal/cli/chat_tui.go:2830.20,2831.22 1 1
mimo-reasonix/internal/cli/chat_tui.go:2832.26,2833.51 1 0
mimo-reasonix/internal/cli/chat_tui.go:2834.24,2835.47 1 1
mimo-reasonix/internal/cli/chat_tui.go:2836.78,2837.51 1 0
mimo-reasonix/internal/cli/chat_tui.go:2838.32,2839.51 1 1
mimo-reasonix/internal/cli/chat_tui.go:2840.23,2841.42 1 1
mimo-reasonix/internal/cli/chat_tui.go:2842.17,2843.42 1 0
mimo-reasonix/internal/cli/chat_tui.go:2844.33,2845.76 1 1
mimo-reasonix/internal/cli/chat_tui.go:2846.10,2847.72 1 1
mimo-reasonix/internal/cli/chat_tui.go:2849.2,2849.35 1 1
mimo-reasonix/internal/cli/chat_tui.go:2849.35,2851.3 1 1
mimo-reasonix/internal/cli/chat_tui.go:2852.2,2852.32 1 1
mimo-reasonix/internal/cli/chat_tui.go:2852.32,2854.3 1 1
mimo-reasonix/internal/cli/chat_tui.go:2857.2,2858.34 2 1
mimo-reasonix/internal/cli/chat_tui.go:2858.34,2860.3 1 1
mimo-reasonix/internal/cli/chat_tui.go:2861.2,2861.40 1 1
mimo-reasonix/internal/cli/chat_tui.go:2861.40,2863.3 1 1
mimo-reasonix/internal/cli/chat_tui.go:2864.2,2864.36 1 1
mimo-reasonix/internal/cli/chat_tui.go:2864.36,2866.3 1 1
mimo-reasonix/internal/cli/chat_tui.go:2867.2,2867.33 1 1
mimo-reasonix/internal/cli/chat_tui.go:2867.33,2869.3 1 0
mimo-reasonix/internal/cli/chat_tui.go:2870.2,2870.21 1 1
mimo-reasonix/internal/cli/chat_tui.go:2870.21,2872.3 1 0
mimo-reasonix/internal/cli/chat_tui.go:2873.2,2874.52 2 1
mimo-reasonix/internal/cli/chat_tui.go:2874.52,2876.3 1 1
mimo-reasonix/internal/cli/chat_tui.go:2879.2,2883.27 3 1
mimo-reasonix/internal/cli/chat_tui.go:2883.27,2886.3 1 1
mimo-reasonix/internal/cli/chat_tui.go:2887.2,2889.14 3 1
mimo-reasonix/internal/cli/chat_tui.go:2904.40,2906.2 1 1
mimo-reasonix/internal/cli/chat_tui.go:2908.36,2909.27 1 1
mimo-reasonix/internal/cli/chat_tui.go:2909.27,2911.3 1 1
mimo-reasonix/internal/cli/chat_tui.go:2912.2,2913.15 2 0
mimo-reasonix/internal/cli/chat_tui.go:2913.15,2915.3 1 0
mimo-reasonix/internal/cli/chat_tui.go:2916.2,2916.26 1 0
mimo-reasonix/internal/cli/chat_tui.go:2916.26,2918.3 1 0
mimo-reasonix/internal/cli/chat_tui.go:2919.2,2919.31 1 0
mimo-reasonix/internal/cli/chat_tui.go:2919.31,2921.3 1 0
mimo-reasonix/internal/cli/chat_tui.go:2926.31,2928.16 2 1
mimo-reasonix/internal/cli/chat_tui.go:2928.16,2930.3 1 1
mimo-reasonix/internal/cli/chat_tui.go:2931.2,2931.32 1 1
mimo-reasonix/internal/cli/chat_tui.go:2934.47,2936.2 1 1
mimo-reasonix/internal/cli/chat_tui.go:2938.37,2940.2 1 1
mimo-reasonix/internal/cli/chat_tui.go:2942.36,2943.19 1 1
mimo-reasonix/internal/cli/chat_tui.go:2943.19,2945.3 1 0
mimo-reasonix/internal/cli/chat_tui.go:2946.2,2946.59 1 1
mimo-reasonix/internal/cli/chat_tui.go:2946.59,2948.42 2 1
mimo-reasonix/internal/cli/chat_tui.go:2948.42,2950.4 1 1
mimo-reasonix/internal/cli/chat_tui.go:2951.3,2953.9 3 1
mimo-reasonix/internal/cli/chat_tui.go:2955.2,2956.41 2 1
mimo-reasonix/internal/cli/chat_tui.go:2956.41,2958.3 1 1
mimo-reasonix/internal/cli/chat_tui.go:2959.2,2960.54 2 1
mimo-reasonix/internal/cli/chat_tui.go:2963.39,2966.31 3 1
mimo-reasonix/internal/cli/chat_tui.go:2966.31,2967.10 1 1
mimo-reasonix/internal/cli/chat_tui.go:2968.67,2969.22 1 0
mimo-reasonix/internal/cli/chat_tui.go:2970.65,2971.22 1 0
mimo-reasonix/internal/cli/chat_tui.go:2972.53,2973.17 1 1
mimo-reasonix/internal/cli/chat_tui.go:2974.19,2975.17 1 1
mimo-reasonix/internal/cli/chat_tui.go:2976.65,2977.22 1 0
mimo-reasonix/internal/cli/chat_tui.go:2978.17,2979.17 1 0
mimo-reasonix/internal/cli/chat_tui.go:2980.53,2981.17 1 1
mimo-reasonix/internal/cli/chat_tui.go:2982.11,2983.16 1 1
mimo-reasonix/internal/cli/chat_tui.go:2986.2,2986.9 1 1
mimo-reasonix/internal/cli/chat_tui.go:2987.66,2988.21 1 0
mimo-reasonix/internal/cli/chat_tui.go:2989.66,2990.24 1 0
mimo-reasonix/internal/cli/chat_tui.go:2991.64,2992.21 1 0
mimo-reasonix/internal/cli/chat_tui.go:2993.64,2994.24 1 0
mimo-reasonix/internal/cli/chat_tui.go:2995.52,2996.16 1 1
mimo-reasonix/internal/cli/chat_tui.go:2997.52,2998.24 1 1
mimo-reasonix/internal/cli/chat_tui.go:2999.18,3000.16 1 1
mimo-reasonix/internal/cli/chat_tui.go:3001.16,3002.16 1 0
mimo-reasonix/internal/cli/chat_tui.go:3003.10,3004.16 1 1
mimo-reasonix/internal/cli/chat_tui.go:3008.55,3010.18 2 0
mimo-reasonix/internal/cli/chat_tui.go:3010.18,3013.3 2 0
mimo-reasonix/internal/cli/chat_tui.go:3014.2,3014.13 1 0
mimo-reasonix/internal/cli/chat_tui.go:3014.13,3016.3 1 0
mimo-reasonix/internal/cli/chat_tui.go:3017.2,3017.21 1 0
mimo-reasonix/internal/cli/chat_tui.go:3017.21,3019.3 1 0
mimo-reasonix/internal/cli/chat_tui.go:3019.8,3021.3 1 0
mimo-reasonix/internal/cli/chat_tui.go:3028.70,3030.2 1 1
mimo-reasonix/internal/cli/chat_tui.go:3035.82,3060.2 15 1
mimo-reasonix/internal/cli/chat_tui.go:3065.39,3066.22 1 1
mimo-reasonix/internal/cli/chat_tui.go:3066.22,3068.3 1 1
mimo-reasonix/internal/cli/chat_tui.go:3069.2,3070.23 2 1
mimo-reasonix/internal/cli/chat_tui.go:3078.35,3088.2 9 1
mimo-reasonix/internal/cli/chat_tui.go:3095.46,3096.30 1 1
mimo-reasonix/internal/cli/chat_tui.go:3096.30,3100.3 3 1
mimo-reasonix/internal/cli/chat_tui.go:3103.2,3105.21 3 1
mimo-reasonix/internal/cli/chat_tui.go:3105.21,3108.31 1 1
mimo-reasonix/internal/cli/chat_tui.go:3108.31,3111.4 2 1
mimo-reasonix/internal/cli/chat_tui.go:3112.3,3112.9 1 1
mimo-reasonix/internal/cli/chat_tui.go:3117.2,3117.61 1 1
mimo-reasonix/internal/cli/chat_tui.go:3117.61,3119.3 1 1
mimo-reasonix/internal/cli/chat_tui.go:3120.2,3120.16 1 1
mimo-reasonix/internal/cli/chat_tui.go:3121.23,3122.25 1 1
mimo-reasonix/internal/cli/chat_tui.go:3122.25,3123.26 1 1
mimo-reasonix/internal/cli/chat_tui.go:3123.26,3126.5 2 1
mimo-reasonix/internal/cli/chat_tui.go:3127.4,3128.9 2 1
mimo-reasonix/internal/cli/chat_tui.go:3130.3,3130.29 1 1
mimo-reasonix/internal/cli/chat_tui.go:3130.29,3141.4 7 1
mimo-reasonix/internal/cli/chat_tui.go:3142.3,3142.28 1 1
mimo-reasonix/internal/cli/chat_tui.go:3144.18,3147.19 3 1
mimo-reasonix/internal/cli/chat_tui.go:3149.21,3152.20 2 1
mimo-reasonix/internal/cli/chat_tui.go:3154.26,3157.21 1 1
mimo-reasonix/internal/cli/chat_tui.go:3157.21,3158.9 1 1
mimo-reasonix/internal/cli/chat_tui.go:3160.3,3161.22 2 1
mimo-reasonix/internal/cli/chat_tui.go:3162.21,3162.21 0 1
mimo-reasonix/internal/cli/chat_tui.go:3165.25,3165.25 0 0
mimo-reasonix/internal/cli/chat_tui.go:3167.11,3169.108 2 1
mimo-reasonix/internal/cli/chat_tui.go:3169.108,3170.30 1 0
mimo-reasonix/internal/cli/chat_tui.go:3170.30,3172.6 1 0
mimo-reasonix/internal/cli/chat_tui.go:3173.5,3173.10 1 0
mimo-reasonix/internal/cli/chat_tui.go:3175.4,3176.33 2 1
mimo-reasonix/internal/cli/chat_tui.go:3179.26,3180.47 1 1
mimo-reasonix/internal/cli/chat_tui.go:3182.24,3189.54 2 1
mimo-reasonix/internal/cli/chat_tui.go:3189.54,3191.4 1 1
mimo-reasonix/internal/cli/chat_tui.go:3192.3,3192.23 1 1
mimo-reasonix/internal/cli/chat_tui.go:3192.23,3195.4 2 1
mimo-reasonix/internal/cli/chat_tui.go:3197.19,3198.21 1 1
mimo-reasonix/internal/cli/chat_tui.go:3198.21,3200.4 1 1
mimo-reasonix/internal/cli/chat_tui.go:3201.3,3201.88 1 1
mimo-reasonix/internal/cli/chat_tui.go:3201.88,3204.4 2 1
mimo-reasonix/internal/cli/chat_tui.go:3206.20,3208.33 2 1
mimo-reasonix/internal/cli/chat_tui.go:3208.33,3210.4 1 1
mimo-reasonix/internal/cli/chat_tui.go:3211.3,3212.54 2 1
mimo-reasonix/internal/cli/chat_tui.go:3214.32,3218.22 4 0
mimo-reasonix/internal/cli/chat_tui.go:3218.22,3220.4 1 0
mimo-reasonix/internal/cli/chat_tui.go:3221.3,3221.24 1 0
mimo-reasonix/internal/cli/chat_tui.go:3221.24,3223.4 1 0
mimo-reasonix/internal/cli/chat_tui.go:3224.3,3224.32 1 0
mimo-reasonix/internal/cli/chat_tui.go:3224.32,3226.4 1 0
mimo-reasonix/internal/cli/chat_tui.go:3227.3,3227.24 1 0
mimo-reasonix/internal/cli/chat_tui.go:3227.24,3229.4 1 0
mimo-reasonix/internal/cli/chat_tui.go:3230.3,3230.26 1 0
mimo-reasonix/internal/cli/chat_tui.go:3230.26,3232.4 1 0
mimo-reasonix/internal/cli/chat_tui.go:3232.9,3234.4 1 0
mimo-reasonix/internal/cli/chat_tui.go:3236.31,3238.57 2 0
mimo-reasonix/internal/cli/chat_tui.go:3240.28,3243.33 1 0
mimo-reasonix/internal/cli/chat_tui.go:3243.33,3244.9 1 0
mimo-reasonix/internal/cli/chat_tui.go:3246.3,3247.56 2 0
mimo-reasonix/internal/cli/chat_tui.go:3247.56,3249.4 1 0
mimo-reasonix/internal/cli/chat_tui.go:3251.19,3253.44 2 1
mimo-reasonix/internal/cli/chat_tui.go:3255.29,3261.25 2 0
mimo-reasonix/internal/cli/chat_tui.go:3263.24,3267.32 2 0
mimo-reasonix/internal/cli/chat_tui.go:3269.29,3270.20 1 0
mimo-reasonix/internal/cli/chat_tui.go:3270.20,3272.4 1 0
mimo-reasonix/internal/cli/chat_tui.go:3273.3,3273.24 1 0
mimo-reasonix/internal/cli/chat_tui.go:3275.22,3290.98 8 1
mimo-reasonix/internal/cli/chat_tui.go:3290.98,3292.4 1 0
mimo-reasonix/internal/cli/chat_tui.go:3301.38,3305.2 3 1
mimo-reasonix/internal/cli/chat_tui.go:3307.53,3308.24 1 1
mimo-reasonix/internal/cli/chat_tui.go:3308.24,3308.54 1 0
mimo-reasonix/internal/cli/chat_tui.go:3311.28,3312.57 1 1
mimo-reasonix/internal/cli/chat_tui.go:3312.57,3312.84 1 0
mimo-reasonix/internal/cli/chat_tui.go:3317.57,3320.38 2 1
mimo-reasonix/internal/cli/chat_tui.go:3320.38,3322.3 1 0
mimo-reasonix/internal/cli/chat_tui.go:3324.2,3324.13 1 1
mimo-reasonix/internal/cli/chat_tui.go:3325.18,3333.25 3 0
mimo-reasonix/internal/cli/chat_tui.go:3333.25,3333.100 1 0
mimo-reasonix/internal/cli/chat_tui.go:3334.14,3336.45 2 0
mimo-reasonix/internal/cli/chat_tui.go:3336.45,3339.4 2 0
mimo-reasonix/internal/cli/chat_tui.go:3341.3,3342.32 2 0
mimo-reasonix/internal/cli/chat_tui.go:3343.16,3345.45 2 1
mimo-reasonix/internal/cli/chat_tui.go:3346.14,3354.32 7 1
mimo-reasonix/internal/cli/chat_tui.go:3355.17,3356.28 1 1
mimo-reasonix/internal/cli/chat_tui.go:3357.17,3358.28 1 0
mimo-reasonix/internal/cli/chat_tui.go:3359.15,3363.36 3 0
mimo-reasonix/internal/cli/chat_tui.go:3364.18,3365.33 1 0
mimo-reasonix/internal/cli/chat_tui.go:3366.18,3368.24 2 0
mimo-reasonix/internal/cli/chat_tui.go:3369.17,3370.35 1 0
mimo-reasonix/internal/cli/chat_tui.go:3371.20,3373.30 2 0
mimo-reasonix/internal/cli/chat_tui.go:3374.29,3376.39 2 0
mimo-reasonix/internal/cli/chat_tui.go:3377.20,3379.30 2 0
mimo-reasonix/internal/cli/chat_tui.go:3380.17,3382.17 2 0
mimo-reasonix/internal/cli/chat_tui.go:3383.15,3385.21 2 0
mimo-reasonix/internal/cli/chat_tui.go:3386.17,3388.28 2 0
mimo-reasonix/internal/cli/chat_tui.go:3389.17,3391.28 2 0
mimo-reasonix/internal/cli/chat_tui.go:3392.14,3394.28 2 1
mimo-reasonix/internal/cli/chat_tui.go:3395.16,3398.34 3 0
mimo-reasonix/internal/cli/chat_tui.go:3398.34,3400.4 1 0
mimo-reasonix/internal/cli/chat_tui.go:3401.19,3404.34 3 0
mimo-reasonix/internal/cli/chat_tui.go:3404.34,3406.4 1 0
mimo-reasonix/internal/cli/chat_tui.go:3407.27,3410.34 3 1
mimo-reasonix/internal/cli/chat_tui.go:3410.34,3412.4 1 0
mimo-reasonix/internal/cli/chat_tui.go:3413.16,3415.30 2 0
mimo-reasonix/internal/cli/chat_tui.go:3416.21,3418.20 2 0
mimo-reasonix/internal/cli/chat_tui.go:3418.20,3421.4 2 0
mimo-reasonix/internal/cli/chat_tui.go:3422.3,3422.23 1 0
mimo-reasonix/internal/cli/chat_tui.go:3422.23,3425.4 2 0
mimo-reasonix/internal/cli/chat_tui.go:3426.3,3430.17 5 0
mimo-reasonix/internal/cli/chat_tui.go:3430.17,3433.4 2 0
mimo-reasonix/internal/cli/chat_tui.go:3434.3,3434.88 1 0
mimo-reasonix/internal/cli/chat_tui.go:3436.22,3437.31 1 0
mimo-reasonix/internal/cli/chat_tui.go:3438.41,3441.23 3 0
mimo-reasonix/internal/cli/chat_tui.go:3441.23,3443.4 1 0
mimo-reasonix/internal/cli/chat_tui.go:3443.9,3445.4 1 0
mimo-reasonix/internal/cli/chat_tui.go:3446.20,3448.26 2 0
mimo-reasonix/internal/cli/chat_tui.go:3448.26,3451.4 2 0
mimo-reasonix/internal/cli/chat_tui.go:3451.9,3454.4 2 0
mimo-reasonix/internal/cli/chat_tui.go:3455.16,3457.30 2 0
mimo-reasonix/internal/cli/chat_tui.go:3458.19,3460.33 2 0
mimo-reasonix/internal/cli/chat_tui.go:3461.15,3463.15 2 0
mimo-reasonix/internal/cli/chat_tui.go:3464.17,3466.17 2 0
mimo-reasonix/internal/cli/chat_tui.go:3467.32,3469.122 2 1
mimo-reasonix/internal/cli/chat_tui.go:3469.122,3470.30 1 1
mimo-reasonix/internal/cli/chat_tui.go:3470.30,3472.5 1 1
mimo-reasonix/internal/cli/chat_tui.go:3474.15,3475.36 1 0
mimo-reasonix/internal/cli/chat_tui.go:3476.19,3478.17 2 0
mimo-reasonix/internal/cli/chat_tui.go:3478.17,3480.4 1 0
mimo-reasonix/internal/cli/chat_tui.go:3480.9,3480.81 1 0
mimo-reasonix/internal/cli/chat_tui.go:3480.81,3482.4 1 0
mimo-reasonix/internal/cli/chat_tui.go:3482.9,3484.4 1 0
mimo-reasonix/internal/cli/chat_tui.go:3485.24,3486.18 1 1
mimo-reasonix/internal/cli/chat_tui.go:3487.15,3488.33 1 0
mimo-reasonix/internal/cli/chat_tui.go:3489.17,3490.28 1 0
mimo-reasonix/internal/cli/chat_tui.go:3491.17,3492.68 1 0
mimo-reasonix/internal/cli/chat_tui.go:3493.10,3495.50 1 0
mimo-reasonix/internal/cli/chat_tui.go:3495.50,3497.4 1 0
mimo-reasonix/internal/cli/chat_tui.go:3498.3,3498.45 1 0
mimo-reasonix/internal/cli/chat_tui.go:3498.45,3500.4 1 0
mimo-reasonix/internal/cli/chat_tui.go:3501.3,3501.60 1 0
mimo-reasonix/internal/cli/chat_tui.go:3503.2,3503.12 1 1
mimo-reasonix/internal/cli/chat_tui.go:3506.59,3508.9 2 0
mimo-reasonix/internal/cli/chat_tui.go:3508.9,3512.3 3 0
mimo-reasonix/internal/cli/chat_tui.go:3513.2,3513.20 1 0
mimo-reasonix/internal/cli/chat_tui.go:3514.30,3520.74 6 0
mimo-reasonix/internal/cli/chat_tui.go:3521.32,3524.31 3 0
mimo-reasonix/internal/cli/chat_tui.go:3525.10,3528.36 3 0
mimo-reasonix/internal/cli/chat_tui.go:3528.36,3530.4 1 0
mimo-reasonix/internal/cli/chat_tui.go:3530.9,3532.4 1 0
mimo-reasonix/internal/cli/chat_tui.go:3534.2,3534.12 1 0
mimo-reasonix/internal/cli/chat_tui.go:3544.56,3550.54 3 1
mimo-reasonix/internal/cli/chat_tui.go:3550.54,3553.22 3 1
mimo-reasonix/internal/cli/chat_tui.go:3553.22,3556.4 2 0
mimo-reasonix/internal/cli/chat_tui.go:3559.3,3560.35 2 1
mimo-reasonix/internal/cli/chat_tui.go:3560.35,3563.4 2 1
mimo-reasonix/internal/cli/chat_tui.go:3564.3,3565.37 2 1
mimo-reasonix/internal/cli/chat_tui.go:3567.2,3568.12 2 1
mimo-reasonix/internal/cli/chat_tui.go:3572.33,3573.46 1 0
mimo-reasonix/internal/cli/chat_tui.go:3573.46,3574.44 1 0
mimo-reasonix/internal/cli/chat_tui.go:3574.44,3576.23 2 0
mimo-reasonix/internal/cli/chat_tui.go:3576.23,3578.5 1 0
mimo-reasonix/internal/cli/chat_tui.go:3579.4,3579.12 1 0
mimo-reasonix/internal/cli/chat_tui.go:3582.2,3582.14 1 0
mimo-reasonix/internal/cli/chat_tui.go:3588.59,3590.38 2 1
mimo-reasonix/internal/cli/chat_tui.go:3590.38,3591.40 1 1
mimo-reasonix/internal/cli/chat_tui.go:3591.40,3593.9 2 1
mimo-reasonix/internal/cli/chat_tui.go:3596.2,3597.21 2 1
mimo-reasonix/internal/cli/chat_tui.go:3597.21,3599.3 1 0
mimo-reasonix/internal/cli/chat_tui.go:3600.2,3601.37 2 1
mimo-reasonix/internal/cli/chat_tui.go:3601.37,3602.45 1 1
mimo-reasonix/internal/cli/chat_tui.go:3602.45,3603.12 1 1
mimo-reasonix/internal/cli/chat_tui.go:3605.3,3606.42 2 1
mimo-reasonix/internal/cli/chat_tui.go:3606.42,3607.12 1 1
mimo-reasonix/internal/cli/chat_tui.go:3609.3,3609.27 1 1
mimo-reasonix/internal/cli/chat_tui.go:3611.2,3611.14 1 1
mimo-reasonix/internal/cli/chat_tui.go:3616.50,3619.20 3 1
mimo-reasonix/internal/cli/chat_tui.go:3619.20,3622.3 2 0
mimo-reasonix/internal/cli/chat_tui.go:3624.2,3628.27 5 1
mimo-reasonix/internal/cli/chat_tui.go:3628.27,3629.19 1 1
mimo-reasonix/internal/cli/chat_tui.go:3630.26,3632.59 1 1
mimo-reasonix/internal/cli/chat_tui.go:3632.59,3633.13 1 1
mimo-reasonix/internal/cli/chat_tui.go:3635.4,3636.21 2 1
mimo-reasonix/internal/cli/chat_tui.go:3636.21,3637.13 1 1
mimo-reasonix/internal/cli/chat_tui.go:3639.4,3639.37 1 1
mimo-reasonix/internal/cli/chat_tui.go:3639.37,3641.5 1 1
mimo-reasonix/internal/cli/chat_tui.go:3642.4,3645.32 4 1
mimo-reasonix/internal/cli/chat_tui.go:3646.31,3648.21 2 1
mimo-reasonix/internal/cli/chat_tui.go:3648.21,3649.13 1 1
mimo-reasonix/internal/cli/chat_tui.go:3651.4,3651.42 1 1
mimo-reasonix/internal/cli/chat_tui.go:3651.42,3653.5 1 1
mimo-reasonix/internal/cli/chat_tui.go:3654.4,3657.37 4 1
mimo-reasonix/internal/cli/chat_tui.go:3660.2,3660.27 1 1
mimo-reasonix/internal/cli/chat_tui.go:3660.27,3663.3 2 1
mimo-reasonix/internal/cli/chat_tui.go:3667.2,3668.19 2 1
mimo-reasonix/internal/cli/chat_tui.go:3668.19,3669.45 1 1
mimo-reasonix/internal/cli/chat_tui.go:3669.45,3671.4 1 1
mimo-reasonix/internal/cli/chat_tui.go:3673.2,3676.70 4 1
mimo-reasonix/internal/cli/chat_tui.go:3676.70,3679.3 2 0
mimo-reasonix/internal/cli/chat_tui.go:3680.2,3680.56 1 1
mimo-reasonix/internal/cli/chat_tui.go:3683.47,3687.2 3 1
mimo-reasonix/internal/cli/chat_tui.go:3689.50,3691.17 2 1
mimo-reasonix/internal/cli/chat_tui.go:3691.17,3693.3 1 0
mimo-reasonix/internal/cli/chat_tui.go:3694.2,3694.37 1 1
mimo-reasonix/internal/cli/chat_tui.go:3698.41,3699.26 1 1
mimo-reasonix/internal/cli/chat_tui.go:3699.26,3701.3 1 1
mimo-reasonix/internal/cli/chat_tui.go:3702.2,3703.31 2 1
mimo-reasonix/internal/cli/chat_tui.go:3703.31,3705.3 1 1
mimo-reasonix/internal/cli/chat_tui.go:3706.2,3706.36 1 1
mimo-reasonix/internal/cli/chat_tui.go:3712.39,3713.18 1 0
mimo-reasonix/internal/cli/chat_tui.go:3713.18,3716.3 2 0
mimo-reasonix/internal/cli/chat_tui.go:3717.2,3725.20 8 0
mimo-reasonix/internal/cli/chat_tui.go:3725.20,3727.3 1 0
mimo-reasonix/internal/cli/chat_tui.go:3728.2,3728.39 1 0
mimo-reasonix/internal/cli/chat_tui.go:3728.39,3730.3 1 0
mimo-reasonix/internal/cli/chat_tui.go:3731.2,3731.39 1 0
mimo-reasonix/internal/cli/chat_tui.go:3731.39,3733.3 1 0
mimo-reasonix/internal/cli/chat_tui.go:3734.2,3736.37 3 0
mimo-reasonix/internal/cli/chat_tui.go:3736.37,3738.3 1 0
mimo-reasonix/internal/cli/chat_tui.go:3739.2,3741.22 3 0
mimo-reasonix/internal/cli/chat_tui.go:3748.50,3750.19 2 1
mimo-reasonix/internal/cli/chat_tui.go:3750.19,3753.3 2 1
mimo-reasonix/internal/cli/chat_tui.go:3754.2,3754.17 1 0
mimo-reasonix/internal/cli/chat_tui.go:3755.20,3758.20 1 0
mimo-reasonix/internal/cli/chat_tui.go:3759.14,3760.20 1 0
mimo-reasonix/internal/cli/chat_tui.go:3760.20,3763.4 2 0
mimo-reasonix/internal/cli/chat_tui.go:3764.3,3764.28 1 0
mimo-reasonix/internal/cli/chat_tui.go:3765.15,3766.20 1 0
mimo-reasonix/internal/cli/chat_tui.go:3766.20,3769.4 2 0
mimo-reasonix/internal/cli/chat_tui.go:3770.3,3771.19 2 0
mimo-reasonix/internal/cli/chat_tui.go:3771.19,3773.4 1 0
mimo-reasonix/internal/cli/chat_tui.go:3774.13,3776.17 2 0
mimo-reasonix/internal/cli/chat_tui.go:3776.17,3779.4 2 0
mimo-reasonix/internal/cli/chat_tui.go:3780.3,3781.17 2 0
mimo-reasonix/internal/cli/chat_tui.go:3781.17,3784.4 2 0
mimo-reasonix/internal/cli/chat_tui.go:3785.3,3785.110 1 0
mimo-reasonix/internal/cli/chat_tui.go:3786.17,3787.20 1 0
mimo-reasonix/internal/cli/chat_tui.go:3787.20,3790.4 2 0
mimo-reasonix/internal/cli/chat_tui.go:3791.3,3792.17 2 0
mimo-reasonix/internal/cli/chat_tui.go:3792.17,3795.4 2 0
mimo-reasonix/internal/cli/chat_tui.go:3796.3,3797.90 2 0
mimo-reasonix/internal/cli/chat_tui.go:3798.22,3799.20 1 0
mimo-reasonix/internal/cli/chat_tui.go:3799.20,3802.4 2 0
mimo-reasonix/internal/cli/chat_tui.go:3803.3,3805.17 3 0
mimo-reasonix/internal/cli/chat_tui.go:3805.17,3808.4 2 0
mimo-reasonix/internal/cli/chat_tui.go:3809.3,3809.19 1 0
mimo-reasonix/internal/cli/chat_tui.go:3809.19,3811.4 1 0
mimo-reasonix/internal/cli/chat_tui.go:3811.9,3813.4 1 0
mimo-reasonix/internal/cli/chat_tui.go:3814.16,3815.26 1 0
mimo-reasonix/internal/cli/chat_tui.go:3816.10,3817.140 1 0
mimo-reasonix/internal/cli/chat_tui.go:3823.35,3824.82 1 0
mimo-reasonix/internal/cli/chat_tui.go:3824.82,3827.3 2 0
mimo-reasonix/internal/cli/chat_tui.go:3828.2,3828.115 1 0
mimo-reasonix/internal/cli/chat_tui.go:3832.39,3834.2 1 1
mimo-reasonix/internal/cli/chat_tui.go:3838.70,3839.24 1 1
mimo-reasonix/internal/cli/chat_tui.go:3839.24,3842.3 2 1
mimo-reasonix/internal/cli/chat_tui.go:3847.54,3848.24 1 0
mimo-reasonix/internal/cli/chat_tui.go:3848.24,3850.13 2 0
mimo-reasonix/internal/cli/chat_tui.go:3850.13,3853.4 2 0
mimo-reasonix/internal/cli/chat_tui.go:3854.3,3854.65 1 0
mimo-reasonix/internal/cli/chat_tui.go:3861.94,3863.28 2 1
mimo-reasonix/internal/cli/chat_tui.go:3863.28,3864.17 1 1
mimo-reasonix/internal/cli/chat_tui.go:3865.26,3867.65 1 1
mimo-reasonix/internal/cli/chat_tui.go:3867.65,3869.13 2 0
mimo-reasonix/internal/cli/chat_tui.go:3871.4,3872.69 2 1
mimo-reasonix/internal/cli/chat_tui.go:3873.31,3875.18 2 1
mimo-reasonix/internal/cli/chat_tui.go:3875.18,3876.13 1 0
mimo-reasonix/internal/cli/chat_tui.go:3878.4,3879.22 2 1
mimo-reasonix/internal/cli/chat_tui.go:3879.22,3881.5 1 0
mimo-reasonix/internal/cli/chat_tui.go:3882.4,3882.36 1 1
mimo-reasonix/internal/cli/chat_tui.go:3885.2,3885.12 1 1
mimo-reasonix/internal/cli/chat_tui.go:3890.63,3894.19 4 1
mimo-reasonix/internal/cli/chat_tui.go:3894.19,3896.3 1 0
mimo-reasonix/internal/cli/chat_tui.go:3897.2,3897.19 1 1
mimo-reasonix/internal/cli/chat_tui.go:3901.66,3902.16 1 0
mimo-reasonix/internal/cli/chat_tui.go:3902.16,3904.3 1 0
mimo-reasonix/internal/cli/chat_tui.go:3905.2,3905.49 1 0
mimo-reasonix/internal/cli/chat_tui.go:3911.69,3914.14 3 1
mimo-reasonix/internal/cli/chat_tui.go:3914.14,3916.3 1 0
mimo-reasonix/internal/cli/chat_tui.go:3917.2,3917.19 1 1
mimo-reasonix/internal/cli/chat_tui.go:3917.19,3919.3 1 1
mimo-reasonix/internal/cli/chat_tui.go:3920.2,3920.35 1 1
mimo-reasonix/internal/cli/chat_tui.go:3925.50,3927.72 2 1
mimo-reasonix/internal/cli/chat_tui.go:3927.72,3930.3 2 1
mimo-reasonix/internal/cli/chat_tui.go:3931.2,3931.31 1 1
mimo-reasonix/internal/cli/chat_tui.go:3941.41,3941.54 1 0
mimo-reasonix/internal/cli/chat_tui_paste.go:24.36,25.13 1 1
mimo-reasonix/internal/cli/chat_tui_paste.go:25.13,27.3 1 0
mimo-reasonix/internal/cli/chat_tui_paste.go:28.2,28.101 1 1
mimo-reasonix/internal/cli/chat_tui_paste.go:31.45,33.2 1 1
mimo-reasonix/internal/cli/chat_tui_paste.go:35.55,37.2 1 1
mimo-reasonix/internal/cli/chat_tui_paste.go:39.42,41.2 1 1
mimo-reasonix/internal/cli/chat_tui_paste.go:43.50,45.2 1 1
mimo-reasonix/internal/cli/chat_tui_paste.go:47.47,52.2 4 1
mimo-reasonix/internal/cli/chat_tui_paste.go:57.47,64.2 6 0
mimo-reasonix/internal/cli/chat_tui_paste.go:66.63,68.39 2 1
mimo-reasonix/internal/cli/chat_tui_paste.go:68.39,69.43 1 1
mimo-reasonix/internal/cli/chat_tui_paste.go:69.43,70.12 1 0
mimo-reasonix/internal/cli/chat_tui_paste.go:72.3,73.18 2 1
mimo-reasonix/internal/cli/chat_tui_paste.go:73.18,75.4 1 1
mimo-reasonix/internal/cli/chat_tui_paste.go:76.3,76.53 1 1
mimo-reasonix/internal/cli/chat_tui_paste.go:78.2,78.13 1 1
mimo-reasonix/internal/cli/chat_tui_paste.go:81.52,83.39 2 1
mimo-reasonix/internal/cli/chat_tui_paste.go:83.39,84.39 1 1
mimo-reasonix/internal/cli/chat_tui_paste.go:84.39,86.4 1 1
mimo-reasonix/internal/cli/chat_tui_paste.go:88.2,88.15 1 1
mimo-reasonix/internal/cli/chat_tui_paste.go:91.42,92.31 1 1
mimo-reasonix/internal/cli/chat_tui_paste.go:92.31,94.3 1 1
mimo-reasonix/internal/cli/chat_tui_paste.go:95.2,96.40 2 0
mimo-reasonix/internal/cli/chat_tui_paste.go:96.40,98.3 1 0
mimo-reasonix/internal/cli/chat_tui_paste.go:99.2,100.39 2 0
mimo-reasonix/internal/cli/chat_tui_paste.go:100.39,101.30 1 0
mimo-reasonix/internal/cli/chat_tui_paste.go:101.30,103.4 1 0
mimo-reasonix/internal/cli/chat_tui_paste.go:105.2,106.23 2 0
mimo-reasonix/internal/cli/chat_tui_paste.go:109.36,110.24 1 0
mimo-reasonix/internal/cli/chat_tui_paste.go:110.24,113.3 2 0
mimo-reasonix/internal/cli/chat_tui_paste.go:116.31,117.24 1 0
mimo-reasonix/internal/cli/chat_tui_paste.go:117.24,119.22 2 0
mimo-reasonix/internal/cli/chat_tui_paste.go:119.22,121.4 1 0
mimo-reasonix/internal/cli/chat_tui_paste.go:122.3,123.35 2 0
mimo-reasonix/internal/cli/chat_tui_paste.go:123.35,125.4 1 0
mimo-reasonix/internal/cli/chat_tui_paste.go:126.3,126.21 1 0
mimo-reasonix/internal/cli/chat_tui_paste.go:126.21,128.4 1 0
mimo-reasonix/internal/cli/chat_tui_paste.go:129.3,129.42 1 0
mimo-reasonix/internal/cli/chat_tui_paste.go:133.56,135.9 2 1
mimo-reasonix/internal/cli/chat_tui_paste.go:135.9,137.3 1 1
mimo-reasonix/internal/cli/chat_tui_paste.go:138.2,138.30 1 0
mimo-reasonix/internal/cli/chat_tui_paste.go:138.30,140.17 2 0
mimo-reasonix/internal/cli/chat_tui_paste.go:140.17,142.12 2 0
mimo-reasonix/internal/cli/chat_tui_paste.go:144.3,144.25 1 0
mimo-reasonix/internal/cli/chat_tui_paste.go:146.2,146.13 1 0
mimo-reasonix/internal/cli/chat_tui_paste.go:151.55,153.19 2 1
mimo-reasonix/internal/cli/chat_tui_paste.go:153.19,155.3 1 0
mimo-reasonix/internal/cli/chat_tui_paste.go:156.2,156.26 1 1
mimo-reasonix/internal/cli/chat_tui_paste.go:156.26,158.3 1 1
mimo-reasonix/internal/cli/chat_tui_paste.go:159.2,159.91 1 1
mimo-reasonix/internal/cli/chat_tui_paste.go:159.91,161.17 2 1
mimo-reasonix/internal/cli/chat_tui_paste.go:161.17,163.30 2 1
mimo-reasonix/internal/cli/chat_tui_paste.go:163.30,165.5 1 1
mimo-reasonix/internal/cli/chat_tui_paste.go:166.4,166.24 1 1
mimo-reasonix/internal/cli/chat_tui_paste.go:170.2,171.46 2 1
mimo-reasonix/internal/cli/chat_tui_paste.go:171.46,173.3 1 0
mimo-reasonix/internal/cli/chat_tui_paste.go:174.2,175.48 2 1
mimo-reasonix/internal/cli/chat_tui_paste.go:175.48,177.3 1 0
mimo-reasonix/internal/cli/chat_tui_paste.go:178.2,178.19 1 1
mimo-reasonix/internal/cli/chat_tui_paste.go:181.47,183.83 2 1
mimo-reasonix/internal/cli/chat_tui_paste.go:183.83,185.17 2 1
mimo-reasonix/internal/cli/chat_tui_paste.go:185.17,187.4 1 1
mimo-reasonix/internal/cli/chat_tui_paste.go:189.2,189.12 1 1
mimo-reasonix/internal/cli/chat_tui_paste.go:192.45,193.23 1 1
mimo-reasonix/internal/cli/chat_tui_paste.go:193.23,195.3 1 0
mimo-reasonix/internal/cli/chat_tui_paste.go:196.2,196.30 1 1
mimo-reasonix/internal/cli/chat_tui_paste.go:196.30,197.33 1 1
mimo-reasonix/internal/cli/chat_tui_paste.go:197.33,199.4 1 1
mimo-reasonix/internal/cli/chat_tui_paste.go:201.2,201.13 1 0
mimo-reasonix/internal/cli/chat_tui_paste.go:204.44,205.41 1 1
mimo-reasonix/internal/cli/chat_tui_paste.go:205.41,207.3 1 0
mimo-reasonix/internal/cli/chat_tui_paste.go:208.2,209.9 2 1
mimo-reasonix/internal/cli/chat_tui_paste.go:209.9,211.3 1 1
mimo-reasonix/internal/cli/chat_tui_paste.go:212.2,212.45 1 1
mimo-reasonix/internal/cli/chat_tui_paste.go:213.48,214.14 1 0
mimo-reasonix/internal/cli/chat_tui_paste.go:216.2,216.14 1 1
mimo-reasonix/internal/cli/chat_tui_paste.go:219.56,221.22 2 0
mimo-reasonix/internal/cli/chat_tui_paste.go:221.22,223.3 1 0
mimo-reasonix/internal/cli/chat_tui_paste.go:224.2,225.9 2 0
mimo-reasonix/internal/cli/chat_tui_paste.go:225.9,227.3 1 0
mimo-reasonix/internal/cli/chat_tui_paste.go:228.2,228.36 1 0
mimo-reasonix/internal/cli/chat_tui_paste.go:231.35,233.2 1 1
mimo-reasonix/internal/cli/chat_tui_paste.go:235.49,240.15 5 1
mimo-reasonix/internal/cli/chat_tui_paste.go:240.15,242.3 1 0
mimo-reasonix/internal/cli/chat_tui_paste.go:243.2,243.52 1 1
mimo-reasonix/internal/cli/chat_tui_paste.go:243.52,245.3 1 1
mimo-reasonix/internal/cli/chat_tui_paste.go:246.2,247.81 2 1
mimo-reasonix/internal/cli/chat_tui_paste.go:247.81,249.3 1 0
mimo-reasonix/internal/cli/chat_tui_paste.go:250.2,250.41 1 1
mimo-reasonix/internal/cli/chat_tui_paste.go:250.41,252.33 2 0
mimo-reasonix/internal/cli/chat_tui_paste.go:252.33,254.4 1 0
mimo-reasonix/internal/cli/chat_tui_paste.go:255.3,255.15 1 0
mimo-reasonix/internal/cli/chat_tui_paste.go:257.2,257.34 1 1
mimo-reasonix/internal/cli/chat_tui_paste.go:257.34,259.31 2 0
mimo-reasonix/internal/cli/chat_tui_paste.go:259.31,261.4 1 0
mimo-reasonix/internal/cli/chat_tui_paste.go:263.2,263.34 1 1
mimo-reasonix/internal/cli/chat_tui_paste.go:271.51,273.45 2 1
mimo-reasonix/internal/cli/chat_tui_paste.go:273.45,275.3 1 1
mimo-reasonix/internal/cli/chat_tui_paste.go:276.2,276.60 1 1
mimo-reasonix/internal/cli/chat_tui_paste.go:276.60,278.3 1 1
mimo-reasonix/internal/cli/chat_tui_paste.go:279.2,279.25 1 1
mimo-reasonix/internal/cli/chooser.go:29.39,36.23 2 1
mimo-reasonix/internal/cli/chooser.go:36.23,38.3 1 1
mimo-reasonix/internal/cli/chooser.go:39.2,39.10 1 1
mimo-reasonix/internal/cli/chooser.go:42.38,42.74 1 1
mimo-reasonix/internal/cli/chooser.go:46.34,47.21 1 0
mimo-reasonix/internal/cli/chooser.go:47.21,49.3 1 0
mimo-reasonix/internal/cli/chooser.go:50.2,50.44 1 0
mimo-reasonix/internal/cli/chooser.go:53.40,53.89 1 0
mimo-reasonix/internal/cli/chooser.go:55.38,56.29 1 0
mimo-reasonix/internal/cli/chooser.go:56.29,57.21 1 0
mimo-reasonix/internal/cli/chooser.go:57.21,59.4 1 0
mimo-reasonix/internal/cli/chooser.go:61.2,61.13 1 0
mimo-reasonix/internal/cli/chooser.go:66.47,68.32 2 0
mimo-reasonix/internal/cli/chooser.go:68.32,70.24 2 0
mimo-reasonix/internal/cli/chooser.go:70.24,72.4 1 0
mimo-reasonix/internal/cli/chooser.go:72.9,73.29 1 0
mimo-reasonix/internal/cli/chooser.go:73.29,74.20 1 0
mimo-reasonix/internal/cli/chooser.go:74.20,76.6 1 0
mimo-reasonix/internal/cli/chooser.go:79.3,79.60 1 0
mimo-reasonix/internal/cli/chooser.go:81.2,81.12 1 0
mimo-reasonix/internal/cli/chooser.go:89.77,91.22 2 0
mimo-reasonix/internal/cli/chooser.go:92.16,95.16 3 0
mimo-reasonix/internal/cli/chooser.go:96.13,97.30 1 0
mimo-reasonix/internal/cli/chooser.go:98.19,99.16 1 0
mimo-reasonix/internal/cli/chooser.go:99.16,102.4 2 0
mimo-reasonix/internal/cli/chooser.go:103.3,103.16 1 0
mimo-reasonix/internal/cli/chooser.go:104.20,105.31 1 0
mimo-reasonix/internal/cli/chooser.go:105.31,108.4 2 0
mimo-reasonix/internal/cli/chooser.go:109.3,109.16 1 0
mimo-reasonix/internal/cli/chooser.go:112.2,112.21 1 0
mimo-reasonix/internal/cli/chooser.go:112.21,113.23 1 0
mimo-reasonix/internal/cli/chooser.go:114.16,115.39 1 0
mimo-reasonix/internal/cli/chooser.go:116.31,118.16 2 0
mimo-reasonix/internal/cli/chooser.go:120.3,120.16 1 0
mimo-reasonix/internal/cli/chooser.go:123.2,124.22 2 0
mimo-reasonix/internal/cli/chooser.go:125.17,126.19 1 0
mimo-reasonix/internal/cli/chooser.go:126.19,128.4 1 0
mimo-reasonix/internal/cli/chooser.go:129.19,130.32 1 0
mimo-reasonix/internal/cli/chooser.go:130.32,132.4 1 0
mimo-reasonix/internal/cli/chooser.go:133.20,134.43 1 0
mimo-reasonix/internal/cli/chooser.go:134.43,137.4 2 0
mimo-reasonix/internal/cli/chooser.go:138.15,139.37 1 0
mimo-reasonix/internal/cli/chooser.go:140.10,142.67 1 0
mimo-reasonix/internal/cli/chooser.go:142.67,143.52 1 0
mimo-reasonix/internal/cli/chooser.go:143.52,145.5 1 0
mimo-reasonix/internal/cli/chooser.go:148.2,148.15 1 0
mimo-reasonix/internal/cli/chooser.go:154.64,157.9 3 0
mimo-reasonix/internal/cli/chooser.go:158.28,159.14 1 0
mimo-reasonix/internal/cli/chooser.go:159.14,164.4 1 0
mimo-reasonix/internal/cli/chooser.go:165.3,167.28 3 0
mimo-reasonix/internal/cli/chooser.go:168.29,173.16 5 0
mimo-reasonix/internal/cli/chooser.go:174.10,175.30 1 0
mimo-reasonix/internal/cli/chooser.go:181.56,183.27 2 0
mimo-reasonix/internal/cli/chooser.go:183.27,185.3 1 0
mimo-reasonix/internal/cli/chooser.go:186.2,186.30 1 0
mimo-reasonix/internal/cli/chooser.go:186.30,189.3 2 0
mimo-reasonix/internal/cli/chooser.go:190.2,190.15 1 0
mimo-reasonix/internal/cli/chooser.go:195.80,199.2 3 0
mimo-reasonix/internal/cli/chooser.go:204.41,206.14 2 1
mimo-reasonix/internal/cli/chooser.go:206.14,208.3 1 1
mimo-reasonix/internal/cli/chooser.go:209.2,212.26 3 1
mimo-reasonix/internal/cli/chooser.go:212.26,214.3 1 0
mimo-reasonix/internal/cli/chooser.go:216.2,216.21 1 1
mimo-reasonix/internal/cli/chooser.go:216.21,218.33 2 0
mimo-reasonix/internal/cli/chooser.go:218.33,221.48 3 0
mimo-reasonix/internal/cli/chooser.go:221.48,223.5 1 0
mimo-reasonix/internal/cli/chooser.go:224.4,224.50 1 0
mimo-reasonix/internal/cli/chooser.go:226.3,227.54 2 0
mimo-reasonix/internal/cli/chooser.go:230.2,232.32 3 1
mimo-reasonix/internal/cli/chooser.go:232.32,234.3 1 1
mimo-reasonix/internal/cli/chooser.go:236.2,238.27 3 1
mimo-reasonix/internal/cli/chooser.go:238.27,240.3 1 0
mimo-reasonix/internal/cli/chooser.go:240.8,240.21 1 1
mimo-reasonix/internal/cli/chooser.go:240.21,242.3 1 1
mimo-reasonix/internal/cli/chooser.go:243.2,249.53 5 1
mimo-reasonix/internal/cli/chooser.go:252.39,255.32 3 0
mimo-reasonix/internal/cli/chooser.go:255.32,257.20 2 0
mimo-reasonix/internal/cli/chooser.go:257.20,259.4 1 0
mimo-reasonix/internal/cli/chooser.go:260.3,261.17 2 0
mimo-reasonix/internal/cli/chooser.go:261.17,263.4 1 0
mimo-reasonix/internal/cli/chooser.go:263.9,265.4 1 0
mimo-reasonix/internal/cli/chooser.go:266.3,266.31 1 0
mimo-reasonix/internal/cli/chooser.go:268.2,269.21 2 0
mimo-reasonix/internal/cli/chooser.go:269.21,271.3 1 0
mimo-reasonix/internal/cli/chooser.go:272.2,273.21 2 0
mimo-reasonix/internal/cli/chooser.go:273.21,275.3 1 0
mimo-reasonix/internal/cli/chooser.go:275.8,277.3 1 0
mimo-reasonix/internal/cli/chooser.go:278.2,278.78 1 0
mimo-reasonix/internal/cli/chooser.go:282.82,285.11 3 1
mimo-reasonix/internal/cli/chooser.go:285.11,287.22 2 0
mimo-reasonix/internal/cli/chooser.go:287.22,289.4 1 0
mimo-reasonix/internal/cli/chooser.go:291.2,292.27 2 1
mimo-reasonix/internal/cli/chooser.go:292.27,294.3 1 0
mimo-reasonix/internal/cli/chooser.go:295.2,295.13 1 1
mimo-reasonix/internal/cli/chooser.go:299.72,301.9 2 1
mimo-reasonix/internal/cli/chooser.go:301.9,303.3 1 1
mimo-reasonix/internal/cli/chooser.go:304.2,305.9 2 1
mimo-reasonix/internal/cli/chooser.go:305.9,307.3 1 1
mimo-reasonix/internal/cli/chooser.go:307.8,307.19 1 1
mimo-reasonix/internal/cli/chooser.go:307.19,309.3 1 1
mimo-reasonix/internal/cli/chooser.go:309.8,311.3 1 1
mimo-reasonix/internal/cli/chooser.go:312.2,312.22 1 1
mimo-reasonix/internal/cli/chooser.go:315.50,316.20 1 0
mimo-reasonix/internal/cli/chooser.go:316.20,318.3 1 0
mimo-reasonix/internal/cli/chooser.go:319.2,319.32 1 0
mimo-reasonix/internal/cli/clear_confirm.go:16.82,17.22 1 1
mimo-reasonix/internal/cli/clear_confirm.go:18.67,19.34 1 0
mimo-reasonix/internal/cli/clear_confirm.go:19.34,21.4 1 0
mimo-reasonix/internal/cli/clear_confirm.go:21.9,23.4 1 0
mimo-reasonix/internal/cli/clear_confirm.go:24.16,25.33 1 1
mimo-reasonix/internal/cli/clear_confirm.go:26.33,27.23 1 0
mimo-reasonix/internal/cli/clear_confirm.go:28.15,29.34 1 1
mimo-reasonix/internal/cli/clear_confirm.go:29.34,31.4 1 0
mimo-reasonix/internal/cli/clear_confirm.go:32.3,32.23 1 1
mimo-reasonix/internal/cli/clear_confirm.go:34.2,34.15 1 1
mimo-reasonix/internal/cli/clear_confirm.go:37.61,39.46 2 1
mimo-reasonix/internal/cli/clear_confirm.go:39.46,42.3 2 0
mimo-reasonix/internal/cli/clear_confirm.go:43.2,45.27 3 1
mimo-reasonix/internal/cli/clear_confirm.go:48.63,57.21 9 1
mimo-reasonix/internal/cli/clear_confirm.go:57.21,60.3 2 1
mimo-reasonix/internal/cli/clear_confirm.go:60.8,62.3 1 0
mimo-reasonix/internal/cli/clear_confirm.go:63.2,65.26 3 1
mimo-reasonix/internal/cli/clear_confirm.go:68.46,69.27 1 1
mimo-reasonix/internal/cli/clear_confirm.go:69.27,71.3 1 1
mimo-reasonix/internal/cli/clear_confirm.go:72.2,78.53 7 1
mimo-reasonix/internal/cli/cli.go:47.45,53.19 3 1
mimo-reasonix/internal/cli/cli.go:53.19,55.3 1 1
mimo-reasonix/internal/cli/cli.go:56.2,56.20 1 1
mimo-reasonix/internal/cli/cli.go:56.20,58.3 1 1
mimo-reasonix/internal/cli/cli.go:59.2,59.52 1 1
mimo-reasonix/internal/cli/cli.go:59.52,61.3 1 1
mimo-reasonix/internal/cli/cli.go:62.2,62.42 1 1
mimo-reasonix/internal/cli/cli.go:62.42,64.3 1 1
mimo-reasonix/internal/cli/cli.go:65.2,65.43 1 1
mimo-reasonix/internal/cli/cli.go:65.43,66.25 1 1
mimo-reasonix/internal/cli/cli.go:66.25,68.4 1 0
mimo-reasonix/internal/cli/cli.go:71.2,71.42 1 1
mimo-reasonix/internal/cli/cli.go:71.42,73.3 1 1
mimo-reasonix/internal/cli/cli.go:74.2,74.20 1 1
mimo-reasonix/internal/cli/cli.go:74.20,78.3 3 1
mimo-reasonix/internal/cli/cli.go:79.2,79.15 1 1
mimo-reasonix/internal/cli/cli.go:79.15,81.3 1 1
mimo-reasonix/internal/cli/cli.go:83.2,84.13 2 1
mimo-reasonix/internal/cli/cli.go:85.13,86.24 1 0
mimo-reasonix/internal/cli/cli.go:87.22,88.37 1 1
mimo-reasonix/internal/cli/cli.go:89.15,90.24 1 0
mimo-reasonix/internal/cli/cli.go:91.15,93.27 2 0
mimo-reasonix/internal/cli/cli.go:94.16,96.29 2 1
mimo-reasonix/internal/cli/cli.go:97.14,102.20 2 0
mimo-reasonix/internal/cli/cli.go:103.13,105.35 2 1
mimo-reasonix/internal/cli/cli.go:106.13,108.26 2 0
mimo-reasonix/internal/cli/cli.go:109.16,111.38 2 1
mimo-reasonix/internal/cli/cli.go:112.16,114.29 2 0
mimo-reasonix/internal/cli/cli.go:115.13,117.35 2 0
mimo-reasonix/internal/cli/cli.go:118.27,120.39 2 0
mimo-reasonix/internal/cli/cli.go:121.36,123.11 2 1
mimo-reasonix/internal/cli/cli.go:124.30,126.11 2 1
mimo-reasonix/internal/cli/cli.go:127.10,130.11 3 0
mimo-reasonix/internal/cli/cli.go:134.48,135.13 1 1
mimo-reasonix/internal/cli/cli.go:136.117,137.14 1 1
mimo-reasonix/internal/cli/cli.go:139.2,139.80 1 1
mimo-reasonix/internal/cli/cli.go:139.80,141.3 1 1
mimo-reasonix/internal/cli/cli.go:142.2,142.14 1 1
mimo-reasonix/internal/cli/cli.go:145.55,146.13 1 1
mimo-reasonix/internal/cli/cli.go:147.121,148.14 1 1
mimo-reasonix/internal/cli/cli.go:149.10,150.15 1 1
mimo-reasonix/internal/cli/cli.go:154.34,155.58 1 1
mimo-reasonix/internal/cli/cli.go:155.58,157.3 1 0
mimo-reasonix/internal/cli/cli.go:160.40,161.39 1 1
mimo-reasonix/internal/cli/cli.go:161.39,162.81 1 1
mimo-reasonix/internal/cli/cli.go:162.81,164.4 1 0
mimo-reasonix/internal/cli/cli.go:168.36,169.43 1 1
mimo-reasonix/internal/cli/cli.go:169.43,172.3 2 1
mimo-reasonix/internal/cli/cli.go:172.8,175.3 2 0
mimo-reasonix/internal/cli/cli.go:178.48,179.22 1 1
mimo-reasonix/internal/cli/cli.go:179.22,182.3 2 0
mimo-reasonix/internal/cli/cli.go:183.2,183.38 1 1
mimo-reasonix/internal/cli/cli.go:186.43,188.2 1 1
mimo-reasonix/internal/cli/cli.go:198.136,207.2 2 0
mimo-reasonix/internal/cli/cli.go:212.36,214.16 2 0
mimo-reasonix/internal/cli/cli.go:214.16,216.3 1 0
mimo-reasonix/internal/cli/cli.go:217.2,217.95 1 0
mimo-reasonix/internal/cli/cli.go:217.95,219.3 1 0
mimo-reasonix/internal/cli/cli.go:220.2,220.28 1 0
mimo-reasonix/internal/cli/cli.go:226.141,234.2 1 0
mimo-reasonix/internal/cli/cli.go:239.30,240.15 1 1
mimo-reasonix/internal/cli/cli.go:240.15,242.3 1 1
mimo-reasonix/internal/cli/cli.go:243.2,243.38 1 1
mimo-reasonix/internal/cli/cli.go:243.38,246.3 2 1
mimo-reasonix/internal/cli/cli.go:247.2,247.10 1 1
mimo-reasonix/internal/cli/cli.go:250.82,251.79 1 1
mimo-reasonix/internal/cli/cli.go:251.79,253.3 1 1
mimo-reasonix/internal/cli/cli.go:254.2,255.9 2 1
mimo-reasonix/internal/cli/cli.go:255.9,257.3 1 1
mimo-reasonix/internal/cli/cli.go:258.2,258.16 1 1
mimo-reasonix/internal/cli/cli.go:258.16,260.3 1 0
mimo-reasonix/internal/cli/cli.go:261.2,261.50 1 1
mimo-reasonix/internal/cli/cli.go:261.50,263.3 1 1
mimo-reasonix/internal/cli/cli.go:264.2,264.21 1 1
mimo-reasonix/internal/cli/cli.go:267.64,268.34 1 1
mimo-reasonix/internal/cli/cli.go:268.34,270.3 1 1
mimo-reasonix/internal/cli/cli.go:271.2,271.32 1 0
mimo-reasonix/internal/cli/cli.go:274.50,274.87 1 0
mimo-reasonix/internal/cli/cli.go:277.72,278.46 1 1
mimo-reasonix/internal/cli/cli.go:278.46,280.3 1 0
mimo-reasonix/internal/cli/cli.go:281.2,281.73 1 1
mimo-reasonix/internal/cli/cli.go:284.34,294.39 10 1
mimo-reasonix/internal/cli/cli.go:294.39,296.3 1 0
mimo-reasonix/internal/cli/cli.go:297.2,297.34 1 1
mimo-reasonix/internal/cli/cli.go:297.34,299.3 1 0
mimo-reasonix/internal/cli/cli.go:300.2,304.18 4 1
mimo-reasonix/internal/cli/cli.go:304.18,306.3 1 0
mimo-reasonix/internal/cli/cli.go:307.2,307.18 1 1
mimo-reasonix/internal/cli/cli.go:307.18,310.3 2 0
mimo-reasonix/internal/cli/cli.go:312.2,313.19 2 1
mimo-reasonix/internal/cli/cli.go:313.19,316.17 3 1
mimo-reasonix/internal/cli/cli.go:316.17,319.4 2 1
mimo-reasonix/internal/cli/cli.go:322.2,330.22 5 0
mimo-reasonix/internal/cli/cli.go:330.22,331.74 1 0
mimo-reasonix/internal/cli/cli.go:331.74,333.4 1 0
mimo-reasonix/internal/cli/cli.go:334.3,334.40 1 0
mimo-reasonix/internal/cli/cli.go:336.2,340.24 5 0
mimo-reasonix/internal/cli/cli.go:340.24,343.3 2 0
mimo-reasonix/internal/cli/cli.go:344.2,345.19 2 0
mimo-reasonix/internal/cli/cli.go:345.19,347.3 1 0
mimo-reasonix/internal/cli/cli.go:347.8,347.18 1 0
mimo-reasonix/internal/cli/cli.go:347.18,348.99 1 0
mimo-reasonix/internal/cli/cli.go:348.99,350.4 1 0
mimo-reasonix/internal/cli/cli.go:352.2,353.16 2 0
mimo-reasonix/internal/cli/cli.go:353.16,356.3 2 0
mimo-reasonix/internal/cli/cli.go:357.2,363.19 2 0
mimo-reasonix/internal/cli/cli.go:363.19,365.3 1 0
mimo-reasonix/internal/cli/cli.go:365.8,365.18 1 0
mimo-reasonix/internal/cli/cli.go:365.18,367.39 2 0
mimo-reasonix/internal/cli/cli.go:367.39,370.4 2 0
mimo-reasonix/internal/cli/cli.go:371.3,372.17 2 0
mimo-reasonix/internal/cli/cli.go:372.17,375.4 2 0
mimo-reasonix/internal/cli/cli.go:376.3,376.40 1 0
mimo-reasonix/internal/cli/cli.go:378.2,378.57 1 0
mimo-reasonix/internal/cli/cli.go:378.57,380.3 1 0
mimo-reasonix/internal/cli/cli.go:382.2,383.16 2 0
mimo-reasonix/internal/cli/cli.go:383.16,385.3 1 0
mimo-reasonix/internal/cli/cli.go:386.2,386.20 1 0
mimo-reasonix/internal/cli/cli.go:386.20,387.63 1 0
mimo-reasonix/internal/cli/cli.go:387.63,389.4 1 0
mimo-reasonix/internal/cli/cli.go:391.2,391.19 1 0
mimo-reasonix/internal/cli/cli.go:391.19,394.3 2 0
mimo-reasonix/internal/cli/cli.go:395.2,395.10 1 0
mimo-reasonix/internal/cli/cli.go:402.34,413.39 11 1
mimo-reasonix/internal/cli/cli.go:413.39,415.3 1 0
mimo-reasonix/internal/cli/cli.go:418.2,418.19 1 1
mimo-reasonix/internal/cli/cli.go:418.19,419.22 1 0
mimo-reasonix/internal/cli/cli.go:419.22,422.4 2 0
mimo-reasonix/internal/cli/cli.go:423.3,424.17 2 0
mimo-reasonix/internal/cli/cli.go:424.17,427.4 2 0
mimo-reasonix/internal/cli/cli.go:428.3,429.11 2 0
mimo-reasonix/internal/cli/cli.go:432.2,438.17 5 1
mimo-reasonix/internal/cli/cli.go:438.17,440.3 1 1
mimo-reasonix/internal/cli/cli.go:441.2,441.18 1 1
mimo-reasonix/internal/cli/cli.go:441.18,443.3 1 0
mimo-reasonix/internal/cli/cli.go:444.2,444.18 1 1
mimo-reasonix/internal/cli/cli.go:444.18,446.3 1 0
mimo-reasonix/internal/cli/cli.go:447.2,448.16 2 1
mimo-reasonix/internal/cli/cli.go:448.16,451.3 2 1
mimo-reasonix/internal/cli/cli.go:452.2,453.56 2 1
mimo-reasonix/internal/cli/cli.go:453.56,457.17 2 0
mimo-reasonix/internal/cli/cli.go:457.17,460.4 2 0
mimo-reasonix/internal/cli/cli.go:461.3,461.28 1 0
mimo-reasonix/internal/cli/cli.go:463.2,463.87 1 1
mimo-reasonix/internal/cli/cli.go:463.87,466.3 2 1
mimo-reasonix/internal/cli/cli.go:468.2,469.19 2 1
mimo-reasonix/internal/cli/cli.go:469.19,472.17 3 1
mimo-reasonix/internal/cli/cli.go:472.17,475.4 2 1
mimo-reasonix/internal/cli/cli.go:477.2,481.18 2 0
mimo-reasonix/internal/cli/cli.go:481.18,482.46 1 0
mimo-reasonix/internal/cli/cli.go:482.46,483.87 1 0
mimo-reasonix/internal/cli/cli.go:483.87,485.5 1 0
mimo-reasonix/internal/cli/cli.go:488.2,489.16 2 0
mimo-reasonix/internal/cli/cli.go:489.16,492.3 2 0
mimo-reasonix/internal/cli/cli.go:493.2,496.19 2 0
mimo-reasonix/internal/cli/cli.go:496.19,498.3 1 0
mimo-reasonix/internal/cli/cli.go:499.2,503.31 4 0
mimo-reasonix/internal/cli/cli.go:503.31,506.3 2 0
mimo-reasonix/internal/cli/cli.go:506.8,506.41 1 0
mimo-reasonix/internal/cli/cli.go:506.41,508.3 1 0
mimo-reasonix/internal/cli/cli.go:510.2,510.62 1 0
mimo-reasonix/internal/cli/cli.go:510.62,512.3 1 0
mimo-reasonix/internal/cli/cli.go:512.8,512.21 1 0
mimo-reasonix/internal/cli/cli.go:512.21,514.3 1 0
mimo-reasonix/internal/cli/cli.go:514.8,516.3 1 0
mimo-reasonix/internal/cli/cli.go:519.2,521.52 3 0
mimo-reasonix/internal/cli/cli.go:521.52,524.3 2 0
mimo-reasonix/internal/cli/cli.go:525.2,525.10 1 0
mimo-reasonix/internal/cli/cli.go:531.34,541.39 10 0
mimo-reasonix/internal/cli/cli.go:541.39,543.3 1 0
mimo-reasonix/internal/cli/cli.go:544.2,544.34 1 0
mimo-reasonix/internal/cli/cli.go:544.34,546.3 1 0
mimo-reasonix/internal/cli/cli.go:547.2,548.16 2 0
mimo-reasonix/internal/cli/cli.go:548.16,551.3 2 0
mimo-reasonix/internal/cli/cli.go:555.2,556.9 2 0
mimo-reasonix/internal/cli/cli.go:557.15,559.14 2 0
mimo-reasonix/internal/cli/cli.go:559.14,561.4 1 0
mimo-reasonix/internal/cli/cli.go:562.3,562.20 1 0
mimo-reasonix/internal/cli/cli.go:563.13,565.39 2 0
mimo-reasonix/internal/cli/cli.go:565.39,568.4 2 0
mimo-reasonix/internal/cli/cli.go:569.3,569.32 1 0
mimo-reasonix/internal/cli/cli.go:572.2,584.104 7 0
mimo-reasonix/internal/cli/cli.go:584.104,589.81 2 0
mimo-reasonix/internal/cli/cli.go:589.81,591.4 1 0
mimo-reasonix/internal/cli/cli.go:592.3,592.57 1 0
mimo-reasonix/internal/cli/cli.go:594.2,594.16 1 0
mimo-reasonix/internal/cli/cli.go:594.16,597.3 2 0
mimo-reasonix/internal/cli/cli.go:602.2,602.22 1 0
mimo-reasonix/internal/cli/cli.go:602.22,604.17 2 0
mimo-reasonix/internal/cli/cli.go:604.17,607.4 2 0
mimo-reasonix/internal/cli/cli.go:608.3,608.34 1 0
mimo-reasonix/internal/cli/cli.go:610.2,615.51 3 0
mimo-reasonix/internal/cli/cli.go:615.51,617.17 2 0
mimo-reasonix/internal/cli/cli.go:617.17,619.4 1 0
mimo-reasonix/internal/cli/cli.go:620.3,620.46 1 0
mimo-reasonix/internal/cli/cli.go:620.46,622.4 1 0
mimo-reasonix/internal/cli/cli.go:627.2,628.73 2 0
mimo-reasonix/internal/cli/cli.go:628.73,630.3 1 0
mimo-reasonix/internal/cli/cli.go:635.2,638.11 2 0
mimo-reasonix/internal/cli/cli.go:638.11,640.3 1 0
mimo-reasonix/internal/cli/cli.go:642.2,643.43 2 0
mimo-reasonix/internal/cli/cli.go:643.43,648.3 4 0
mimo-reasonix/internal/cli/cli.go:654.2,654.113 1 0
mimo-reasonix/internal/cli/cli.go:654.113,656.17 2 0
mimo-reasonix/internal/cli/cli.go:656.17,658.4 1 0
mimo-reasonix/internal/cli/cli.go:661.3,664.12 4 0
mimo-reasonix/internal/cli/cli.go:664.12,666.4 1 0
mimo-reasonix/internal/cli/cli.go:667.3,667.16 1 0
mimo-reasonix/internal/cli/cli.go:669.2,669.39 1 0
mimo-reasonix/internal/cli/cli.go:669.39,671.17 2 0
mimo-reasonix/internal/cli/cli.go:671.17,673.4 1 0
mimo-reasonix/internal/cli/cli.go:674.3,674.46 1 0
mimo-reasonix/internal/cli/cli.go:674.46,676.4 1 0
mimo-reasonix/internal/cli/cli.go:678.2,680.24 2 0
mimo-reasonix/internal/cli/cli.go:680.24,682.3 1 0
mimo-reasonix/internal/cli/cli.go:687.2,693.12 4 0
mimo-reasonix/internal/cli/cli.go:693.12,694.20 1 0
mimo-reasonix/internal/cli/cli.go:694.20,697.4 2 0
mimo-reasonix/internal/cli/cli.go:699.2,706.35 3 0
mimo-reasonix/internal/cli/cli.go:706.35,707.40 1 0
mimo-reasonix/internal/cli/cli.go:707.40,709.4 1 0
mimo-reasonix/internal/cli/cli.go:710.3,710.21 1 0
mimo-reasonix/internal/cli/cli.go:710.21,712.4 1 0
mimo-reasonix/internal/cli/cli.go:712.9,714.4 1 0
mimo-reasonix/internal/cli/cli.go:715.8,717.3 1 0
mimo-reasonix/internal/cli/cli.go:718.2,718.19 1 0
mimo-reasonix/internal/cli/cli.go:718.19,721.3 2 0
mimo-reasonix/internal/cli/cli.go:722.2,722.10 1 0
mimo-reasonix/internal/cli/cli.go:725.53,731.2 2 1
mimo-reasonix/internal/cli/cli.go:733.58,734.28 1 1
mimo-reasonix/internal/cli/cli.go:734.28,736.3 1 1
mimo-reasonix/internal/cli/cli.go:750.35,751.43 1 0
mimo-reasonix/internal/cli/cli.go:751.43,753.3 1 0
mimo-reasonix/internal/cli/cli.go:754.2,754.29 1 0
mimo-reasonix/internal/cli/cli.go:759.32,761.2 1 0
mimo-reasonix/internal/cli/cli.go:766.54,768.25 2 0
mimo-reasonix/internal/cli/cli.go:768.25,769.12 1 0
mimo-reasonix/internal/cli/cli.go:770.24,771.35 1 0
mimo-reasonix/internal/cli/cli.go:772.11,773.16 1 0
mimo-reasonix/internal/cli/cli.go:776.2,776.10 1 0
mimo-reasonix/internal/cli/cli.go:780.35,781.91 1 1
mimo-reasonix/internal/cli/cli.go:781.91,783.3 1 1
mimo-reasonix/internal/cli/cli.go:784.2,784.10 1 1
mimo-reasonix/internal/cli/cli.go:792.37,795.41 3 0
mimo-reasonix/internal/cli/cli.go:795.41,797.23 1 0
mimo-reasonix/internal/cli/cli.go:797.23,800.4 2 0
mimo-reasonix/internal/cli/cli.go:801.3,802.61 2 0
mimo-reasonix/internal/cli/cli.go:802.61,805.4 2 0
mimo-reasonix/internal/cli/cli.go:809.2,809.21 1 0
mimo-reasonix/internal/cli/cli.go:809.21,811.14 2 0
mimo-reasonix/internal/cli/cli.go:811.14,813.4 1 0
mimo-reasonix/internal/cli/cli.go:814.3,814.12 1 0
mimo-reasonix/internal/cli/cli.go:816.2,816.37 1 0
mimo-reasonix/internal/cli/cli.go:819.89,822.2 2 1
mimo-reasonix/internal/cli/cli.go:824.42,826.39 2 1
mimo-reasonix/internal/cli/cli.go:826.39,829.3 2 0
mimo-reasonix/internal/cli/cli.go:830.2,832.10 3 1
mimo-reasonix/internal/cli/cli.go:839.21,842.2 2 0
mimo-reasonix/internal/cli/cli.go:851.55,859.16 4 0
mimo-reasonix/internal/cli/cli.go:859.16,862.3 2 0
mimo-reasonix/internal/cli/cli.go:863.2,878.16 8 0
mimo-reasonix/internal/cli/cli.go:878.16,881.3 2 0
mimo-reasonix/internal/cli/cli.go:883.2,889.28 4 0
mimo-reasonix/internal/cli/cli.go:889.28,890.28 1 0
mimo-reasonix/internal/cli/cli.go:890.28,892.9 2 0
mimo-reasonix/internal/cli/cli.go:896.2,896.47 1 0
mimo-reasonix/internal/cli/cli.go:896.47,899.3 2 0
mimo-reasonix/internal/cli/cli.go:900.2,902.23 2 0
mimo-reasonix/internal/cli/cli.go:902.23,904.17 2 0
mimo-reasonix/internal/cli/cli.go:904.17,907.4 2 0
mimo-reasonix/internal/cli/cli.go:908.3,908.19 1 0
mimo-reasonix/internal/cli/cli.go:908.19,910.4 1 0
mimo-reasonix/internal/cli/cli.go:911.3,911.93 1 0
mimo-reasonix/internal/cli/cli.go:914.2,915.10 2 0
mimo-reasonix/internal/cli/cli.go:922.42,924.38 2 0
mimo-reasonix/internal/cli/cli.go:924.38,927.3 2 0
mimo-reasonix/internal/cli/cli.go:928.2,928.22 1 0
mimo-reasonix/internal/cli/cli.go:928.22,931.3 2 0
mimo-reasonix/internal/cli/cli.go:932.2,933.25 2 0
mimo-reasonix/internal/cli/cli.go:933.25,935.3 1 0
mimo-reasonix/internal/cli/cli.go:936.2,937.29 2 0
mimo-reasonix/internal/cli/cli.go:937.29,940.20 3 0
mimo-reasonix/internal/cli/cli.go:940.20,942.4 1 0
mimo-reasonix/internal/cli/cli.go:943.3,946.4 1 0
mimo-reasonix/internal/cli/cli.go:948.2,949.16 2 0
mimo-reasonix/internal/cli/cli.go:949.16,951.3 1 0
mimo-reasonix/internal/cli/cli.go:952.2,952.30 1 0
mimo-reasonix/internal/cli/cli.go:959.39,963.22 4 0
mimo-reasonix/internal/cli/cli.go:963.22,966.3 2 0
mimo-reasonix/internal/cli/cli.go:967.2,968.16 2 0
mimo-reasonix/internal/cli/cli.go:968.16,970.3 1 0
mimo-reasonix/internal/cli/cli.go:971.2,971.23 1 0
mimo-reasonix/internal/cli/cli.go:983.119,985.26 2 0
mimo-reasonix/internal/cli/cli.go:985.26,987.3 1 0
mimo-reasonix/internal/cli/cli.go:988.2,993.29 4 0
mimo-reasonix/internal/cli/cli.go:993.29,995.3 1 0
mimo-reasonix/internal/cli/cli.go:996.2,1002.16 6 0
mimo-reasonix/internal/cli/cli.go:1002.16,1004.3 1 0
mimo-reasonix/internal/cli/cli.go:1006.2,1007.29 2 0
mimo-reasonix/internal/cli/cli.go:1007.29,1008.13 1 0
mimo-reasonix/internal/cli/cli.go:1009.18,1011.18 2 0
mimo-reasonix/internal/cli/cli.go:1011.18,1013.13 2 0
mimo-reasonix/internal/cli/cli.go:1015.4,1016.12 2 0
mimo-reasonix/internal/cli/cli.go:1017.21,1019.18 2 0
mimo-reasonix/internal/cli/cli.go:1019.18,1021.13 2 0
mimo-reasonix/internal/cli/cli.go:1023.4,1024.12 2 0
mimo-reasonix/internal/cli/cli.go:1027.3,1042.23 7 0
mimo-reasonix/internal/cli/cli.go:1042.23,1044.12 2 0
mimo-reasonix/internal/cli/cli.go:1047.3,1048.28 2 0
mimo-reasonix/internal/cli/cli.go:1048.28,1050.4 1 0
mimo-reasonix/internal/cli/cli.go:1051.3,1052.35 2 0
mimo-reasonix/internal/cli/cli.go:1052.35,1053.12 1 0
mimo-reasonix/internal/cli/cli.go:1056.3,1057.28 2 0
mimo-reasonix/internal/cli/cli.go:1057.28,1059.4 1 0
mimo-reasonix/internal/cli/cli.go:1060.3,1061.45 2 0
mimo-reasonix/internal/cli/cli.go:1061.45,1063.4 1 0
mimo-reasonix/internal/cli/cli.go:1064.3,1064.77 1 0
mimo-reasonix/internal/cli/cli.go:1066.2,1066.21 1 0
mimo-reasonix/internal/cli/cli.go:1073.80,1076.25 3 1
mimo-reasonix/internal/cli/cli.go:1076.25,1077.46 1 1
mimo-reasonix/internal/cli/cli.go:1077.46,1078.27 1 1
mimo-reasonix/internal/cli/cli.go:1078.27,1081.5 2 1
mimo-reasonix/internal/cli/cli.go:1084.2,1084.12 1 1
mimo-reasonix/internal/cli/cli.go:1092.66,1093.63 1 0
mimo-reasonix/internal/cli/cli.go:1093.63,1096.3 2 0
mimo-reasonix/internal/cli/cli.go:1097.2,1099.87 3 0
mimo-reasonix/internal/cli/cli.go:1099.87,1101.3 1 0
mimo-reasonix/internal/cli/cli.go:1102.2,1102.45 1 0
mimo-reasonix/internal/cli/cli.go:1111.76,1113.25 2 1
mimo-reasonix/internal/cli/cli.go:1113.25,1115.3 1 1
mimo-reasonix/internal/cli/cli.go:1116.2,1119.36 4 1
mimo-reasonix/internal/cli/cli.go:1119.36,1120.22 1 1
mimo-reasonix/internal/cli/cli.go:1120.22,1122.4 1 1
mimo-reasonix/internal/cli/cli.go:1123.3,1123.16 1 1
mimo-reasonix/internal/cli/cli.go:1125.2,1126.15 2 0
mimo-reasonix/internal/cli/cli.go:1140.90,1142.16 2 1
mimo-reasonix/internal/cli/cli.go:1142.16,1144.3 1 0
mimo-reasonix/internal/cli/cli.go:1145.2,1147.31 3 1
mimo-reasonix/internal/cli/cli.go:1147.31,1149.17 2 1
mimo-reasonix/internal/cli/cli.go:1149.17,1151.4 1 1
mimo-reasonix/internal/cli/cli.go:1152.3,1153.67 2 1
mimo-reasonix/internal/cli/cli.go:1153.67,1155.4 1 1
mimo-reasonix/internal/cli/cli.go:1157.2,1157.25 1 1
mimo-reasonix/internal/cli/cli.go:1157.25,1159.3 1 1
mimo-reasonix/internal/cli/cli.go:1160.2,1160.20 1 1
mimo-reasonix/internal/cli/cli.go:1160.20,1162.3 1 1
mimo-reasonix/internal/cli/cli.go:1163.2,1163.17 1 1
mimo-reasonix/internal/cli/cli.go:1179.127,1182.28 3 1
mimo-reasonix/internal/cli/cli.go:1182.28,1184.36 2 1
mimo-reasonix/internal/cli/cli.go:1184.36,1186.4 1 1
mimo-reasonix/internal/cli/cli.go:1188.2,1190.30 3 1
mimo-reasonix/internal/cli/cli.go:1190.30,1192.10 2 1
mimo-reasonix/internal/cli/cli.go:1192.10,1194.4 1 1
mimo-reasonix/internal/cli/cli.go:1195.3,1195.37 1 1
mimo-reasonix/internal/cli/cli.go:1195.37,1197.4 1 1
mimo-reasonix/internal/cli/cli.go:1198.3,1198.42 1 1
mimo-reasonix/internal/cli/cli.go:1200.2,1201.29 2 1
mimo-reasonix/internal/cli/cli.go:1201.29,1203.3 1 1
mimo-reasonix/internal/cli/cli.go:1204.2,1204.12 1 1
mimo-reasonix/internal/cli/cli.go:1207.91,1211.69 4 1
mimo-reasonix/internal/cli/cli.go:1211.69,1213.3 1 1
mimo-reasonix/internal/cli/cli.go:1214.2,1214.14 1 1
mimo-reasonix/internal/cli/cli.go:1217.49,1218.23 1 1
mimo-reasonix/internal/cli/cli.go:1218.23,1219.13 1 1
mimo-reasonix/internal/cli/cli.go:1219.13,1221.4 1 1
mimo-reasonix/internal/cli/cli.go:1223.2,1223.14 1 1
mimo-reasonix/internal/cli/cli.go:1234.104,1235.30 1 1
mimo-reasonix/internal/cli/cli.go:1235.30,1236.47 1 1
mimo-reasonix/internal/cli/cli.go:1236.47,1238.12 2 1
mimo-reasonix/internal/cli/cli.go:1240.3,1240.53 1 1
mimo-reasonix/internal/cli/cli.go:1240.53,1242.12 2 1
mimo-reasonix/internal/cli/cli.go:1244.3,1244.25 1 1
mimo-reasonix/internal/cli/cli.go:1246.2,1246.8 1 1
mimo-reasonix/internal/cli/cli.go:1258.48,1260.46 2 1
mimo-reasonix/internal/cli/cli.go:1260.46,1262.3 1 1
mimo-reasonix/internal/cli/cli.go:1263.2,1263.16 1 1
mimo-reasonix/internal/cli/cli.go:1263.16,1266.3 2 1
mimo-reasonix/internal/cli/cli.go:1267.2,1270.25 4 1
mimo-reasonix/internal/cli/cli.go:1270.25,1271.10 1 1
mimo-reasonix/internal/cli/cli.go:1272.51,1274.20 2 1
mimo-reasonix/internal/cli/cli.go:1275.11,1276.32 1 1
mimo-reasonix/internal/cli/cli.go:1276.32,1279.5 2 1
mimo-reasonix/internal/cli/cli.go:1282.2,1283.16 2 1
mimo-reasonix/internal/cli/cli.go:1283.16,1286.3 2 1
mimo-reasonix/internal/cli/cli.go:1287.2,1287.26 1 1
mimo-reasonix/internal/cli/cli.go:1290.52,1292.39 2 1
mimo-reasonix/internal/cli/cli.go:1292.39,1293.10 1 1
mimo-reasonix/internal/cli/cli.go:1294.51,1295.12 1 1
mimo-reasonix/internal/cli/cli.go:1296.11,1297.14 1 1
mimo-reasonix/internal/cli/cli.go:1300.2,1301.16 2 1
mimo-reasonix/internal/cli/cli.go:1301.16,1303.3 1 1
mimo-reasonix/internal/cli/cli.go:1304.2,1304.26 1 1
mimo-reasonix/internal/cli/cli.go:1307.34,1309.66 2 1
mimo-reasonix/internal/cli/cli.go:1309.66,1312.3 2 1
mimo-reasonix/internal/cli/cli.go:1313.2,1313.34 1 1
mimo-reasonix/internal/cli/cli.go:1325.43,1326.9 1 1
mimo-reasonix/internal/cli/cli.go:1327.39,1328.98 1 0
mimo-reasonix/internal/cli/cli.go:1329.43,1330.106 1 1
mimo-reasonix/internal/cli/cli.go:1331.10,1332.47 1 1
mimo-reasonix/internal/cli/cli.go:1337.61,1342.16 2 0
mimo-reasonix/internal/cli/cli.go:1342.16,1344.3 1 0
mimo-reasonix/internal/cli/cli.go:1345.2,1345.20 1 0
mimo-reasonix/internal/cli/cli.go:1345.20,1347.3 1 0
mimo-reasonix/internal/cli/cli.go:1348.2,1348.38 1 0
mimo-reasonix/internal/cli/cli.go:1352.67,1354.2 1 0
mimo-reasonix/internal/cli/cli.go:1361.120,1363.19 2 1
mimo-reasonix/internal/cli/cli.go:1363.19,1365.20 2 0
mimo-reasonix/internal/cli/cli.go:1365.20,1367.4 1 0
mimo-reasonix/internal/cli/cli.go:1369.2,1370.18 2 1
mimo-reasonix/internal/cli/cli.go:1370.18,1372.3 1 1
mimo-reasonix/internal/cli/cli.go:1373.2,1373.18 1 1
mimo-reasonix/internal/cli/cli.go:1373.18,1375.3 1 1
mimo-reasonix/internal/cli/cli.go:1376.2,1376.18 1 1
mimo-reasonix/internal/cli/cli.go:1376.18,1378.3 1 0
mimo-reasonix/internal/cli/cli.go:1379.2,1380.21 2 1
mimo-reasonix/internal/cli/cli.go:1380.21,1382.3 1 0
mimo-reasonix/internal/cli/cli.go:1383.2,1388.43 3 1
mimo-reasonix/internal/cli/cli.go:1395.68,1400.19 4 0
mimo-reasonix/internal/cli/cli.go:1400.19,1402.3 1 0
mimo-reasonix/internal/cli/cli.go:1403.2,1406.18 4 0
mimo-reasonix/internal/cli/cli.go:1406.18,1408.3 1 0
mimo-reasonix/internal/cli/cli.go:1410.2,1414.36 5 0
mimo-reasonix/internal/cli/cli.go:1414.36,1415.17 1 0
mimo-reasonix/internal/cli/cli.go:1415.17,1417.4 1 0
mimo-reasonix/internal/cli/cli.go:1417.9,1419.4 1 0
mimo-reasonix/internal/cli/cli.go:1420.3,1420.69 1 0
mimo-reasonix/internal/cli/cli.go:1422.2,1425.27 3 0
mimo-reasonix/internal/cli/cli.go:1425.27,1427.3 1 0
mimo-reasonix/internal/cli/cli.go:1428.2,1429.34 2 0
mimo-reasonix/internal/cli/cli.go:1429.34,1431.3 1 0
mimo-reasonix/internal/cli/cli.go:1432.2,1433.25 2 0
mimo-reasonix/internal/cli/cli.go:1433.25,1435.3 1 0
mimo-reasonix/internal/cli/cli.go:1436.2,1441.43 3 0
mimo-reasonix/internal/cli/cli.go:1445.64,1450.16 2 0
mimo-reasonix/internal/cli/cli.go:1450.16,1452.3 1 0
mimo-reasonix/internal/cli/cli.go:1453.2,1453.20 1 0
mimo-reasonix/internal/cli/cli.go:1453.20,1455.3 1 0
mimo-reasonix/internal/cli/cli.go:1456.2,1456.41 1 0
mimo-reasonix/internal/cli/cli.go:1460.70,1462.2 1 0
mimo-reasonix/internal/cli/cli.go:1468.123,1470.19 2 0
mimo-reasonix/internal/cli/cli.go:1470.19,1472.20 2 0
mimo-reasonix/internal/cli/cli.go:1472.20,1474.4 1 0
mimo-reasonix/internal/cli/cli.go:1476.2,1476.18 1 0
mimo-reasonix/internal/cli/cli.go:1476.18,1478.3 1 0
mimo-reasonix/internal/cli/cli.go:1479.2,1479.18 1 0
mimo-reasonix/internal/cli/cli.go:1479.18,1481.3 1 0
mimo-reasonix/internal/cli/cli.go:1482.2,1482.18 1 0
mimo-reasonix/internal/cli/cli.go:1482.18,1484.3 1 0
mimo-reasonix/internal/cli/cli.go:1485.2,1486.21 2 0
mimo-reasonix/internal/cli/cli.go:1486.21,1488.3 1 0
mimo-reasonix/internal/cli/cli.go:1489.2,1494.43 3 0
mimo-reasonix/internal/cli/cli.go:1502.71,1507.19 4 0
mimo-reasonix/internal/cli/cli.go:1507.19,1509.3 1 0
mimo-reasonix/internal/cli/cli.go:1510.2,1512.18 3 0
mimo-reasonix/internal/cli/cli.go:1512.18,1514.3 1 0
mimo-reasonix/internal/cli/cli.go:1516.2,1520.36 5 0
mimo-reasonix/internal/cli/cli.go:1520.36,1521.17 1 0
mimo-reasonix/internal/cli/cli.go:1521.17,1523.4 1 0
mimo-reasonix/internal/cli/cli.go:1523.9,1525.4 1 0
mimo-reasonix/internal/cli/cli.go:1526.3,1526.72 1 0
mimo-reasonix/internal/cli/cli.go:1528.2,1531.27 3 0
mimo-reasonix/internal/cli/cli.go:1531.27,1533.3 1 0
mimo-reasonix/internal/cli/cli.go:1534.2,1535.34 2 0
mimo-reasonix/internal/cli/cli.go:1535.34,1537.3 1 0
mimo-reasonix/internal/cli/cli.go:1538.2,1539.25 2 0
mimo-reasonix/internal/cli/cli.go:1539.25,1541.3 1 0
mimo-reasonix/internal/cli/cli.go:1542.2,1547.43 3 0
mimo-reasonix/internal/cli/cli.go:1550.110,1554.30 4 1
mimo-reasonix/internal/cli/cli.go:1554.30,1556.39 2 1
mimo-reasonix/internal/cli/cli.go:1556.39,1559.4 2 1
mimo-reasonix/internal/cli/cli.go:1560.3,1560.45 1 1
mimo-reasonix/internal/cli/cli.go:1562.2,1562.29 1 1
mimo-reasonix/internal/cli/cli.go:1571.83,1573.2 1 1
mimo-reasonix/internal/cli/cli.go:1575.118,1577.30 2 1
mimo-reasonix/internal/cli/cli.go:1577.30,1579.3 1 1
mimo-reasonix/internal/cli/cli.go:1580.2,1583.40 4 1
mimo-reasonix/internal/cli/cli.go:1583.40,1584.25 1 1
mimo-reasonix/internal/cli/cli.go:1584.25,1586.4 1 1
mimo-reasonix/internal/cli/cli.go:1588.2,1588.18 1 1
mimo-reasonix/internal/cli/cli.go:1596.74,1597.16 1 1
mimo-reasonix/internal/cli/cli.go:1597.16,1599.3 1 0
mimo-reasonix/internal/cli/cli.go:1600.2,1605.70 2 1
mimo-reasonix/internal/cli/cli.go:1605.70,1607.3 1 1
mimo-reasonix/internal/cli/cli.go:1608.2,1608.39 1 1
mimo-reasonix/internal/cli/cli.go:1608.39,1610.45 2 1
mimo-reasonix/internal/cli/cli.go:1610.45,1612.4 1 1
mimo-reasonix/internal/cli/cli.go:1613.3,1614.28 2 1
mimo-reasonix/internal/cli/cli.go:1614.28,1616.4 1 1
mimo-reasonix/internal/cli/cli.go:1619.2,1621.27 3 1
mimo-reasonix/internal/cli/cli.go:1621.27,1623.16 2 1
mimo-reasonix/internal/cli/cli.go:1623.16,1624.12 1 1
mimo-reasonix/internal/cli/cli.go:1626.3,1627.84 2 1
mimo-reasonix/internal/cli/cli.go:1627.84,1628.12 1 1
mimo-reasonix/internal/cli/cli.go:1630.3,1631.24 2 1
mimo-reasonix/internal/cli/cli.go:1633.2,1633.12 1 1
mimo-reasonix/internal/cli/cli.go:1643.88,1649.29 5 1
mimo-reasonix/internal/cli/cli.go:1649.29,1650.45 1 1
mimo-reasonix/internal/cli/cli.go:1650.45,1651.12 1 1
mimo-reasonix/internal/cli/cli.go:1653.3,1655.47 2 1
mimo-reasonix/internal/cli/cli.go:1655.47,1657.36 2 1
mimo-reasonix/internal/cli/cli.go:1657.36,1658.59 1 1
mimo-reasonix/internal/cli/cli.go:1658.59,1660.14 2 1
mimo-reasonix/internal/cli/cli.go:1663.4,1665.12 3 1
mimo-reasonix/internal/cli/cli.go:1668.3,1668.57 1 1
mimo-reasonix/internal/cli/cli.go:1668.57,1670.4 1 1
mimo-reasonix/internal/cli/cli.go:1672.2,1672.17 1 1
mimo-reasonix/internal/cli/cli.go:1676.68,1677.15 1 1
mimo-reasonix/internal/cli/cli.go:1677.15,1679.3 1 1
mimo-reasonix/internal/cli/cli.go:1679.8,1681.3 1 1
mimo-reasonix/internal/cli/cli.go:1682.2,1682.16 1 1
mimo-reasonix/internal/cli/cli.go:1682.16,1684.3 1 1
mimo-reasonix/internal/cli/cli.go:1685.2,1685.48 1 1
mimo-reasonix/internal/cli/cli.go:1685.48,1687.3 1 1
mimo-reasonix/internal/cli/cli.go:1688.2,1688.12 1 1
mimo-reasonix/internal/cli/cli.go:1694.27,1696.2 1 0
mimo-reasonix/internal/cli/cli.go:1698.29,1700.2 1 1
mimo-reasonix/internal/cli/cli.go:1708.51,1710.26 2 1
mimo-reasonix/internal/cli/cli.go:1710.26,1711.42 1 1
mimo-reasonix/internal/cli/cli.go:1711.42,1713.4 1 1
mimo-reasonix/internal/cli/cli.go:1716.2,1717.48 2 1
mimo-reasonix/internal/cli/cli.go:1717.48,1718.57 1 1
mimo-reasonix/internal/cli/cli.go:1718.57,1721.79 3 1
mimo-reasonix/internal/cli/cli.go:1721.79,1722.13 1 1
mimo-reasonix/internal/cli/cli.go:1724.4,1724.28 1 1
mimo-reasonix/internal/cli/cli.go:1728.3,1728.47 1 1
mimo-reasonix/internal/cli/cli.go:1728.47,1730.4 1 1
mimo-reasonix/internal/cli/cli.go:1731.8,1731.32 1 0
mimo-reasonix/internal/cli/cli.go:1731.32,1733.3 1 0
mimo-reasonix/internal/cli/cli.go:1735.2,1736.25 2 1
mimo-reasonix/internal/cli/cli.go:1736.25,1739.3 2 1
mimo-reasonix/internal/cli/cli.go:1740.2,1740.26 1 1
mimo-reasonix/internal/cli/cli.go:1740.26,1743.42 3 1
mimo-reasonix/internal/cli/cli.go:1743.42,1745.4 1 1
mimo-reasonix/internal/cli/cli.go:1747.2,1747.56 1 1
mimo-reasonix/internal/cli/cli.go:1747.56,1748.49 1 1
mimo-reasonix/internal/cli/cli.go:1748.49,1750.4 1 0
mimo-reasonix/internal/cli/cli.go:1752.2,1752.54 1 1
mimo-reasonix/internal/cli/cli.go:1756.25,1758.54 2 0
mimo-reasonix/internal/cli/cli.go:1758.54,1760.3 1 0
mimo-reasonix/internal/cli/cli.go:1761.2,1762.40 2 0
mimo-reasonix/internal/cli/cli.go:1765.14,1767.2 1 1
mimo-reasonix/internal/cli/cli.go:1769.39,1770.20 1 1
mimo-reasonix/internal/cli/cli.go:1770.20,1773.3 2 0
mimo-reasonix/internal/cli/cli.go:1774.2,1774.17 1 1
mimo-reasonix/internal/cli/cli.go:1775.19,1776.41 1 1
mimo-reasonix/internal/cli/cli.go:1777.19,1778.41 1 1
mimo-reasonix/internal/cli/cli.go:1779.28,1780.50 1 1
mimo-reasonix/internal/cli/cli.go:1781.10,1783.11 2 0
mimo-reasonix/internal/cli/cli.go:1787.47,1790.39 3 1
mimo-reasonix/internal/cli/cli.go:1790.39,1792.3 1 0
mimo-reasonix/internal/cli/cli.go:1793.2,1793.12 1 1
mimo-reasonix/internal/cli/cli.go:1793.12,1796.3 2 1
mimo-reasonix/internal/cli/cli.go:1797.2,1798.19 2 1
mimo-reasonix/internal/cli/cli.go:1798.19,1801.3 2 0
mimo-reasonix/internal/cli/cli.go:1802.2,1802.20 1 1
mimo-reasonix/internal/cli/cli.go:1802.20,1804.17 2 0
mimo-reasonix/internal/cli/cli.go:1804.17,1807.4 2 0
mimo-reasonix/internal/cli/cli.go:1808.3,1811.11 4 0
mimo-reasonix/internal/cli/cli.go:1813.2,1814.16 2 1
mimo-reasonix/internal/cli/cli.go:1814.16,1817.3 2 0
mimo-reasonix/internal/cli/cli.go:1818.2,1819.49 2 1
mimo-reasonix/internal/cli/cli.go:1819.49,1822.3 2 0
mimo-reasonix/internal/cli/cli.go:1823.2,1823.41 1 1
mimo-reasonix/internal/cli/cli.go:1823.41,1826.3 2 0
mimo-reasonix/internal/cli/cli.go:1827.2,1828.10 2 1
mimo-reasonix/internal/cli/cli.go:1831.47,1834.39 3 1
mimo-reasonix/internal/cli/cli.go:1834.39,1836.3 1 0
mimo-reasonix/internal/cli/cli.go:1837.2,1837.12 1 1
mimo-reasonix/internal/cli/cli.go:1837.12,1840.3 2 1
mimo-reasonix/internal/cli/cli.go:1841.2,1842.19 2 1
mimo-reasonix/internal/cli/cli.go:1842.19,1845.3 2 0
mimo-reasonix/internal/cli/cli.go:1846.2,1846.60 1 1
mimo-reasonix/internal/cli/cli.go:1846.60,1848.17 2 1
mimo-reasonix/internal/cli/cli.go:1848.17,1851.4 2 0
mimo-reasonix/internal/cli/cli.go:1852.3,1853.11 2 1
mimo-reasonix/internal/cli/cli.go:1855.2,1856.16 2 1
mimo-reasonix/internal/cli/cli.go:1856.16,1859.3 2 0
mimo-reasonix/internal/cli/cli.go:1860.2,1861.16 2 1
mimo-reasonix/internal/cli/cli.go:1861.16,1864.3 2 0
mimo-reasonix/internal/cli/cli.go:1865.2,1866.62 2 1
mimo-reasonix/internal/cli/cli.go:1866.62,1869.3 2 0
mimo-reasonix/internal/cli/cli.go:1870.2,1870.41 1 1
mimo-reasonix/internal/cli/cli.go:1870.41,1873.3 2 0
mimo-reasonix/internal/cli/cli.go:1874.2,1875.10 2 1
mimo-reasonix/internal/cli/cli.go:1878.56,1881.39 3 1
mimo-reasonix/internal/cli/cli.go:1881.39,1883.3 1 0
mimo-reasonix/internal/cli/cli.go:1884.2,1885.19 2 1
mimo-reasonix/internal/cli/cli.go:1885.19,1888.3 2 0
mimo-reasonix/internal/cli/cli.go:1889.2,1889.20 1 1
mimo-reasonix/internal/cli/cli.go:1889.20,1891.17 2 0
mimo-reasonix/internal/cli/cli.go:1891.17,1894.4 2 0
mimo-reasonix/internal/cli/cli.go:1895.3,1896.11 2 0
mimo-reasonix/internal/cli/cli.go:1898.2,1899.16 2 1
mimo-reasonix/internal/cli/cli.go:1899.16,1902.3 2 1
mimo-reasonix/internal/cli/cli.go:1903.2,1904.12 2 1
mimo-reasonix/internal/cli/cli.go:1904.12,1906.3 1 1
mimo-reasonix/internal/cli/cli.go:1907.2,1907.16 1 1
mimo-reasonix/internal/cli/cli.go:1907.16,1910.3 2 0
mimo-reasonix/internal/cli/cli.go:1911.2,1911.12 1 1
mimo-reasonix/internal/cli/cli.go:1911.12,1912.62 1 1
mimo-reasonix/internal/cli/cli.go:1912.62,1914.18 2 1
mimo-reasonix/internal/cli/cli.go:1914.18,1917.5 2 0
mimo-reasonix/internal/cli/cli.go:1918.4,1919.12 2 1
mimo-reasonix/internal/cli/cli.go:1920.9,1920.24 1 0
mimo-reasonix/internal/cli/cli.go:1920.24,1923.4 2 0
mimo-reasonix/internal/cli/cli.go:1925.2,1926.55 2 1
mimo-reasonix/internal/cli/cli.go:1926.55,1929.3 2 0
mimo-reasonix/internal/cli/cli.go:1930.2,1930.41 1 1
mimo-reasonix/internal/cli/cli.go:1930.41,1933.3 2 0
mimo-reasonix/internal/cli/cli.go:1934.2,1935.10 2 1
mimo-reasonix/internal/cli/cli.go:1938.20,1944.2 1 0
mimo-reasonix/internal/cli/cli.go:1946.28,1950.2 1 0
mimo-reasonix/internal/cli/cli.go:1952.28,1956.2 1 0
mimo-reasonix/internal/cli/cli.go:1958.37,1962.2 1 0
mimo-reasonix/internal/cli/complete.go:62.43,101.31 2 1
mimo-reasonix/internal/cli/complete.go:101.31,103.3 1 1
mimo-reasonix/internal/cli/complete.go:104.2,104.29 1 1
mimo-reasonix/internal/cli/complete.go:104.29,106.35 2 1
mimo-reasonix/internal/cli/complete.go:106.35,108.4 1 1
mimo-reasonix/internal/cli/complete.go:109.3,109.95 1 1
mimo-reasonix/internal/cli/complete.go:111.2,111.32 1 1
mimo-reasonix/internal/cli/complete.go:111.32,113.3 1 0
mimo-reasonix/internal/cli/complete.go:114.2,114.14 1 1
mimo-reasonix/internal/cli/complete.go:120.38,125.45 2 1
mimo-reasonix/internal/cli/complete.go:125.45,126.48 1 0
mimo-reasonix/internal/cli/complete.go:126.48,129.4 2 0
mimo-reasonix/internal/cli/complete.go:132.2,132.33 1 1
mimo-reasonix/internal/cli/complete.go:132.33,133.78 1 1
mimo-reasonix/internal/cli/complete.go:133.78,136.4 2 1
mimo-reasonix/internal/cli/complete.go:137.3,137.41 1 1
mimo-reasonix/internal/cli/complete.go:137.41,139.70 1 1
mimo-reasonix/internal/cli/complete.go:139.70,142.5 2 1
mimo-reasonix/internal/cli/complete.go:143.9,143.40 1 1
mimo-reasonix/internal/cli/complete.go:143.40,146.4 2 1
mimo-reasonix/internal/cli/complete.go:146.9,146.75 1 1
mimo-reasonix/internal/cli/complete.go:146.75,150.4 2 1
mimo-reasonix/internal/cli/complete.go:153.2,153.29 1 1
mimo-reasonix/internal/cli/complete.go:162.69,163.50 1 1
mimo-reasonix/internal/cli/complete.go:163.50,165.3 1 1
mimo-reasonix/internal/cli/complete.go:166.2,166.50 1 1
mimo-reasonix/internal/cli/complete.go:166.50,168.3 1 1
mimo-reasonix/internal/cli/complete.go:169.2,169.49 1 1
mimo-reasonix/internal/cli/complete.go:169.49,171.3 1 1
mimo-reasonix/internal/cli/complete.go:176.2,177.21 2 1
mimo-reasonix/internal/cli/complete.go:177.21,179.3 1 1
mimo-reasonix/internal/cli/complete.go:180.2,180.45 1 1
mimo-reasonix/internal/cli/complete.go:183.50,185.66 2 1
mimo-reasonix/internal/cli/complete.go:185.66,187.3 1 0
mimo-reasonix/internal/cli/complete.go:188.2,195.19 2 1
mimo-reasonix/internal/cli/complete.go:195.19,199.3 3 0
mimo-reasonix/internal/cli/complete.go:200.2,200.19 1 1
mimo-reasonix/internal/cli/complete.go:200.19,202.3 1 0
mimo-reasonix/internal/cli/complete.go:203.2,203.13 1 1
mimo-reasonix/internal/cli/complete.go:206.79,208.9 2 1
mimo-reasonix/internal/cli/complete.go:208.9,210.3 1 1
mimo-reasonix/internal/cli/complete.go:211.2,211.13 1 1
mimo-reasonix/internal/cli/complete.go:212.35,212.35 0 1
mimo-reasonix/internal/cli/complete.go:213.10,214.23 1 0
mimo-reasonix/internal/cli/complete.go:216.2,217.21 2 1
mimo-reasonix/internal/cli/complete.go:217.21,219.3 1 0
mimo-reasonix/internal/cli/complete.go:220.2,221.21 2 1
mimo-reasonix/internal/cli/complete.go:221.21,223.3 1 1
mimo-reasonix/internal/cli/complete.go:224.2,224.28 1 1
mimo-reasonix/internal/cli/complete.go:227.56,228.78 1 1
mimo-reasonix/internal/cli/complete.go:228.78,230.3 1 1
mimo-reasonix/internal/cli/complete.go:231.2,232.22 2 1
mimo-reasonix/internal/cli/complete.go:232.22,234.3 1 1
mimo-reasonix/internal/cli/complete.go:235.2,235.19 1 1
mimo-reasonix/internal/cli/complete.go:236.35,237.14 1 1
mimo-reasonix/internal/cli/complete.go:238.10,239.15 1 1
mimo-reasonix/internal/cli/complete.go:243.62,245.27 2 1
mimo-reasonix/internal/cli/complete.go:245.27,247.3 1 1
mimo-reasonix/internal/cli/complete.go:248.2,248.12 1 1
mimo-reasonix/internal/cli/complete.go:251.70,253.45 2 1
mimo-reasonix/internal/cli/complete.go:253.45,255.3 1 1
mimo-reasonix/internal/cli/complete.go:256.2,258.38 3 1
mimo-reasonix/internal/cli/complete.go:258.38,260.3 1 0
mimo-reasonix/internal/cli/complete.go:261.2,262.16 2 1
mimo-reasonix/internal/cli/complete.go:262.16,264.3 1 0
mimo-reasonix/internal/cli/complete.go:265.2,267.29 3 1
mimo-reasonix/internal/cli/complete.go:267.29,270.53 2 1
mimo-reasonix/internal/cli/complete.go:270.53,271.12 1 1
mimo-reasonix/internal/cli/complete.go:273.3,274.17 2 1
mimo-reasonix/internal/cli/complete.go:274.17,276.4 1 0
mimo-reasonix/internal/cli/complete.go:277.3,277.17 1 1
mimo-reasonix/internal/cli/complete.go:277.17,279.4 1 1
mimo-reasonix/internal/cli/complete.go:280.3,280.71 1 1
mimo-reasonix/internal/cli/complete.go:282.2,282.24 1 1
mimo-reasonix/internal/cli/complete.go:287.83,289.87 2 1
mimo-reasonix/internal/cli/complete.go:289.87,291.3 1 1
mimo-reasonix/internal/cli/complete.go:292.2,292.103 1 1
mimo-reasonix/internal/cli/complete.go:301.66,302.17 1 1
mimo-reasonix/internal/cli/complete.go:302.17,306.3 3 0
mimo-reasonix/internal/cli/complete.go:307.2,309.27 3 1
mimo-reasonix/internal/cli/complete.go:309.27,311.10 2 1
mimo-reasonix/internal/cli/complete.go:312.33,313.31 1 1
mimo-reasonix/internal/cli/complete.go:314.32,315.27 1 1
mimo-reasonix/internal/cli/complete.go:318.2,318.40 1 1
mimo-reasonix/internal/cli/complete.go:318.40,320.3 1 1
mimo-reasonix/internal/cli/complete.go:321.2,324.12 4 1
mimo-reasonix/internal/cli/complete.go:334.50,335.17 1 1
mimo-reasonix/internal/cli/complete.go:335.17,337.3 1 1
mimo-reasonix/internal/cli/complete.go:338.2,340.27 3 1
mimo-reasonix/internal/cli/complete.go:340.27,341.18 1 1
mimo-reasonix/internal/cli/complete.go:341.18,343.21 2 1
mimo-reasonix/internal/cli/complete.go:343.21,345.5 1 1
mimo-reasonix/internal/cli/complete.go:348.2,348.14 1 1
mimo-reasonix/internal/cli/complete.go:354.52,355.37 1 1
mimo-reasonix/internal/cli/complete.go:355.37,356.17 1 1
mimo-reasonix/internal/cli/complete.go:357.24,358.23 1 1
mimo-reasonix/internal/cli/complete.go:359.12,360.73 1 1
mimo-reasonix/internal/cli/complete.go:360.73,362.5 1 1
mimo-reasonix/internal/cli/complete.go:363.4,363.23 1 1
mimo-reasonix/internal/cli/complete.go:366.2,366.21 1 1
mimo-reasonix/internal/cli/complete.go:373.52,374.71 1 0
mimo-reasonix/internal/cli/complete.go:374.71,376.3 1 0
mimo-reasonix/internal/cli/complete.go:377.2,377.27 1 0
mimo-reasonix/internal/cli/complete.go:384.54,387.19 3 1
mimo-reasonix/internal/cli/complete.go:387.19,389.3 1 1
mimo-reasonix/internal/cli/complete.go:390.2,391.25 2 1
mimo-reasonix/internal/cli/complete.go:391.25,392.20 1 1
mimo-reasonix/internal/cli/complete.go:392.20,394.4 1 0
mimo-reasonix/internal/cli/complete.go:394.9,394.38 1 1
mimo-reasonix/internal/cli/complete.go:394.38,396.4 1 1
mimo-reasonix/internal/cli/complete.go:397.8,397.26 1 1
mimo-reasonix/internal/cli/complete.go:397.26,399.3 1 1
mimo-reasonix/internal/cli/complete.go:400.2,401.16 2 1
mimo-reasonix/internal/cli/complete.go:401.16,403.3 1 0
mimo-reasonix/internal/cli/complete.go:405.2,405.48 1 1
mimo-reasonix/internal/cli/complete.go:405.48,407.3 1 1
mimo-reasonix/internal/cli/complete.go:409.2,411.28 3 1
mimo-reasonix/internal/cli/complete.go:411.28,413.37 2 1
mimo-reasonix/internal/cli/complete.go:413.37,414.12 1 1
mimo-reasonix/internal/cli/complete.go:416.3,416.50 1 1
mimo-reasonix/internal/cli/complete.go:416.50,417.12 1 1
mimo-reasonix/internal/cli/complete.go:419.3,419.16 1 1
mimo-reasonix/internal/cli/complete.go:419.16,421.4 1 1
mimo-reasonix/internal/cli/complete.go:421.9,423.4 1 1
mimo-reasonix/internal/cli/complete.go:424.3,424.33 1 1
mimo-reasonix/internal/cli/complete.go:424.33,425.9 1 1
mimo-reasonix/internal/cli/complete.go:431.2,431.35 1 1
mimo-reasonix/internal/cli/complete.go:431.35,433.28 2 1
mimo-reasonix/internal/cli/complete.go:433.28,435.4 1 1
mimo-reasonix/internal/cli/complete.go:436.3,437.37 2 1
mimo-reasonix/internal/cli/complete.go:437.37,439.4 1 1
mimo-reasonix/internal/cli/complete.go:440.3,441.31 2 1
mimo-reasonix/internal/cli/complete.go:441.31,443.4 1 1
mimo-reasonix/internal/cli/complete.go:444.3,444.32 1 1
mimo-reasonix/internal/cli/complete.go:444.32,445.18 1 1
mimo-reasonix/internal/cli/complete.go:445.18,446.13 1 0
mimo-reasonix/internal/cli/complete.go:448.4,449.34 2 1
mimo-reasonix/internal/cli/complete.go:449.34,450.10 1 0
mimo-reasonix/internal/cli/complete.go:453.3,453.55 1 1
mimo-reasonix/internal/cli/complete.go:455.2,455.14 1 1
mimo-reasonix/internal/cli/complete.go:460.56,461.30 1 1
mimo-reasonix/internal/cli/complete.go:461.30,463.3 1 1
mimo-reasonix/internal/cli/complete.go:464.2,464.42 1 1
mimo-reasonix/internal/cli/complete.go:464.42,466.3 1 0
mimo-reasonix/internal/cli/complete.go:467.2,468.19 2 1
mimo-reasonix/internal/cli/complete.go:468.19,469.45 1 0
mimo-reasonix/internal/cli/complete.go:469.45,471.4 1 0
mimo-reasonix/internal/cli/complete.go:473.2,475.28 3 1
mimo-reasonix/internal/cli/complete.go:475.28,477.3 1 1
mimo-reasonix/internal/cli/complete.go:478.2,479.14 2 1
mimo-reasonix/internal/cli/complete.go:484.54,485.48 1 1
mimo-reasonix/internal/cli/complete.go:485.48,487.3 1 1
mimo-reasonix/internal/cli/complete.go:488.2,488.18 1 1
mimo-reasonix/internal/cli/complete.go:492.49,493.19 1 0
mimo-reasonix/internal/cli/complete.go:493.19,495.3 1 0
mimo-reasonix/internal/cli/complete.go:496.2,496.41 1 0
mimo-reasonix/internal/cli/complete.go:496.41,497.16 1 0
mimo-reasonix/internal/cli/complete.go:497.16,499.4 1 0
mimo-reasonix/internal/cli/complete.go:501.2,501.14 1 0
mimo-reasonix/internal/cli/complete.go:507.65,508.19 1 1
mimo-reasonix/internal/cli/complete.go:508.19,510.3 1 1
mimo-reasonix/internal/cli/complete.go:511.2,512.39 2 0
mimo-reasonix/internal/cli/complete.go:512.39,514.10 2 0
mimo-reasonix/internal/cli/complete.go:515.21,516.37 1 0
mimo-reasonix/internal/cli/complete.go:516.37,517.13 1 0
mimo-reasonix/internal/cli/complete.go:519.27,520.39 1 0
mimo-reasonix/internal/cli/complete.go:520.39,521.13 1 0
mimo-reasonix/internal/cli/complete.go:523.11,524.12 1 0
mimo-reasonix/internal/cli/complete.go:526.3,527.18 2 0
mimo-reasonix/internal/cli/complete.go:527.18,529.4 1 0
mimo-reasonix/internal/cli/complete.go:530.3,530.84 1 0
mimo-reasonix/internal/cli/complete.go:532.2,532.14 1 0
mimo-reasonix/internal/cli/complete.go:536.45,538.12 2 1
mimo-reasonix/internal/cli/complete.go:538.12,540.3 1 0
mimo-reasonix/internal/cli/complete.go:541.2,541.57 1 1
mimo-reasonix/internal/cli/complete.go:544.47,545.73 1 1
mimo-reasonix/internal/cli/complete.go:545.73,547.3 1 0
mimo-reasonix/internal/cli/complete.go:548.2,549.58 2 1
mimo-reasonix/internal/cli/complete.go:552.55,553.44 1 1
mimo-reasonix/internal/cli/complete.go:554.25,555.14 1 0
mimo-reasonix/internal/cli/complete.go:556.10,557.15 1 1
mimo-reasonix/internal/cli/complete.go:561.58,562.73 1 1
mimo-reasonix/internal/cli/complete.go:562.73,564.3 1 0
mimo-reasonix/internal/cli/complete.go:565.2,566.41 2 1
mimo-reasonix/internal/cli/complete.go:566.41,568.3 1 0
mimo-reasonix/internal/cli/complete.go:569.2,569.86 1 1
mimo-reasonix/internal/cli/complete.go:575.38,576.49 1 1
mimo-reasonix/internal/cli/complete.go:576.49,579.3 2 0
mimo-reasonix/internal/cli/complete.go:580.2,583.19 4 1
mimo-reasonix/internal/cli/complete.go:583.19,585.3 1 0
mimo-reasonix/internal/cli/complete.go:586.2,588.53 3 1
mimo-reasonix/internal/cli/complete.go:588.53,591.3 2 1
mimo-reasonix/internal/cli/complete.go:592.2,596.57 2 1
mimo-reasonix/internal/cli/complete.go:596.57,598.42 2 1
mimo-reasonix/internal/cli/complete.go:598.42,600.4 1 1
mimo-reasonix/internal/cli/complete.go:612.48,614.14 2 1
mimo-reasonix/internal/cli/complete.go:614.14,616.3 1 0
mimo-reasonix/internal/cli/complete.go:617.2,617.51 1 1
mimo-reasonix/internal/cli/complete.go:626.44,627.58 1 1
mimo-reasonix/internal/cli/complete.go:627.58,629.3 1 1
mimo-reasonix/internal/cli/complete.go:630.2,632.30 3 1
mimo-reasonix/internal/cli/complete.go:632.30,634.16 2 0
mimo-reasonix/internal/cli/complete.go:634.16,636.4 1 0
mimo-reasonix/internal/cli/complete.go:637.3,637.37 1 0
mimo-reasonix/internal/cli/complete.go:637.37,639.4 1 0
mimo-reasonix/internal/cli/complete.go:641.2,642.22 2 1
mimo-reasonix/internal/cli/complete.go:642.22,644.3 1 1
mimo-reasonix/internal/cli/complete.go:646.2,647.31 2 1
mimo-reasonix/internal/cli/complete.go:647.31,650.28 3 1
mimo-reasonix/internal/cli/complete.go:650.28,652.4 1 1
mimo-reasonix/internal/cli/complete.go:652.9,654.4 1 1
mimo-reasonix/internal/cli/complete.go:655.3,655.20 1 1
mimo-reasonix/internal/cli/complete.go:655.20,657.4 1 1
mimo-reasonix/internal/cli/complete.go:658.3,659.20 2 1
mimo-reasonix/internal/cli/complete.go:663.2,664.33 2 1
mimo-reasonix/internal/cli/complete.go:664.33,666.3 1 0
mimo-reasonix/internal/cli/complete.go:667.2,668.19 2 1
mimo-reasonix/internal/cli/copy_picker.go:19.36,22.21 3 1
mimo-reasonix/internal/cli/copy_picker.go:22.21,25.3 2 0
mimo-reasonix/internal/cli/copy_picker.go:27.2,27.54 1 1
mimo-reasonix/internal/cli/copy_picker.go:27.54,29.3 1 1
mimo-reasonix/internal/cli/copy_picker.go:30.2,30.48 1 1
mimo-reasonix/internal/cli/copy_picker.go:33.80,35.14 2 1
mimo-reasonix/internal/cli/copy_picker.go:35.14,37.3 1 0
mimo-reasonix/internal/cli/copy_picker.go:38.2,38.22 1 1
mimo-reasonix/internal/cli/copy_picker.go:39.17,40.16 1 0
mimo-reasonix/internal/cli/copy_picker.go:40.16,42.4 1 0
mimo-reasonix/internal/cli/copy_picker.go:43.19,44.29 1 1
mimo-reasonix/internal/cli/copy_picker.go:44.29,46.4 1 1
mimo-reasonix/internal/cli/copy_picker.go:47.15,48.27 1 1
mimo-reasonix/internal/cli/copy_picker.go:49.13,50.19 1 0
mimo-reasonix/internal/cli/copy_picker.go:52.2,52.15 1 1
mimo-reasonix/internal/cli/copy_picker.go:55.55,57.52 2 1
mimo-reasonix/internal/cli/copy_picker.go:57.52,59.3 1 0
mimo-reasonix/internal/cli/copy_picker.go:60.2,63.33 4 1
mimo-reasonix/internal/cli/copy_picker.go:66.44,68.14 2 1
mimo-reasonix/internal/cli/copy_picker.go:68.14,70.3 1 1
mimo-reasonix/internal/cli/copy_picker.go:71.2,74.31 4 0
mimo-reasonix/internal/cli/copy_picker.go:74.31,76.3 1 0
mimo-reasonix/internal/cli/copy_picker.go:77.2,78.53 2 0
mimo-reasonix/internal/cli/diffview.go:41.40,43.17 2 1
mimo-reasonix/internal/cli/diffview.go:43.17,45.3 1 1
mimo-reasonix/internal/cli/diffview.go:46.2,46.19 1 1
mimo-reasonix/internal/cli/diffview.go:46.19,48.3 1 1
mimo-reasonix/internal/cli/diffview.go:49.2,49.33 1 1
mimo-reasonix/internal/cli/diffview.go:52.35,58.2 3 1
mimo-reasonix/internal/cli/diffview.go:62.83,63.18 1 1
mimo-reasonix/internal/cli/diffview.go:63.18,65.3 1 1
mimo-reasonix/internal/cli/diffview.go:66.2,68.37 3 1
mimo-reasonix/internal/cli/diffview.go:68.37,70.3 1 1
mimo-reasonix/internal/cli/diffview.go:71.2,71.72 1 1
mimo-reasonix/internal/cli/diffview.go:77.76,78.18 1 1
mimo-reasonix/internal/cli/diffview.go:78.18,80.3 1 0
mimo-reasonix/internal/cli/diffview.go:81.2,85.93 2 1
mimo-reasonix/internal/cli/diffview.go:85.93,87.3 1 1
mimo-reasonix/internal/cli/diffview.go:88.2,92.25 4 1
mimo-reasonix/internal/cli/diffview.go:92.25,93.15 1 1
mimo-reasonix/internal/cli/diffview.go:93.15,94.12 1 0
mimo-reasonix/internal/cli/diffview.go:96.3,96.16 1 1
mimo-reasonix/internal/cli/diffview.go:97.12,98.52 1 1
mimo-reasonix/internal/cli/diffview.go:98.52,100.5 1 1
mimo-reasonix/internal/cli/diffview.go:101.4,101.17 1 1
mimo-reasonix/internal/cli/diffview.go:101.17,103.5 1 0
mimo-reasonix/internal/cli/diffview.go:104.4,104.11 1 1
mimo-reasonix/internal/cli/diffview.go:105.12,107.11 2 1
mimo-reasonix/internal/cli/diffview.go:108.12,110.11 2 1
mimo-reasonix/internal/cli/diffview.go:111.13,112.58 1 0
mimo-reasonix/internal/cli/diffview.go:113.11,115.20 2 0
mimo-reasonix/internal/cli/diffview.go:115.20,117.5 1 0
mimo-reasonix/internal/cli/diffview.go:118.4,120.11 3 0
mimo-reasonix/internal/cli/diffview.go:124.2,124.42 1 1
mimo-reasonix/internal/cli/diffview.go:124.42,128.3 3 1
mimo-reasonix/internal/cli/diffview.go:129.2,129.13 1 1
mimo-reasonix/internal/cli/diffview.go:135.97,138.14 3 1
mimo-reasonix/internal/cli/diffview.go:138.14,140.3 1 1
mimo-reasonix/internal/cli/diffview.go:141.2,142.19 2 1
mimo-reasonix/internal/cli/diffview.go:142.19,144.3 1 1
mimo-reasonix/internal/cli/diffview.go:145.2,147.13 3 1
mimo-reasonix/internal/cli/diffview.go:147.13,149.3 1 0
mimo-reasonix/internal/cli/diffview.go:150.2,150.124 1 1
mimo-reasonix/internal/cli/diffview.go:155.67,158.2 2 0
mimo-reasonix/internal/cli/diffview.go:160.38,162.27 2 1
mimo-reasonix/internal/cli/diffview.go:162.27,164.15 2 1
mimo-reasonix/internal/cli/diffview.go:164.15,165.12 1 1
mimo-reasonix/internal/cli/diffview.go:167.3,167.46 1 1
mimo-reasonix/internal/cli/diffview.go:167.46,169.21 2 1
mimo-reasonix/internal/cli/diffview.go:169.21,171.5 1 1
mimo-reasonix/internal/cli/diffview.go:171.10,173.5 1 1
mimo-reasonix/internal/cli/diffview.go:174.4,174.17 1 1
mimo-reasonix/internal/cli/diffview.go:174.17,176.5 1 1
mimo-reasonix/internal/cli/diffview.go:179.2,179.40 1 1
mimo-reasonix/internal/cli/diffview.go:179.40,181.3 1 0
mimo-reasonix/internal/cli/diffview.go:182.2,182.10 1 1
mimo-reasonix/internal/cli/diffview.go:185.35,186.17 1 1
mimo-reasonix/internal/cli/diffview.go:186.17,188.3 1 0
mimo-reasonix/internal/cli/diffview.go:189.2,189.42 1 1
mimo-reasonix/internal/cli/diffview.go:192.25,195.2 2 1
mimo-reasonix/internal/cli/diffview.go:197.56,199.19 2 0
mimo-reasonix/internal/cli/diffview.go:199.19,201.3 1 0
mimo-reasonix/internal/cli/diffview.go:202.2,202.31 1 0
mimo-reasonix/internal/cli/diffview.go:205.41,206.11 1 1
mimo-reasonix/internal/cli/diffview.go:206.11,208.3 1 1
mimo-reasonix/internal/cli/diffview.go:209.2,209.44 1 1
mimo-reasonix/internal/cli/diffview.go:216.34,217.36 1 1
mimo-reasonix/internal/cli/diffview.go:217.36,219.3 1 1
mimo-reasonix/internal/cli/diffview.go:220.2,222.22 3 1
mimo-reasonix/internal/cli/diffview.go:222.22,223.16 1 1
mimo-reasonix/internal/cli/diffview.go:223.16,225.27 2 1
mimo-reasonix/internal/cli/diffview.go:225.27,227.5 1 1
mimo-reasonix/internal/cli/diffview.go:228.4,229.12 2 1
mimo-reasonix/internal/cli/diffview.go:231.3,232.8 2 1
mimo-reasonix/internal/cli/diffview.go:234.2,234.19 1 1
mimo-reasonix/internal/cli/diffview.go:237.37,238.13 1 1
mimo-reasonix/internal/cli/diffview.go:238.13,240.3 1 0
mimo-reasonix/internal/cli/diffview.go:241.2,241.55 1 1
mimo-reasonix/internal/cli/diffview.go:247.46,248.16 1 1
mimo-reasonix/internal/cli/diffview.go:248.16,250.3 1 0
mimo-reasonix/internal/cli/diffview.go:251.2,252.18 2 1
mimo-reasonix/internal/cli/diffview.go:252.18,254.3 1 0
mimo-reasonix/internal/cli/diffview.go:255.2,256.16 2 1
mimo-reasonix/internal/cli/diffview.go:256.16,258.3 1 0
mimo-reasonix/internal/cli/diffview.go:259.2,260.58 2 1
mimo-reasonix/internal/cli/diffview.go:260.58,262.3 1 0
mimo-reasonix/internal/cli/diffview.go:263.2,263.44 1 1
mimo-reasonix/internal/cli/doctor.go:12.55,15.39 3 1
mimo-reasonix/internal/cli/doctor.go:15.39,17.3 1 0
mimo-reasonix/internal/cli/doctor.go:19.2,20.14 2 1
mimo-reasonix/internal/cli/doctor.go:20.14,23.44 3 1
mimo-reasonix/internal/cli/doctor.go:23.44,26.4 2 0
mimo-reasonix/internal/cli/doctor.go:27.3,27.11 1 1
mimo-reasonix/internal/cli/doctor.go:29.2,30.10 2 1
mimo-reasonix/internal/cli/effort.go:12.58,14.16 2 1
mimo-reasonix/internal/cli/effort.go:14.16,17.3 2 1
mimo-reasonix/internal/cli/effort.go:18.2,19.20 2 1
mimo-reasonix/internal/cli/effort.go:19.20,22.3 2 0
mimo-reasonix/internal/cli/effort.go:24.2,25.19 2 1
mimo-reasonix/internal/cli/effort.go:25.19,30.3 4 0
mimo-reasonix/internal/cli/effort.go:31.2,31.19 1 1
mimo-reasonix/internal/cli/effort.go:31.19,34.3 2 0
mimo-reasonix/internal/cli/effort.go:35.2,36.16 2 1
mimo-reasonix/internal/cli/effort.go:36.16,39.3 2 0
mimo-reasonix/internal/cli/effort.go:40.2,40.30 1 1
mimo-reasonix/internal/cli/effort.go:40.30,43.3 2 0
mimo-reasonix/internal/cli/effort.go:44.2,44.22 1 1
mimo-reasonix/internal/cli/effort.go:44.22,47.3 2 0
mimo-reasonix/internal/cli/effort.go:49.2,50.16 2 1
mimo-reasonix/internal/cli/effort.go:50.16,53.3 2 0
mimo-reasonix/internal/cli/effort.go:54.2,55.45 2 1
mimo-reasonix/internal/cli/effort.go:55.45,56.53 1 0
mimo-reasonix/internal/cli/effort.go:56.53,59.4 2 0
mimo-reasonix/internal/cli/effort.go:61.2,61.71 1 1
mimo-reasonix/internal/cli/effort.go:61.71,62.74 1 0
mimo-reasonix/internal/cli/effort.go:62.74,65.4 2 0
mimo-reasonix/internal/cli/effort.go:67.2,67.67 1 1
mimo-reasonix/internal/cli/effort.go:67.67,70.3 2 0
mimo-reasonix/internal/cli/effort.go:71.2,71.42 1 1
mimo-reasonix/internal/cli/effort.go:71.42,74.3 2 0
mimo-reasonix/internal/cli/effort.go:76.2,77.19 2 1
mimo-reasonix/internal/cli/effort.go:77.19,79.3 1 1
mimo-reasonix/internal/cli/effort.go:80.2,83.42 4 1
mimo-reasonix/internal/cli/effort.go:83.42,85.3 1 0
mimo-reasonix/internal/cli/effort.go:86.2,89.40 4 1
mimo-reasonix/internal/cli/effort.go:89.40,91.17 2 0
mimo-reasonix/internal/cli/effort.go:91.17,93.4 1 0
mimo-reasonix/internal/cli/effort.go:94.3,102.4 1 0
mimo-reasonix/internal/cli/effort.go:104.2,105.29 2 1
mimo-reasonix/internal/cli/effort.go:108.82,110.16 2 1
mimo-reasonix/internal/cli/effort.go:110.16,112.3 1 0
mimo-reasonix/internal/cli/effort.go:113.2,114.34 2 1
mimo-reasonix/internal/cli/effort.go:114.34,116.3 1 0
mimo-reasonix/internal/cli/effort.go:117.2,118.9 2 1
mimo-reasonix/internal/cli/effort.go:118.9,120.3 1 1
mimo-reasonix/internal/cli/effort.go:121.2,121.54 1 1
mimo-reasonix/internal/cli/effort.go:121.54,123.3 1 0
mimo-reasonix/internal/cli/effort.go:124.2,124.24 1 1
mimo-reasonix/internal/cli/effort.go:127.41,130.16 3 1
mimo-reasonix/internal/cli/effort.go:130.16,132.3 1 1
mimo-reasonix/internal/cli/effort.go:133.2,133.55 1 1
mimo-reasonix/internal/cli/effort.go:133.55,135.3 1 0
mimo-reasonix/internal/cli/effort.go:136.2,136.45 1 1
mimo-reasonix/internal/cli/gitstatus.go:29.31,30.24 1 1
mimo-reasonix/internal/cli/gitstatus.go:30.24,34.17 4 0
mimo-reasonix/internal/cli/gitstatus.go:34.17,36.4 1 0
mimo-reasonix/internal/cli/gitstatus.go:37.3,37.38 1 0
mimo-reasonix/internal/cli/gitstatus.go:41.72,43.16 2 1
mimo-reasonix/internal/cli/gitstatus.go:43.16,45.3 1 0
mimo-reasonix/internal/cli/gitstatus.go:46.2,47.16 2 1
mimo-reasonix/internal/cli/gitstatus.go:47.16,49.3 1 0
mimo-reasonix/internal/cli/gitstatus.go:51.2,52.131 2 1
mimo-reasonix/internal/cli/gitstatus.go:52.131,54.3 1 1
mimo-reasonix/internal/cli/gitstatus.go:54.8,54.118 1 0
mimo-reasonix/internal/cli/gitstatus.go:54.118,57.3 2 0
mimo-reasonix/internal/cli/gitstatus.go:57.8,57.121 1 0
mimo-reasonix/internal/cli/gitstatus.go:57.121,59.3 1 0
mimo-reasonix/internal/cli/gitstatus.go:60.2,60.25 1 1
mimo-reasonix/internal/cli/gitstatus.go:60.25,63.3 2 0
mimo-reasonix/internal/cli/gitstatus.go:65.2,65.82 1 1
mimo-reasonix/internal/cli/gitstatus.go:65.82,67.3 1 1
mimo-reasonix/internal/cli/gitstatus.go:68.2,68.103 1 1
mimo-reasonix/internal/cli/gitstatus.go:68.103,70.3 1 1
mimo-reasonix/internal/cli/gitstatus.go:71.2,71.20 1 1
mimo-reasonix/internal/cli/gitstatus.go:74.78,76.15 2 1
mimo-reasonix/internal/cli/gitstatus.go:76.15,78.3 1 1
mimo-reasonix/internal/cli/gitstatus.go:79.2,81.16 3 1
mimo-reasonix/internal/cli/gitstatus.go:81.16,83.3 1 0
mimo-reasonix/internal/cli/gitstatus.go:84.2,84.25 1 1
mimo-reasonix/internal/cli/gitstatus.go:87.59,88.67 1 1
mimo-reasonix/internal/cli/gitstatus.go:88.67,89.17 1 1
mimo-reasonix/internal/cli/gitstatus.go:89.17,90.12 1 0
mimo-reasonix/internal/cli/gitstatus.go:92.3,93.22 2 1
mimo-reasonix/internal/cli/gitstatus.go:93.22,94.12 1 0
mimo-reasonix/internal/cli/gitstatus.go:96.3,96.23 1 1
mimo-reasonix/internal/cli/gitstatus.go:96.23,97.53 1 1
mimo-reasonix/internal/cli/gitstatus.go:97.53,99.5 1 1
mimo-reasonix/internal/cli/gitstatus.go:101.3,101.23 1 1
mimo-reasonix/internal/cli/gitstatus.go:101.23,102.53 1 1
mimo-reasonix/internal/cli/gitstatus.go:102.53,104.5 1 1
mimo-reasonix/internal/cli/gitstatus.go:107.2,107.23 1 1
mimo-reasonix/internal/cli/gitstatus.go:110.37,112.73 2 1
mimo-reasonix/internal/cli/gitstatus.go:112.73,113.37 1 1
mimo-reasonix/internal/cli/gitstatus.go:113.37,115.4 1 1
mimo-reasonix/internal/cli/gitstatus.go:117.2,117.10 1 1
mimo-reasonix/internal/cli/gitstatus.go:120.34,121.94 1 1
mimo-reasonix/internal/cli/gitstatus.go:121.94,123.3 1 1
mimo-reasonix/internal/cli/gitstatus.go:124.2,124.95 1 1
mimo-reasonix/internal/cli/gitstatus.go:134.45,135.9 1 1
mimo-reasonix/internal/cli/gitstatus.go:136.50,137.25 1 0
mimo-reasonix/internal/cli/gitstatus.go:138.18,139.25 1 0
mimo-reasonix/internal/cli/gitstatus.go:140.10,141.25 1 1
mimo-reasonix/internal/cli/gitstatus.go:145.36,147.2 1 1
mimo-reasonix/internal/cli/gitstatus.go:149.51,150.74 1 1
mimo-reasonix/internal/cli/gitstatus.go:150.74,152.3 1 0
mimo-reasonix/internal/cli/gitstatus.go:153.2,153.33 1 1
mimo-reasonix/internal/cli/gitstatus.go:156.74,157.74 1 1
mimo-reasonix/internal/cli/gitstatus.go:157.74,159.3 1 0
mimo-reasonix/internal/cli/gitstatus.go:160.2,162.50 3 1
mimo-reasonix/internal/cli/gitstatus.go:162.50,164.3 1 0
mimo-reasonix/internal/cli/gitstatus.go:165.2,165.12 1 1
mimo-reasonix/internal/cli/gitstatus.go:168.72,171.19 3 1
mimo-reasonix/internal/cli/gitstatus.go:171.19,173.3 1 0
mimo-reasonix/internal/cli/gitstatus.go:174.2,176.21 3 1
mimo-reasonix/internal/cli/gitstatus.go:176.21,178.3 1 0
mimo-reasonix/internal/cli/gitstatus.go:179.2,181.41 3 1
mimo-reasonix/internal/cli/gitstatus.go:181.41,183.3 1 1
mimo-reasonix/internal/cli/gitstatus.go:185.2,186.67 2 1
mimo-reasonix/internal/cli/gitstatus.go:186.67,188.3 1 1
mimo-reasonix/internal/cli/gitstatus.go:190.2,191.31 2 1
mimo-reasonix/internal/cli/gitstatus.go:191.31,193.3 1 0
mimo-reasonix/internal/cli/gitstatus.go:194.2,195.77 2 1
mimo-reasonix/internal/cli/gitstatus.go:198.40,200.34 2 1
mimo-reasonix/internal/cli/gitstatus.go:200.34,202.3 1 1
mimo-reasonix/internal/cli/gitstatus.go:203.2,203.21 1 1
mimo-reasonix/internal/cli/gitstatus.go:203.21,205.3 1 1
mimo-reasonix/internal/cli/gitstatus.go:206.2,206.21 1 1
mimo-reasonix/internal/cli/gitstatus.go:206.21,208.3 1 1
mimo-reasonix/internal/cli/gitstatus.go:209.2,209.46 1 1
mimo-reasonix/internal/cli/gitstatus.go:212.55,216.16 4 1
mimo-reasonix/internal/cli/gitstatus.go:216.16,218.3 1 1
mimo-reasonix/internal/cli/gitstatus.go:218.8,220.3 1 1
mimo-reasonix/internal/cli/gitstatus.go:222.2,223.34 2 1
mimo-reasonix/internal/cli/gitstatus.go:223.34,225.3 1 1
mimo-reasonix/internal/cli/gitstatus.go:226.2,226.21 1 1
mimo-reasonix/internal/cli/gitstatus.go:226.21,228.3 1 1
mimo-reasonix/internal/cli/gitstatus.go:229.2,229.20 1 1
mimo-reasonix/internal/cli/gitstatus.go:229.20,233.3 3 1
mimo-reasonix/internal/cli/gitstatus.go:234.2,234.19 1 1
mimo-reasonix/internal/cli/help_view.go:15.30,17.2 1 0
mimo-reasonix/internal/cli/help_view.go:19.110,23.23 4 1
mimo-reasonix/internal/cli/help_view.go:23.23,25.3 1 1
mimo-reasonix/internal/cli/help_view.go:26.2,26.21 1 1
mimo-reasonix/internal/cli/help_view.go:26.21,28.3 1 1
mimo-reasonix/internal/cli/help_view.go:29.2,29.22 1 1
mimo-reasonix/internal/cli/help_view.go:29.22,31.3 1 1
mimo-reasonix/internal/cli/help_view.go:32.2,33.44 2 1
mimo-reasonix/internal/cli/help_view.go:36.95,37.21 1 1
mimo-reasonix/internal/cli/help_view.go:37.21,39.3 1 0
mimo-reasonix/internal/cli/help_view.go:40.2,42.28 3 1
mimo-reasonix/internal/cli/help_view.go:42.28,44.3 1 0
mimo-reasonix/internal/cli/help_view.go:45.2,45.33 1 1
mimo-reasonix/internal/cli/help_view.go:45.33,50.3 4 1
mimo-reasonix/internal/cli/help_view.go:51.2,51.40 1 1
mimo-reasonix/internal/cli/help_view.go:51.40,53.3 1 0
mimo-reasonix/internal/cli/help_view.go:56.36,87.2 1 1
mimo-reasonix/internal/cli/help_view.go:89.61,91.29 2 1
mimo-reasonix/internal/cli/help_view.go:91.29,93.3 1 1
mimo-reasonix/internal/cli/help_view.go:94.2,94.14 1 1
mimo-reasonix/internal/cli/help_view.go:97.54,99.27 2 1
mimo-reasonix/internal/cli/help_view.go:99.27,101.35 2 1
mimo-reasonix/internal/cli/help_view.go:101.35,103.4 1 0
mimo-reasonix/internal/cli/help_view.go:104.3,104.67 1 1
mimo-reasonix/internal/cli/help_view.go:106.2,106.14 1 1
mimo-reasonix/internal/cli/help_view.go:109.58,111.28 2 1
mimo-reasonix/internal/cli/help_view.go:111.28,113.3 1 1
mimo-reasonix/internal/cli/help_view.go:114.2,114.14 1 1
mimo-reasonix/internal/cli/hide_other.go:6.33,6.34 0 0
mimo-reasonix/internal/cli/hooks_view.go:10.98,13.26 3 1
mimo-reasonix/internal/cli/hooks_view.go:13.26,15.101 2 1
mimo-reasonix/internal/cli/hooks_view.go:15.101,16.19 1 1
mimo-reasonix/internal/cli/hooks_view.go:16.19,18.5 1 1
mimo-reasonix/internal/cli/hooks_view.go:19.9,21.4 1 0
mimo-reasonix/internal/cli/hooks_view.go:22.3,24.143 2 1
mimo-reasonix/internal/cli/hooks_view.go:26.2,27.9 2 1
mimo-reasonix/internal/cli/hooks_view.go:28.34,29.146 1 1
mimo-reasonix/internal/cli/hooks_view.go:30.15,31.172 1 1
mimo-reasonix/internal/cli/hooks_view.go:32.10,33.176 1 0
mimo-reasonix/internal/cli/hooks_view.go:35.2,35.44 1 1
mimo-reasonix/internal/cli/language.go:13.55,15.19 2 1
mimo-reasonix/internal/cli/language.go:15.19,17.17 2 0
mimo-reasonix/internal/cli/language.go:17.17,20.4 2 0
mimo-reasonix/internal/cli/language.go:21.3,24.9 4 0
mimo-reasonix/internal/cli/language.go:26.2,26.19 1 1
mimo-reasonix/internal/cli/language.go:26.19,29.3 2 0
mimo-reasonix/internal/cli/language.go:31.2,32.16 2 1
mimo-reasonix/internal/cli/language.go:32.16,35.3 2 0
mimo-reasonix/internal/cli/language.go:36.2,37.16 2 1
mimo-reasonix/internal/cli/language.go:37.16,39.3 1 1
mimo-reasonix/internal/cli/language.go:40.2,40.16 1 1
mimo-reasonix/internal/cli/language.go:40.16,43.3 2 0
mimo-reasonix/internal/cli/language.go:44.2,45.47 2 1
mimo-reasonix/internal/cli/language.go:45.47,48.3 2 0
mimo-reasonix/internal/cli/language.go:49.2,49.42 1 1
mimo-reasonix/internal/cli/language.go:49.42,52.3 2 0
mimo-reasonix/internal/cli/language.go:53.2,53.16 1 1
mimo-reasonix/internal/cli/language.go:53.16,54.57 1 1
mimo-reasonix/internal/cli/language.go:54.57,57.4 2 0
mimo-reasonix/internal/cli/language.go:60.2,61.19 2 1
mimo-reasonix/internal/cli/language.go:61.19,63.3 1 0
mimo-reasonix/internal/cli/language.go:64.2,64.83 1 1
mimo-reasonix/internal/cli/language.go:67.58,69.61 2 1
mimo-reasonix/internal/cli/language.go:69.61,71.3 1 1
mimo-reasonix/internal/cli/language.go:72.2,72.45 1 0
mimo-reasonix/internal/cli/language.go:72.45,73.25 1 0
mimo-reasonix/internal/cli/language.go:73.25,75.4 1 0
mimo-reasonix/internal/cli/language.go:76.3,76.13 1 0
mimo-reasonix/internal/cli/language.go:78.2,79.44 2 0
mimo-reasonix/internal/cli/language.go:79.44,81.3 1 0
mimo-reasonix/internal/cli/language.go:82.2,82.45 1 0
mimo-reasonix/internal/cli/language.go:82.45,84.3 1 0
mimo-reasonix/internal/cli/language.go:85.2,85.30 1 0
mimo-reasonix/internal/cli/language.go:88.39,91.17 3 1
mimo-reasonix/internal/cli/language.go:91.17,93.3 1 1
mimo-reasonix/internal/cli/language.go:94.2,94.17 1 1
mimo-reasonix/internal/cli/language.go:94.17,96.3 1 1
mimo-reasonix/internal/cli/language.go:97.2,97.47 1 1
mimo-reasonix/internal/cli/language.go:100.53,101.47 1 1
mimo-reasonix/internal/cli/language.go:102.39,103.17 1 1
mimo-reasonix/internal/cli/language.go:104.23,105.19 1 0
mimo-reasonix/internal/cli/language.go:106.39,107.19 1 1
mimo-reasonix/internal/cli/language.go:108.10,109.55 1 0
mimo-reasonix/internal/cli/language.go:113.42,114.35 1 1
mimo-reasonix/internal/cli/language.go:114.35,116.3 1 1
mimo-reasonix/internal/cli/language.go:117.2,117.13 1 1
mimo-reasonix/internal/cli/language.go:120.57,130.27 3 0
mimo-reasonix/internal/cli/language.go:130.27,132.24 2 0
mimo-reasonix/internal/cli/language.go:132.24,134.4 1 0
mimo-reasonix/internal/cli/language.go:135.3,136.24 2 0
mimo-reasonix/internal/cli/language.go:136.24,138.4 1 0
mimo-reasonix/internal/cli/language.go:139.3,139.44 1 0
mimo-reasonix/internal/cli/language.go:139.44,141.4 1 0
mimo-reasonix/internal/cli/language.go:142.3,142.55 1 0
mimo-reasonix/internal/cli/language.go:144.2,144.44 1 0
mimo-reasonix/internal/cli/latex.go:13.41,15.2 1 1
mimo-reasonix/internal/cli/latex.go:17.36,20.27 3 1
mimo-reasonix/internal/cli/latex.go:20.27,21.24 1 1
mimo-reasonix/internal/cli/latex.go:22.13,23.33 1 1
mimo-reasonix/internal/cli/latex.go:24.12,27.10 3 1
mimo-reasonix/internal/cli/latex.go:28.12,31.10 3 1
mimo-reasonix/internal/cli/latex.go:32.17,33.7 1 1
mimo-reasonix/internal/cli/latex.go:34.17,36.7 2 0
mimo-reasonix/internal/cli/latex.go:37.12,38.7 1 0
mimo-reasonix/internal/cli/latex.go:39.11,41.7 2 1
mimo-reasonix/internal/cli/latex.go:44.2,44.19 1 1
mimo-reasonix/internal/cli/latex.go:49.63,51.18 2 1
mimo-reasonix/internal/cli/latex.go:51.18,53.3 1 0
mimo-reasonix/internal/cli/latex.go:54.2,54.27 1 1
mimo-reasonix/internal/cli/latex.go:54.27,55.26 1 1
mimo-reasonix/internal/cli/latex.go:56.13,57.23 1 0
mimo-reasonix/internal/cli/latex.go:58.32,59.20 1 1
mimo-reasonix/internal/cli/latex.go:60.11,61.19 1 0
mimo-reasonix/internal/cli/latex.go:63.3,63.15 1 1
mimo-reasonix/internal/cli/latex.go:66.2,67.42 2 1
mimo-reasonix/internal/cli/latex.go:67.42,69.3 1 1
mimo-reasonix/internal/cli/latex.go:70.2,72.13 2 1
mimo-reasonix/internal/cli/latex.go:73.32,77.12 4 1
mimo-reasonix/internal/cli/latex.go:78.14,80.34 2 1
mimo-reasonix/internal/cli/latex.go:80.34,82.4 1 1
mimo-reasonix/internal/cli/latex.go:83.3,85.12 3 1
mimo-reasonix/internal/cli/latex.go:86.121,89.12 3 1
mimo-reasonix/internal/cli/latex.go:90.16,93.12 3 1
mimo-reasonix/internal/cli/latex.go:94.136,95.11 1 0
mimo-reasonix/internal/cli/latex.go:96.22,98.12 2 0
mimo-reasonix/internal/cli/latex.go:101.2,101.39 1 1
mimo-reasonix/internal/cli/latex.go:101.39,105.3 3 1
mimo-reasonix/internal/cli/latex.go:106.2,106.33 1 1
mimo-reasonix/internal/cli/latex.go:106.33,109.3 2 1
mimo-reasonix/internal/cli/latex.go:110.2,111.10 2 0
mimo-reasonix/internal/cli/latex.go:117.64,118.16 1 1
mimo-reasonix/internal/cli/latex.go:118.16,119.35 1 1
mimo-reasonix/internal/cli/latex.go:119.35,121.4 1 0
mimo-reasonix/internal/cli/latex.go:123.2,123.18 1 1
mimo-reasonix/internal/cli/latex.go:123.18,125.3 1 0
mimo-reasonix/internal/cli/latex.go:126.2,126.15 1 1
mimo-reasonix/internal/cli/latex.go:127.11,130.32 3 1
mimo-reasonix/internal/cli/latex.go:130.32,131.17 1 1
mimo-reasonix/internal/cli/latex.go:132.13,133.12 1 1
mimo-reasonix/internal/cli/latex.go:134.13,136.19 2 1
mimo-reasonix/internal/cli/latex.go:136.19,138.6 1 1
mimo-reasonix/internal/cli/latex.go:141.3,141.37 1 0
mimo-reasonix/internal/cli/latex.go:142.12,144.43 2 0
mimo-reasonix/internal/cli/latex.go:144.43,146.4 1 0
mimo-reasonix/internal/cli/latex.go:147.3,147.43 1 0
mimo-reasonix/internal/cli/latex.go:147.43,149.4 1 0
mimo-reasonix/internal/cli/latex.go:150.3,150.28 1 0
mimo-reasonix/internal/cli/latex.go:151.10,152.30 1 1
mimo-reasonix/internal/cli/latex.go:156.50,158.35 2 1
mimo-reasonix/internal/cli/latex.go:158.35,159.19 1 1
mimo-reasonix/internal/cli/latex.go:159.19,161.4 1 1
mimo-reasonix/internal/cli/latex.go:163.2,163.20 1 0
mimo-reasonix/internal/cli/latex.go:166.41,168.2 1 1
mimo-reasonix/internal/cli/latex.go:170.41,171.37 1 1
mimo-reasonix/internal/cli/latex.go:171.37,173.3 1 1
mimo-reasonix/internal/cli/latex.go:174.2,174.13 1 1
mimo-reasonix/internal/cli/latex.go:175.15,176.21 1 1
mimo-reasonix/internal/cli/latex.go:177.11,178.21 1 1
mimo-reasonix/internal/cli/latex.go:179.11,180.21 1 0
mimo-reasonix/internal/cli/latex.go:182.2,182.39 1 0
mimo-reasonix/internal/cli/latex.go:185.38,186.35 1 1
mimo-reasonix/internal/cli/latex.go:186.35,188.3 1 1
mimo-reasonix/internal/cli/latex.go:189.2,189.10 1 1
mimo-reasonix/internal/cli/latex.go:192.49,194.18 2 1
mimo-reasonix/internal/cli/latex.go:194.18,196.3 1 0
mimo-reasonix/internal/cli/latex.go:197.2,197.54 1 1
mimo-reasonix/internal/cli/latex.go:200.34,202.22 2 1
mimo-reasonix/internal/cli/latex.go:202.22,203.38 1 1
mimo-reasonix/internal/cli/latex.go:203.38,205.4 1 1
mimo-reasonix/internal/cli/latex.go:205.9,207.4 1 0
mimo-reasonix/internal/cli/latex.go:209.2,209.19 1 1
mimo-reasonix/internal/cli/latex.go:212.35,213.38 1 1
mimo-reasonix/internal/cli/latex.go:213.38,215.3 1 1
mimo-reasonix/internal/cli/latex.go:216.2,216.36 1 1
mimo-reasonix/internal/cli/latex.go:216.36,218.3 1 1
mimo-reasonix/internal/cli/latex.go:219.2,219.23 1 1
mimo-reasonix/internal/cli/latex.go:222.33,223.36 1 1
mimo-reasonix/internal/cli/latex.go:223.36,225.3 1 1
mimo-reasonix/internal/cli/latex.go:226.2,226.36 1 0
mimo-reasonix/internal/cli/latex.go:226.36,228.3 1 0
mimo-reasonix/internal/cli/latex.go:229.2,229.23 1 0
mimo-reasonix/internal/cli/latex.go:232.55,233.13 1 1
mimo-reasonix/internal/cli/latex.go:233.13,235.3 1 0
mimo-reasonix/internal/cli/latex.go:236.2,237.22 2 1
mimo-reasonix/internal/cli/latex.go:237.22,239.10 2 1
mimo-reasonix/internal/cli/latex.go:239.10,241.4 1 1
mimo-reasonix/internal/cli/latex.go:242.3,242.17 1 1
mimo-reasonix/internal/cli/latex.go:244.2,244.25 1 1
mimo-reasonix/internal/cli/latex.go:247.33,249.2 1 1
mimo-reasonix/internal/cli/latex.go:255.37,263.21 6 1
mimo-reasonix/internal/cli/latex.go:263.21,266.62 2 1
mimo-reasonix/internal/cli/latex.go:266.62,270.12 4 1
mimo-reasonix/internal/cli/latex.go:272.3,272.28 1 1
mimo-reasonix/internal/cli/latex.go:272.28,276.12 4 1
mimo-reasonix/internal/cli/latex.go:278.3,278.25 1 1
mimo-reasonix/internal/cli/latex.go:278.25,281.12 3 1
mimo-reasonix/internal/cli/latex.go:284.3,284.27 1 1
mimo-reasonix/internal/cli/latex.go:284.27,285.19 1 1
mimo-reasonix/internal/cli/latex.go:286.14,289.13 3 0
mimo-reasonix/internal/cli/latex.go:290.13,294.13 4 1
mimo-reasonix/internal/cli/latex.go:295.13,299.13 4 1
mimo-reasonix/internal/cli/latex.go:300.13,303.13 3 1
mimo-reasonix/internal/cli/latex.go:304.13,307.13 3 1
mimo-reasonix/internal/cli/latex.go:310.3,310.44 1 1
mimo-reasonix/internal/cli/latex.go:310.44,314.12 4 1
mimo-reasonix/internal/cli/latex.go:316.3,316.29 1 1
mimo-reasonix/internal/cli/latex.go:316.29,319.12 3 1
mimo-reasonix/internal/cli/latex.go:322.3,323.6 2 1
mimo-reasonix/internal/cli/latex.go:325.2,325.19 1 1
mimo-reasonix/internal/cli/mathnode.go:19.48,19.67 1 0
mimo-reasonix/internal/cli/mathnode.go:20.48,20.91 1 0
mimo-reasonix/internal/cli/mathnode.go:24.39,24.61 1 1
mimo-reasonix/internal/cli/mathnode.go:26.92,28.38 2 1
mimo-reasonix/internal/cli/mathnode.go:28.38,30.3 1 0
mimo-reasonix/internal/cli/mathnode.go:31.2,33.13 3 1
mimo-reasonix/internal/cli/mathnode.go:33.13,35.3 1 1
mimo-reasonix/internal/cli/mathnode.go:37.2,39.13 3 1
mimo-reasonix/internal/cli/mathnode.go:39.13,41.3 1 1
mimo-reasonix/internal/cli/mathnode.go:41.8,43.3 1 1
mimo-reasonix/internal/cli/mathnode.go:44.2,44.17 1 1
mimo-reasonix/internal/cli/mathnode.go:44.17,46.3 1 1
mimo-reasonix/internal/cli/mathnode.go:47.2,48.38 2 1
mimo-reasonix/internal/cli/mathnode.go:48.38,50.3 1 0
mimo-reasonix/internal/cli/mathnode.go:56.2,56.14 1 1
mimo-reasonix/internal/cli/mathnode.go:56.14,59.68 2 1
mimo-reasonix/internal/cli/mathnode.go:59.68,61.4 1 1
mimo-reasonix/internal/cli/mathnode.go:64.2,65.91 2 1
mimo-reasonix/internal/cli/mcp.go:24.61,26.20 2 1
mimo-reasonix/internal/cli/mcp.go:26.20,28.3 1 1
mimo-reasonix/internal/cli/mcp.go:29.2,30.52 2 1
mimo-reasonix/internal/cli/mcp.go:30.52,32.3 1 1
mimo-reasonix/internal/cli/mcp.go:33.2,38.44 3 1
mimo-reasonix/internal/cli/mcp.go:38.44,39.23 1 1
mimo-reasonix/internal/cli/mcp.go:39.23,41.4 1 1
mimo-reasonix/internal/cli/mcp.go:42.3,43.22 2 1
mimo-reasonix/internal/cli/mcp.go:45.2,45.66 1 1
mimo-reasonix/internal/cli/mcp.go:45.66,47.40 2 1
mimo-reasonix/internal/cli/mcp.go:47.40,49.4 1 0
mimo-reasonix/internal/cli/mcp.go:50.3,50.18 1 1
mimo-reasonix/internal/cli/mcp.go:50.18,52.4 1 1
mimo-reasonix/internal/cli/mcp.go:53.3,54.13 2 1
mimo-reasonix/internal/cli/mcp.go:57.2,57.27 1 1
mimo-reasonix/internal/cli/mcp.go:57.27,60.10 3 1
mimo-reasonix/internal/cli/mcp.go:61.35,65.17 3 1
mimo-reasonix/internal/cli/mcp.go:66.54,68.18 2 1
mimo-reasonix/internal/cli/mcp.go:68.18,70.39 2 1
mimo-reasonix/internal/cli/mcp.go:70.39,72.6 1 0
mimo-reasonix/internal/cli/mcp.go:74.4,74.29 1 1
mimo-reasonix/internal/cli/mcp.go:75.23,77.18 2 0
mimo-reasonix/internal/cli/mcp.go:77.18,79.39 2 0
mimo-reasonix/internal/cli/mcp.go:79.39,81.6 1 0
mimo-reasonix/internal/cli/mcp.go:83.4,83.28 1 0
mimo-reasonix/internal/cli/mcp.go:84.44,86.18 2 1
mimo-reasonix/internal/cli/mcp.go:86.18,88.42 2 1
mimo-reasonix/internal/cli/mcp.go:88.42,90.6 1 1
mimo-reasonix/internal/cli/mcp.go:92.4,93.25 2 1
mimo-reasonix/internal/cli/mcp.go:93.25,95.5 1 1
mimo-reasonix/internal/cli/mcp.go:96.4,96.49 1 1
mimo-reasonix/internal/cli/mcp.go:96.49,98.5 1 0
mimo-reasonix/internal/cli/mcp.go:99.11,100.55 1 1
mimo-reasonix/internal/cli/mcp.go:104.2,104.9 1 1
mimo-reasonix/internal/cli/mcp.go:105.38,106.85 1 1
mimo-reasonix/internal/cli/mcp.go:107.38,108.80 1 1
mimo-reasonix/internal/cli/mcp.go:110.2,110.15 1 1
mimo-reasonix/internal/cli/mcp.go:116.38,121.22 5 1
mimo-reasonix/internal/cli/mcp.go:121.22,122.10 1 1
mimo-reasonix/internal/cli/mcp.go:123.19,124.18 1 1
mimo-reasonix/internal/cli/mcp.go:124.18,126.5 1 1
mimo-reasonix/internal/cli/mcp.go:126.10,128.5 1 1
mimo-reasonix/internal/cli/mcp.go:129.4,129.17 1 1
mimo-reasonix/internal/cli/mcp.go:130.30,132.17 2 1
mimo-reasonix/internal/cli/mcp.go:133.30,134.14 1 1
mimo-reasonix/internal/cli/mcp.go:134.14,138.5 3 1
mimo-reasonix/internal/cli/mcp.go:139.11,141.17 2 1
mimo-reasonix/internal/cli/mcp.go:144.2,144.12 1 1
mimo-reasonix/internal/cli/mcp.go:144.12,146.3 1 1
mimo-reasonix/internal/cli/mcp.go:147.2,147.12 1 1
mimo-reasonix/internal/cli/mcp.go:153.36,154.20 1 0
mimo-reasonix/internal/cli/mcp.go:154.20,157.3 2 0
mimo-reasonix/internal/cli/mcp.go:158.2,158.17 1 0
mimo-reasonix/internal/cli/mcp.go:159.20,160.19 1 0
mimo-reasonix/internal/cli/mcp.go:161.13,162.29 1 0
mimo-reasonix/internal/cli/mcp.go:163.22,164.32 1 0
mimo-reasonix/internal/cli/mcp.go:165.16,166.24 1 0
mimo-reasonix/internal/cli/mcp.go:167.30,169.11 2 0
mimo-reasonix/internal/cli/mcp.go:170.10,173.11 3 0
mimo-reasonix/internal/cli/mcp.go:177.25,179.16 2 0
mimo-reasonix/internal/cli/mcp.go:179.16,182.3 2 0
mimo-reasonix/internal/cli/mcp.go:183.2,184.10 2 0
mimo-reasonix/internal/cli/mcp.go:187.20,189.16 2 0
mimo-reasonix/internal/cli/mcp.go:189.16,192.3 2 0
mimo-reasonix/internal/cli/mcp.go:193.2,194.32 2 0
mimo-reasonix/internal/cli/mcp.go:194.32,196.16 2 0
mimo-reasonix/internal/cli/mcp.go:196.16,198.4 1 0
mimo-reasonix/internal/cli/mcp.go:199.3,200.27 2 0
mimo-reasonix/internal/cli/mcp.go:200.27,202.4 1 0
mimo-reasonix/internal/cli/mcp.go:203.3,203.21 1 0
mimo-reasonix/internal/cli/mcp.go:203.21,206.4 2 0
mimo-reasonix/internal/cli/mcp.go:206.9,208.4 1 0
mimo-reasonix/internal/cli/mcp.go:209.3,209.11 1 0
mimo-reasonix/internal/cli/mcp.go:211.2,211.17 1 0
mimo-reasonix/internal/cli/mcp.go:211.17,213.3 1 0
mimo-reasonix/internal/cli/mcp.go:214.2,214.10 1 0
mimo-reasonix/internal/cli/mcp.go:217.35,219.16 2 0
mimo-reasonix/internal/cli/mcp.go:219.16,222.3 2 0
mimo-reasonix/internal/cli/mcp.go:223.2,224.16 2 0
mimo-reasonix/internal/cli/mcp.go:224.16,227.3 2 0
mimo-reasonix/internal/cli/mcp.go:228.2,228.48 1 0
mimo-reasonix/internal/cli/mcp.go:228.48,231.3 2 0
mimo-reasonix/internal/cli/mcp.go:232.2,232.35 1 0
mimo-reasonix/internal/cli/mcp.go:232.35,235.3 2 0
mimo-reasonix/internal/cli/mcp.go:236.2,237.10 2 0
mimo-reasonix/internal/cli/mcp.go:240.38,241.20 1 0
mimo-reasonix/internal/cli/mcp.go:241.20,244.3 2 0
mimo-reasonix/internal/cli/mcp.go:245.2,247.16 3 0
mimo-reasonix/internal/cli/mcp.go:247.16,250.3 2 0
mimo-reasonix/internal/cli/mcp.go:251.2,251.29 1 0
mimo-reasonix/internal/cli/mcp.go:251.29,254.3 2 0
mimo-reasonix/internal/cli/mcp.go:255.2,255.35 1 0
mimo-reasonix/internal/cli/mcp.go:255.35,258.3 2 0
mimo-reasonix/internal/cli/mcp.go:259.2,260.10 2 0
mimo-reasonix/internal/cli/mcp.go:263.17,290.2 1 0
mimo-reasonix/internal/cli/mcp_import_picker.go:18.82,20.31 2 0
mimo-reasonix/internal/cli/mcp_import_picker.go:20.31,22.3 1 0
mimo-reasonix/internal/cli/mcp_import_picker.go:23.2,23.10 1 0
mimo-reasonix/internal/cli/mcp_import_picker.go:26.41,28.16 2 0
mimo-reasonix/internal/cli/mcp_import_picker.go:28.16,31.3 2 0
mimo-reasonix/internal/cli/mcp_import_picker.go:32.2,32.26 1 0
mimo-reasonix/internal/cli/mcp_import_picker.go:32.26,35.3 2 0
mimo-reasonix/internal/cli/mcp_import_picker.go:36.2,37.46 2 0
mimo-reasonix/internal/cli/mcp_import_picker.go:40.79,42.22 2 0
mimo-reasonix/internal/cli/mcp_import_picker.go:43.23,45.16 2 0
mimo-reasonix/internal/cli/mcp_import_picker.go:46.17,47.19 1 0
mimo-reasonix/internal/cli/mcp_import_picker.go:47.19,49.4 1 0
mimo-reasonix/internal/cli/mcp_import_picker.go:50.19,51.37 1 0
mimo-reasonix/internal/cli/mcp_import_picker.go:51.37,53.4 1 0
mimo-reasonix/internal/cli/mcp_import_picker.go:54.20,55.45 1 0
mimo-reasonix/internal/cli/mcp_import_picker.go:56.15,58.32 2 0
mimo-reasonix/internal/cli/mcp_import_picker.go:58.32,59.10 1 0
mimo-reasonix/internal/cli/mcp_import_picker.go:59.10,61.5 1 0
mimo-reasonix/internal/cli/mcp_import_picker.go:63.3,64.24 2 0
mimo-reasonix/internal/cli/mcp_import_picker.go:64.24,67.4 2 0
mimo-reasonix/internal/cli/mcp_import_picker.go:68.3,69.17 2 0
mimo-reasonix/internal/cli/mcp_import_picker.go:69.17,72.4 2 0
mimo-reasonix/internal/cli/mcp_import_picker.go:73.3,74.186 2 0
mimo-reasonix/internal/cli/mcp_import_picker.go:76.2,76.15 1 0
mimo-reasonix/internal/cli/mcp_import_picker.go:79.43,81.14 2 1
mimo-reasonix/internal/cli/mcp_import_picker.go:81.14,83.3 1 1
mimo-reasonix/internal/cli/mcp_import_picker.go:84.2,88.33 5 0
mimo-reasonix/internal/cli/mcp_import_picker.go:88.33,90.19 2 0
mimo-reasonix/internal/cli/mcp_import_picker.go:90.19,92.4 1 0
mimo-reasonix/internal/cli/mcp_import_picker.go:93.3,94.20 2 0
mimo-reasonix/internal/cli/mcp_import_picker.go:94.20,96.4 1 0
mimo-reasonix/internal/cli/mcp_import_picker.go:97.3,99.20 3 0
mimo-reasonix/internal/cli/mcp_import_picker.go:99.20,101.4 1 0
mimo-reasonix/internal/cli/mcp_import_picker.go:102.3,102.29 1 0
mimo-reasonix/internal/cli/mcp_import_picker.go:104.2,104.78 1 0
mimo-reasonix/internal/cli/mcp_manager.go:98.47,100.16 2 1
mimo-reasonix/internal/cli/mcp_manager.go:100.16,103.3 2 0
mimo-reasonix/internal/cli/mcp_manager.go:104.2,104.15 1 1
mimo-reasonix/internal/cli/mcp_manager.go:107.39,108.18 1 1
mimo-reasonix/internal/cli/mcp_manager.go:108.18,110.3 1 0
mimo-reasonix/internal/cli/mcp_manager.go:111.2,112.15 2 1
mimo-reasonix/internal/cli/mcp_manager.go:115.80,117.14 2 1
mimo-reasonix/internal/cli/mcp_manager.go:117.14,119.3 1 0
mimo-reasonix/internal/cli/mcp_manager.go:120.2,120.22 1 1
mimo-reasonix/internal/cli/mcp_manager.go:121.21,123.16 2 0
mimo-reasonix/internal/cli/mcp_manager.go:124.26,125.18 1 1
mimo-reasonix/internal/cli/mcp_manager.go:126.21,128.17 2 0
mimo-reasonix/internal/cli/mcp_manager.go:129.23,132.17 3 1
mimo-reasonix/internal/cli/mcp_manager.go:133.11,136.20 3 0
mimo-reasonix/internal/cli/mcp_manager.go:136.20,138.5 1 0
mimo-reasonix/internal/cli/mcp_manager.go:139.4,139.17 1 0
mimo-reasonix/internal/cli/mcp_manager.go:143.2,143.17 1 0
mimo-reasonix/internal/cli/mcp_manager.go:144.20,145.23 1 0
mimo-reasonix/internal/cli/mcp_manager.go:146.18,147.17 1 0
mimo-reasonix/internal/cli/mcp_manager.go:147.17,149.5 1 0
mimo-reasonix/internal/cli/mcp_manager.go:150.20,151.41 1 0
mimo-reasonix/internal/cli/mcp_manager.go:151.41,153.5 1 0
mimo-reasonix/internal/cli/mcp_manager.go:154.12,155.37 1 0
mimo-reasonix/internal/cli/mcp_manager.go:156.30,157.35 1 0
mimo-reasonix/internal/cli/mcp_manager.go:157.35,161.5 3 0
mimo-reasonix/internal/cli/mcp_manager.go:163.22,165.10 2 0
mimo-reasonix/internal/cli/mcp_manager.go:165.10,168.4 2 0
mimo-reasonix/internal/cli/mcp_manager.go:169.3,170.23 2 0
mimo-reasonix/internal/cli/mcp_manager.go:171.18,172.20 1 0
mimo-reasonix/internal/cli/mcp_manager.go:172.20,174.5 1 0
mimo-reasonix/internal/cli/mcp_manager.go:175.20,176.33 1 0
mimo-reasonix/internal/cli/mcp_manager.go:176.33,178.5 1 0
mimo-reasonix/internal/cli/mcp_manager.go:179.16,180.24 1 0
mimo-reasonix/internal/cli/mcp_manager.go:180.24,182.5 1 0
mimo-reasonix/internal/cli/mcp_manager.go:183.11,184.65 1 0
mimo-reasonix/internal/cli/mcp_manager.go:184.65,187.5 2 0
mimo-reasonix/internal/cli/mcp_manager.go:189.20,190.23 1 0
mimo-reasonix/internal/cli/mcp_manager.go:191.18,192.18 1 0
mimo-reasonix/internal/cli/mcp_manager.go:192.18,194.5 1 0
mimo-reasonix/internal/cli/mcp_manager.go:195.20,196.38 1 0
mimo-reasonix/internal/cli/mcp_manager.go:196.38,198.5 1 0
mimo-reasonix/internal/cli/mcp_manager.go:199.16,200.49 1 0
mimo-reasonix/internal/cli/mcp_manager.go:201.11,202.72 1 0
mimo-reasonix/internal/cli/mcp_manager.go:202.72,205.5 2 0
mimo-reasonix/internal/cli/mcp_manager.go:207.29,208.23 1 0
mimo-reasonix/internal/cli/mcp_manager.go:209.31,210.22 1 0
mimo-reasonix/internal/cli/mcp_manager.go:210.22,212.5 1 0
mimo-reasonix/internal/cli/mcp_manager.go:212.10,214.5 1 0
mimo-reasonix/internal/cli/mcp_manager.go:215.12,217.32 2 0
mimo-reasonix/internal/cli/mcp_manager.go:218.12,219.28 1 0
mimo-reasonix/internal/cli/mcp_manager.go:220.16,221.22 1 0
mimo-reasonix/internal/cli/mcp_manager.go:221.22,223.5 1 0
mimo-reasonix/internal/cli/mcp_manager.go:224.4,224.28 1 0
mimo-reasonix/internal/cli/mcp_manager.go:226.32,227.23 1 0
mimo-reasonix/internal/cli/mcp_manager.go:228.31,229.22 1 0
mimo-reasonix/internal/cli/mcp_manager.go:229.22,231.5 1 0
mimo-reasonix/internal/cli/mcp_manager.go:231.10,233.5 1 0
mimo-reasonix/internal/cli/mcp_manager.go:234.12,236.45 2 0
mimo-reasonix/internal/cli/mcp_manager.go:237.12,238.28 1 0
mimo-reasonix/internal/cli/mcp_manager.go:239.16,240.22 1 0
mimo-reasonix/internal/cli/mcp_manager.go:240.22,242.5 1 0
mimo-reasonix/internal/cli/mcp_manager.go:243.4,243.28 1 0
mimo-reasonix/internal/cli/mcp_manager.go:246.2,246.15 1 0
mimo-reasonix/internal/cli/mcp_manager.go:249.30,250.15 1 1
mimo-reasonix/internal/cli/mcp_manager.go:250.15,252.3 1 0
mimo-reasonix/internal/cli/mcp_manager.go:253.2,253.55 1 1
mimo-reasonix/internal/cli/mcp_manager.go:253.55,255.3 1 0
mimo-reasonix/internal/cli/mcp_manager.go:256.2,256.18 1 1
mimo-reasonix/internal/cli/mcp_manager.go:256.18,258.3 1 1
mimo-reasonix/internal/cli/mcp_manager.go:259.2,259.18 1 1
mimo-reasonix/internal/cli/mcp_manager.go:259.18,261.3 1 0
mimo-reasonix/internal/cli/mcp_manager.go:262.2,262.16 1 1
mimo-reasonix/internal/cli/mcp_manager.go:262.16,264.3 1 0
mimo-reasonix/internal/cli/mcp_manager.go:265.2,265.35 1 1
mimo-reasonix/internal/cli/mcp_manager.go:265.35,267.3 1 0
mimo-reasonix/internal/cli/mcp_manager.go:268.2,268.36 1 1
mimo-reasonix/internal/cli/mcp_manager.go:268.36,270.3 1 0
mimo-reasonix/internal/cli/mcp_manager.go:273.51,274.39 1 1
mimo-reasonix/internal/cli/mcp_manager.go:274.39,275.21 1 1
mimo-reasonix/internal/cli/mcp_manager.go:275.21,279.4 3 1
mimo-reasonix/internal/cli/mcp_manager.go:281.2,281.14 1 0
mimo-reasonix/internal/cli/mcp_manager.go:284.61,285.18 1 1
mimo-reasonix/internal/cli/mcp_manager.go:285.18,286.40 1 1
mimo-reasonix/internal/cli/mcp_manager.go:286.40,287.24 1 1
mimo-reasonix/internal/cli/mcp_manager.go:287.24,289.5 1 1
mimo-reasonix/internal/cli/mcp_manager.go:292.2,292.51 1 0
mimo-reasonix/internal/cli/mcp_manager.go:292.51,294.3 1 0
mimo-reasonix/internal/cli/mcp_manager.go:295.2,295.31 1 0
mimo-reasonix/internal/cli/mcp_manager.go:298.49,301.16 3 1
mimo-reasonix/internal/cli/mcp_manager.go:301.16,303.3 1 0
mimo-reasonix/internal/cli/mcp_manager.go:304.2,306.16 3 1
mimo-reasonix/internal/cli/mcp_manager.go:306.16,308.39 2 1
mimo-reasonix/internal/cli/mcp_manager.go:308.39,310.4 1 1
mimo-reasonix/internal/cli/mcp_manager.go:312.2,313.19 2 1
mimo-reasonix/internal/cli/mcp_manager.go:313.19,314.38 1 1
mimo-reasonix/internal/cli/mcp_manager.go:314.38,320.39 2 0
mimo-reasonix/internal/cli/mcp_manager.go:320.39,322.5 1 0
mimo-reasonix/internal/cli/mcp_manager.go:323.4,324.23 2 0
mimo-reasonix/internal/cli/mcp_manager.go:326.3,326.39 1 1
mimo-reasonix/internal/cli/mcp_manager.go:326.39,331.39 2 1
mimo-reasonix/internal/cli/mcp_manager.go:331.39,333.5 1 1
mimo-reasonix/internal/cli/mcp_manager.go:334.4,335.23 2 1
mimo-reasonix/internal/cli/mcp_manager.go:337.3,337.51 1 1
mimo-reasonix/internal/cli/mcp_manager.go:337.51,338.18 1 0
mimo-reasonix/internal/cli/mcp_manager.go:338.18,339.13 1 0
mimo-reasonix/internal/cli/mcp_manager.go:341.4,342.37 2 0
mimo-reasonix/internal/cli/mcp_manager.go:342.37,344.5 1 0
mimo-reasonix/internal/cli/mcp_manager.go:345.4,346.21 2 0
mimo-reasonix/internal/cli/mcp_manager.go:349.2,349.38 1 1
mimo-reasonix/internal/cli/mcp_manager.go:349.38,350.19 1 1
mimo-reasonix/internal/cli/mcp_manager.go:350.19,351.12 1 1
mimo-reasonix/internal/cli/mcp_manager.go:353.3,354.10 2 1
mimo-reasonix/internal/cli/mcp_manager.go:355.54,356.25 1 0
mimo-reasonix/internal/cli/mcp_manager.go:357.11,358.25 1 1
mimo-reasonix/internal/cli/mcp_manager.go:360.3,362.22 3 1
mimo-reasonix/internal/cli/mcp_manager.go:364.2,364.13 1 1
mimo-reasonix/internal/cli/mcp_manager.go:367.79,369.21 2 1
mimo-reasonix/internal/cli/mcp_manager.go:369.21,371.3 1 1
mimo-reasonix/internal/cli/mcp_manager.go:372.2,380.20 9 1
mimo-reasonix/internal/cli/mcp_manager.go:380.20,382.24 2 0
mimo-reasonix/internal/cli/mcp_manager.go:382.24,384.4 1 0
mimo-reasonix/internal/cli/mcp_manager.go:385.3,385.26 1 0
mimo-reasonix/internal/cli/mcp_manager.go:387.2,390.10 4 1
mimo-reasonix/internal/cli/mcp_manager.go:393.53,394.34 1 1
mimo-reasonix/internal/cli/mcp_manager.go:394.34,396.3 1 1
mimo-reasonix/internal/cli/mcp_manager.go:397.2,397.13 1 0
mimo-reasonix/internal/cli/mcp_manager.go:397.13,399.3 1 0
mimo-reasonix/internal/cli/mcp_manager.go:400.2,400.18 1 0
mimo-reasonix/internal/cli/mcp_manager.go:400.18,402.3 1 0
mimo-reasonix/internal/cli/mcp_manager.go:403.2,404.15 2 0
mimo-reasonix/internal/cli/mcp_manager.go:404.15,406.3 1 0
mimo-reasonix/internal/cli/mcp_manager.go:407.2,407.25 1 0
mimo-reasonix/internal/cli/mcp_manager.go:407.25,409.3 1 0
mimo-reasonix/internal/cli/mcp_manager.go:410.2,410.29 1 0
mimo-reasonix/internal/cli/mcp_manager.go:413.54,414.45 1 0
mimo-reasonix/internal/cli/mcp_manager.go:414.45,416.3 1 0
mimo-reasonix/internal/cli/mcp_manager.go:417.2,418.25 2 0
mimo-reasonix/internal/cli/mcp_manager.go:421.46,422.32 1 1
mimo-reasonix/internal/cli/mcp_manager.go:422.32,424.3 1 0
mimo-reasonix/internal/cli/mcp_manager.go:425.2,425.10 1 1
mimo-reasonix/internal/cli/mcp_manager.go:428.33,429.13 1 1
mimo-reasonix/internal/cli/mcp_manager.go:429.13,431.3 1 0
mimo-reasonix/internal/cli/mcp_manager.go:432.2,433.38 2 1
mimo-reasonix/internal/cli/mcp_manager.go:433.38,435.3 1 0
mimo-reasonix/internal/cli/mcp_manager.go:436.2,436.46 1 1
mimo-reasonix/internal/cli/mcp_manager_actions.go:22.89,23.16 1 0
mimo-reasonix/internal/cli/mcp_manager_actions.go:24.26,25.30 1 0
mimo-reasonix/internal/cli/mcp_manager_actions.go:26.21,28.36 2 0
mimo-reasonix/internal/cli/mcp_manager_actions.go:29.21,30.27 1 0
mimo-reasonix/internal/cli/mcp_manager_actions.go:31.21,32.30 1 0
mimo-reasonix/internal/cli/mcp_manager_actions.go:33.26,35.20 2 0
mimo-reasonix/internal/cli/mcp_manager_actions.go:36.24,37.33 1 0
mimo-reasonix/internal/cli/mcp_manager_actions.go:38.21,39.29 1 0
mimo-reasonix/internal/cli/mcp_manager_actions.go:40.24,41.33 1 0
mimo-reasonix/internal/cli/mcp_manager_actions.go:42.23,44.20 2 0
mimo-reasonix/internal/cli/mcp_manager_actions.go:46.2,46.15 1 0
mimo-reasonix/internal/cli/mcp_manager_actions.go:49.75,50.19 1 0
mimo-reasonix/internal/cli/mcp_manager_actions.go:50.19,53.3 2 0
mimo-reasonix/internal/cli/mcp_manager_actions.go:54.2,54.29 1 0
mimo-reasonix/internal/cli/mcp_manager_actions.go:54.29,56.3 1 0
mimo-reasonix/internal/cli/mcp_manager_actions.go:57.2,58.16 2 0
mimo-reasonix/internal/cli/mcp_manager_actions.go:58.16,61.3 2 0
mimo-reasonix/internal/cli/mcp_manager_actions.go:62.2,62.26 1 0
mimo-reasonix/internal/cli/mcp_manager_actions.go:62.26,64.3 1 0
mimo-reasonix/internal/cli/mcp_manager_actions.go:65.2,67.18 3 0
mimo-reasonix/internal/cli/mcp_manager_actions.go:67.18,70.3 2 0
mimo-reasonix/internal/cli/mcp_manager_actions.go:71.2,72.15 2 0
mimo-reasonix/internal/cli/mcp_manager_actions.go:75.75,76.19 1 0
mimo-reasonix/internal/cli/mcp_manager_actions.go:76.19,79.3 2 0
mimo-reasonix/internal/cli/mcp_manager_actions.go:80.2,81.26 2 0
mimo-reasonix/internal/cli/mcp_manager_actions.go:81.26,83.3 1 0
mimo-reasonix/internal/cli/mcp_manager_actions.go:84.2,88.18 5 0
mimo-reasonix/internal/cli/mcp_manager_actions.go:88.18,91.3 2 0
mimo-reasonix/internal/cli/mcp_manager_actions.go:92.2,92.15 1 0
mimo-reasonix/internal/cli/mcp_manager_actions.go:92.15,94.3 1 0
mimo-reasonix/internal/cli/mcp_manager_actions.go:94.8,96.3 1 0
mimo-reasonix/internal/cli/mcp_manager_actions.go:97.2,97.15 1 0
mimo-reasonix/internal/cli/mcp_manager_actions.go:100.59,102.9 2 0
mimo-reasonix/internal/cli/mcp_manager_actions.go:102.9,105.3 2 0
mimo-reasonix/internal/cli/mcp_manager_actions.go:106.2,106.19 1 0
mimo-reasonix/internal/cli/mcp_manager_actions.go:106.19,109.3 2 0
mimo-reasonix/internal/cli/mcp_manager_actions.go:110.2,111.16 2 0
mimo-reasonix/internal/cli/mcp_manager_actions.go:111.16,115.3 3 0
mimo-reasonix/internal/cli/mcp_manager_actions.go:116.2,116.26 1 0
mimo-reasonix/internal/cli/mcp_manager_actions.go:116.26,118.3 1 0
mimo-reasonix/internal/cli/mcp_manager_actions.go:119.2,121.18 3 0
mimo-reasonix/internal/cli/mcp_manager_actions.go:121.18,124.3 2 0
mimo-reasonix/internal/cli/mcp_manager_actions.go:125.2,125.18 1 0
mimo-reasonix/internal/cli/mcp_manager_actions.go:125.18,127.3 1 0
mimo-reasonix/internal/cli/mcp_manager_actions.go:127.8,129.3 1 0
mimo-reasonix/internal/cli/mcp_manager_actions.go:130.2,130.15 1 0
mimo-reasonix/internal/cli/mcp_manager_actions.go:133.65,135.9 2 1
mimo-reasonix/internal/cli/mcp_manager_actions.go:135.9,137.3 1 0
mimo-reasonix/internal/cli/mcp_manager_actions.go:138.2,139.16 2 1
mimo-reasonix/internal/cli/mcp_manager_actions.go:139.16,142.3 2 0
mimo-reasonix/internal/cli/mcp_manager_actions.go:143.2,145.29 3 1
mimo-reasonix/internal/cli/mcp_manager_actions.go:145.29,146.36 1 1
mimo-reasonix/internal/cli/mcp_manager_actions.go:146.36,148.41 2 1
mimo-reasonix/internal/cli/mcp_manager_actions.go:148.41,150.5 1 0
mimo-reasonix/internal/cli/mcp_manager_actions.go:151.4,153.9 3 1
mimo-reasonix/internal/cli/mcp_manager_actions.go:156.2,156.12 1 1
mimo-reasonix/internal/cli/mcp_manager_actions.go:156.12,159.3 2 0
mimo-reasonix/internal/cli/mcp_manager_actions.go:160.2,160.35 1 1
mimo-reasonix/internal/cli/mcp_manager_actions.go:160.35,163.3 2 0
mimo-reasonix/internal/cli/mcp_manager_actions.go:164.2,164.26 1 1
mimo-reasonix/internal/cli/mcp_manager_actions.go:164.26,166.3 1 0
mimo-reasonix/internal/cli/mcp_manager_actions.go:167.2,167.52 1 1
mimo-reasonix/internal/cli/mcp_manager_actions.go:167.52,168.70 1 1
mimo-reasonix/internal/cli/mcp_manager_actions.go:168.70,171.4 2 1
mimo-reasonix/internal/cli/mcp_manager_actions.go:172.3,172.25 1 1
mimo-reasonix/internal/cli/mcp_manager_actions.go:174.2,175.18 2 1
mimo-reasonix/internal/cli/mcp_manager_actions.go:175.18,178.3 2 1
mimo-reasonix/internal/cli/mcp_manager_actions.go:179.2,180.15 2 1
mimo-reasonix/internal/cli/mcp_manager_actions.go:183.93,184.53 1 1
mimo-reasonix/internal/cli/mcp_manager_actions.go:184.53,186.3 1 0
mimo-reasonix/internal/cli/mcp_manager_actions.go:187.2,196.9 2 1
mimo-reasonix/internal/cli/mcp_manager_actions.go:199.55,201.18 2 0
mimo-reasonix/internal/cli/mcp_manager_actions.go:201.18,203.3 1 0
mimo-reasonix/internal/cli/mcp_manager_actions.go:204.2,204.35 1 0
mimo-reasonix/internal/cli/mcp_manager_actions.go:204.35,206.3 1 0
mimo-reasonix/internal/cli/mcp_manager_actions.go:207.2,208.16 2 0
mimo-reasonix/internal/cli/mcp_manager_actions.go:208.16,211.3 2 0
mimo-reasonix/internal/cli/mcp_manager_actions.go:212.2,212.26 1 0
mimo-reasonix/internal/cli/mcp_manager_actions.go:212.26,214.3 1 0
mimo-reasonix/internal/cli/mcp_manager_actions.go:214.8,214.32 1 0
mimo-reasonix/internal/cli/mcp_manager_actions.go:214.32,216.3 1 0
mimo-reasonix/internal/cli/mcp_manager_actions.go:217.2,217.64 1 0
mimo-reasonix/internal/cli/mcp_manager_actions.go:217.64,219.3 1 0
mimo-reasonix/internal/cli/mcp_manager_actions.go:222.72,224.13 2 0
mimo-reasonix/internal/cli/mcp_manager_actions.go:224.13,227.3 2 0
mimo-reasonix/internal/cli/mcp_manager_actions.go:228.2,229.16 2 0
mimo-reasonix/internal/cli/mcp_manager_actions.go:229.16,232.3 2 0
mimo-reasonix/internal/cli/mcp_manager_actions.go:233.2,233.57 1 0
mimo-reasonix/internal/cli/mcp_manager_actions.go:233.57,235.3 1 0
mimo-reasonix/internal/cli/mcp_manager_actions.go:238.72,239.18 1 0
mimo-reasonix/internal/cli/mcp_manager_actions.go:239.18,241.3 1 0
mimo-reasonix/internal/cli/mcp_manager_actions.go:242.2,243.9 2 0
mimo-reasonix/internal/cli/mcp_manager_actions.go:243.9,246.3 2 0
mimo-reasonix/internal/cli/mcp_manager_actions.go:247.2,247.36 1 0
mimo-reasonix/internal/cli/mcp_manager_actions.go:250.79,251.15 1 0
mimo-reasonix/internal/cli/mcp_manager_actions.go:251.15,254.3 2 0
mimo-reasonix/internal/cli/mcp_manager_actions.go:255.2,256.16 2 0
mimo-reasonix/internal/cli/mcp_manager_actions.go:256.16,259.3 2 0
mimo-reasonix/internal/cli/mcp_manager_actions.go:260.2,260.19 1 0
mimo-reasonix/internal/cli/mcp_manager_actions.go:260.19,262.35 2 0
mimo-reasonix/internal/cli/mcp_manager_actions.go:262.35,264.4 1 0
mimo-reasonix/internal/cli/mcp_manager_actions.go:265.3,265.25 1 0
mimo-reasonix/internal/cli/mcp_manager_actions.go:267.2,268.18 2 0
mimo-reasonix/internal/cli/mcp_manager_actions.go:268.18,271.3 2 0
mimo-reasonix/internal/cli/mcp_manager_actions.go:272.2,272.13 1 0
mimo-reasonix/internal/cli/mcp_manager_actions.go:272.13,274.3 1 0
mimo-reasonix/internal/cli/mcp_manager_actions.go:274.8,276.3 1 0
mimo-reasonix/internal/cli/mcp_manager_actions.go:277.2,277.15 1 0
mimo-reasonix/internal/cli/mcp_manager_actions.go:280.36,282.40 2 0
mimo-reasonix/internal/cli/mcp_manager_actions.go:282.40,283.21 1 0
mimo-reasonix/internal/cli/mcp_manager_actions.go:283.21,285.4 1 0
mimo-reasonix/internal/cli/mcp_manager_actions.go:287.2,287.10 1 0
mimo-reasonix/internal/cli/mcp_manager_actions.go:290.49,291.50 1 1
mimo-reasonix/internal/cli/mcp_manager_actions.go:292.15,293.17 1 0
mimo-reasonix/internal/cli/mcp_manager_actions.go:294.28,295.22 1 1
mimo-reasonix/internal/cli/mcp_manager_actions.go:296.10,297.22 1 0
mimo-reasonix/internal/cli/mcp_manager_actions.go:298.10,299.22 1 0
mimo-reasonix/internal/cli/mcp_manager_actions.go:303.33,304.45 1 1
mimo-reasonix/internal/cli/mcp_manager_actions.go:304.45,306.3 1 1
mimo-reasonix/internal/cli/mcp_manager_actions.go:307.2,307.48 1 1
mimo-reasonix/internal/cli/mcp_manager_actions.go:307.48,309.3 1 0
mimo-reasonix/internal/cli/mcp_manager_actions.go:310.2,310.49 1 1
mimo-reasonix/internal/cli/mcp_manager_actions.go:310.49,312.3 1 1
mimo-reasonix/internal/cli/mcp_manager_actions.go:313.2,313.24 1 0
mimo-reasonix/internal/cli/mcp_manager_actions.go:322.114,324.16 2 1
mimo-reasonix/internal/cli/mcp_manager_actions.go:324.16,326.3 1 0
mimo-reasonix/internal/cli/mcp_manager_actions.go:327.2,327.68 1 1
mimo-reasonix/internal/cli/mcp_manager_actions.go:327.68,329.17 2 1
mimo-reasonix/internal/cli/mcp_manager_actions.go:329.17,331.4 1 1
mimo-reasonix/internal/cli/mcp_manager_actions.go:332.3,335.9 1 1
mimo-reasonix/internal/cli/mcp_manager_actions.go:337.2,337.68 1 1
mimo-reasonix/internal/cli/mcp_manager_actions.go:337.68,339.17 2 1
mimo-reasonix/internal/cli/mcp_manager_actions.go:339.17,341.4 1 0
mimo-reasonix/internal/cli/mcp_manager_actions.go:342.3,345.9 1 1
mimo-reasonix/internal/cli/mcp_manager_actions.go:347.2,347.21 1 1
mimo-reasonix/internal/cli/mcp_manager_actions.go:347.21,349.3 1 0
mimo-reasonix/internal/cli/mcp_manager_actions.go:350.2,350.55 1 1
mimo-reasonix/internal/cli/mcp_manager_actions.go:350.55,351.79 1 1
mimo-reasonix/internal/cli/mcp_manager_actions.go:351.79,356.4 1 1
mimo-reasonix/internal/cli/mcp_manager_actions.go:358.2,359.16 2 1
mimo-reasonix/internal/cli/mcp_manager_actions.go:359.16,361.3 1 0
mimo-reasonix/internal/cli/mcp_manager_actions.go:362.2,362.64 1 1
mimo-reasonix/internal/cli/mcp_manager_actions.go:365.49,367.36 2 1
mimo-reasonix/internal/cli/mcp_manager_actions.go:367.36,369.3 1 0
mimo-reasonix/internal/cli/mcp_manager_actions.go:370.2,370.18 1 1
mimo-reasonix/internal/cli/mcp_manager_actions.go:373.55,375.18 2 1
mimo-reasonix/internal/cli/mcp_manager_actions.go:375.18,377.3 1 0
mimo-reasonix/internal/cli/mcp_manager_actions.go:378.2,378.22 1 1
mimo-reasonix/internal/cli/mcp_manager_actions.go:379.16,380.43 1 0
mimo-reasonix/internal/cli/mcp_manager_actions.go:381.17,382.78 1 0
mimo-reasonix/internal/cli/mcp_manager_actions.go:383.10,384.47 1 1
mimo-reasonix/internal/cli/mcp_manager_actions.go:388.41,390.41 2 0
mimo-reasonix/internal/cli/mcp_manager_actions.go:390.41,392.3 1 0
mimo-reasonix/internal/cli/mcp_manager_actions.go:393.2,393.36 1 0
mimo-reasonix/internal/cli/mcp_manager_actions.go:396.44,398.2 1 1
mimo-reasonix/internal/cli/mcp_manager_actions.go:400.62,401.24 1 1
mimo-reasonix/internal/cli/mcp_manager_actions.go:401.24,403.3 1 0
mimo-reasonix/internal/cli/mcp_manager_actions.go:404.2,404.86 1 1
mimo-reasonix/internal/cli/mcp_manager_actions.go:407.44,408.32 1 1
mimo-reasonix/internal/cli/mcp_manager_actions.go:408.32,410.3 1 0
mimo-reasonix/internal/cli/mcp_manager_actions.go:411.2,411.62 1 1
mimo-reasonix/internal/cli/mcp_manager_actions.go:411.62,413.3 1 1
mimo-reasonix/internal/cli/mcp_manager_actions.go:414.2,414.47 1 1
mimo-reasonix/internal/cli/mcp_manager_actions.go:417.64,418.39 1 1
mimo-reasonix/internal/cli/mcp_manager_actions.go:418.39,420.3 1 0
mimo-reasonix/internal/cli/mcp_manager_actions.go:421.2,421.42 1 1
mimo-reasonix/internal/cli/mcp_manager_actions.go:421.42,422.21 1 0
mimo-reasonix/internal/cli/mcp_manager_actions.go:422.21,424.4 1 0
mimo-reasonix/internal/cli/mcp_manager_actions.go:426.2,426.14 1 1
mimo-reasonix/internal/cli/mcp_manager_actions.go:449.62,452.16 3 1
mimo-reasonix/internal/cli/mcp_manager_actions.go:452.16,454.3 1 1
mimo-reasonix/internal/cli/mcp_manager_actions.go:455.2,455.20 1 1
mimo-reasonix/internal/cli/mcp_manager_actions.go:455.20,457.3 1 0
mimo-reasonix/internal/cli/mcp_manager_actions.go:458.2,459.62 2 1
mimo-reasonix/internal/cli/mcp_manager_actions.go:462.53,470.18 7 1
mimo-reasonix/internal/cli/mcp_manager_actions.go:470.18,471.13 1 1
mimo-reasonix/internal/cli/mcp_manager_actions.go:471.13,475.4 3 1
mimo-reasonix/internal/cli/mcp_manager_actions.go:478.2,478.22 1 1
mimo-reasonix/internal/cli/mcp_manager_actions.go:478.22,479.10 1 1
mimo-reasonix/internal/cli/mcp_manager_actions.go:480.16,481.76 1 1
mimo-reasonix/internal/cli/mcp_manager_actions.go:481.76,483.5 1 1
mimo-reasonix/internal/cli/mcp_manager_actions.go:484.4,487.20 4 1
mimo-reasonix/internal/cli/mcp_manager_actions.go:488.35,491.24 3 1
mimo-reasonix/internal/cli/mcp_manager_actions.go:492.19,493.18 1 1
mimo-reasonix/internal/cli/mcp_manager_actions.go:493.18,495.5 1 1
mimo-reasonix/internal/cli/mcp_manager_actions.go:495.10,497.5 1 1
mimo-reasonix/internal/cli/mcp_manager_actions.go:498.4,498.17 1 1
mimo-reasonix/internal/cli/mcp_manager_actions.go:499.30,501.17 2 1
mimo-reasonix/internal/cli/mcp_manager_actions.go:502.27,503.11 1 1
mimo-reasonix/internal/cli/mcp_manager_actions.go:504.11,506.17 2 1
mimo-reasonix/internal/cli/mcp_manager_actions.go:509.2,509.13 1 1
mimo-reasonix/internal/cli/mcp_manager_actions.go:509.13,511.3 1 0
mimo-reasonix/internal/cli/mcp_manager_actions.go:512.2,512.16 1 1
mimo-reasonix/internal/cli/mcp_manager_actions.go:512.16,514.3 1 1
mimo-reasonix/internal/cli/mcp_manager_actions.go:515.2,516.18 2 1
mimo-reasonix/internal/cli/mcp_manager_actions.go:523.42,524.45 1 1
mimo-reasonix/internal/cli/mcp_manager_actions.go:524.45,526.3 1 1
mimo-reasonix/internal/cli/mcp_manager_actions.go:527.2,528.16 2 1
mimo-reasonix/internal/cli/mcp_manager_actions.go:528.16,530.3 1 0
mimo-reasonix/internal/cli/mcp_manager_actions.go:531.2,531.14 1 1
mimo-reasonix/internal/cli/mcp_manager_actions.go:531.14,533.3 1 1
mimo-reasonix/internal/cli/mcp_manager_actions.go:534.2,534.21 1 1
mimo-reasonix/internal/cli/mcp_manager_actions.go:537.31,537.44 1 0
mimo-reasonix/internal/cli/mcp_manager_view.go:12.44,13.18 1 1
mimo-reasonix/internal/cli/mcp_manager_view.go:13.18,15.3 1 1
mimo-reasonix/internal/cli/mcp_manager_view.go:16.2,16.30 1 1
mimo-reasonix/internal/cli/mcp_manager_view.go:19.47,21.17 2 1
mimo-reasonix/internal/cli/mcp_manager_view.go:22.22,23.63 1 0
mimo-reasonix/internal/cli/mcp_manager_view.go:24.21,25.62 1 0
mimo-reasonix/internal/cli/mcp_manager_view.go:26.20,27.61 1 0
mimo-reasonix/internal/cli/mcp_manager_view.go:28.29,29.70 1 0
mimo-reasonix/internal/cli/mcp_manager_view.go:30.32,31.73 1 0
mimo-reasonix/internal/cli/mcp_manager_view.go:32.10,33.61 1 1
mimo-reasonix/internal/cli/mcp_manager_view.go:37.42,38.17 1 1
mimo-reasonix/internal/cli/mcp_manager_view.go:39.22,40.75 1 0
mimo-reasonix/internal/cli/mcp_manager_view.go:41.35,42.23 1 0
mimo-reasonix/internal/cli/mcp_manager_view.go:43.55,44.67 1 1
mimo-reasonix/internal/cli/mcp_manager_view.go:45.10,46.35 1 1
mimo-reasonix/internal/cli/mcp_manager_view.go:46.35,48.4 1 0
mimo-reasonix/internal/cli/mcp_manager_view.go:49.3,49.78 1 1
mimo-reasonix/internal/cli/mcp_manager_view.go:53.51,57.26 4 1
mimo-reasonix/internal/cli/mcp_manager_view.go:57.26,59.3 1 0
mimo-reasonix/internal/cli/mcp_manager_view.go:60.2,60.34 1 1
mimo-reasonix/internal/cli/mcp_manager_view.go:60.34,63.3 2 0
mimo-reasonix/internal/cli/mcp_manager_view.go:64.2,65.15 2 1
mimo-reasonix/internal/cli/mcp_manager_view.go:65.15,67.3 1 0
mimo-reasonix/internal/cli/mcp_manager_view.go:68.2,69.31 2 1
mimo-reasonix/internal/cli/mcp_manager_view.go:69.31,72.16 3 1
mimo-reasonix/internal/cli/mcp_manager_view.go:72.16,74.4 1 1
mimo-reasonix/internal/cli/mcp_manager_view.go:75.3,75.25 1 1
mimo-reasonix/internal/cli/mcp_manager_view.go:75.25,76.23 1 1
mimo-reasonix/internal/cli/mcp_manager_view.go:76.23,78.5 1 1
mimo-reasonix/internal/cli/mcp_manager_view.go:79.4,80.59 2 1
mimo-reasonix/internal/cli/mcp_manager_view.go:80.59,82.5 1 1
mimo-reasonix/internal/cli/mcp_manager_view.go:83.4,84.21 2 1
mimo-reasonix/internal/cli/mcp_manager_view.go:86.3,86.53 1 1
mimo-reasonix/internal/cli/mcp_manager_view.go:88.2,88.35 1 1
mimo-reasonix/internal/cli/mcp_manager_view.go:88.35,90.3 1 0
mimo-reasonix/internal/cli/mcp_manager_view.go:91.2,91.44 1 1
mimo-reasonix/internal/cli/mcp_manager_view.go:94.78,96.16 2 1
mimo-reasonix/internal/cli/mcp_manager_view.go:96.16,98.3 1 1
mimo-reasonix/internal/cli/mcp_manager_view.go:99.2,103.19 5 1
mimo-reasonix/internal/cli/mcp_manager_view.go:103.19,105.3 1 0
mimo-reasonix/internal/cli/mcp_manager_view.go:106.2,106.21 1 1
mimo-reasonix/internal/cli/mcp_manager_view.go:106.21,108.3 1 0
mimo-reasonix/internal/cli/mcp_manager_view.go:109.2,109.23 1 1
mimo-reasonix/internal/cli/mcp_manager_view.go:109.23,111.3 1 1
mimo-reasonix/internal/cli/mcp_manager_view.go:112.2,115.16 4 1
mimo-reasonix/internal/cli/mcp_manager_view.go:115.16,117.3 1 1
mimo-reasonix/internal/cli/mcp_manager_view.go:118.2,118.64 1 1
mimo-reasonix/internal/cli/mcp_manager_view.go:121.53,123.9 2 1
mimo-reasonix/internal/cli/mcp_manager_view.go:123.9,125.3 1 0
mimo-reasonix/internal/cli/mcp_manager_view.go:126.2,127.30 2 1
mimo-reasonix/internal/cli/mcp_manager_view.go:127.30,129.3 1 0
mimo-reasonix/internal/cli/mcp_manager_view.go:130.2,133.41 4 1
mimo-reasonix/internal/cli/mcp_manager_view.go:133.41,135.3 1 1
mimo-reasonix/internal/cli/mcp_manager_view.go:136.2,137.15 2 1
mimo-reasonix/internal/cli/mcp_manager_view.go:137.15,139.3 1 0
mimo-reasonix/internal/cli/mcp_manager_view.go:139.8,141.25 2 1
mimo-reasonix/internal/cli/mcp_manager_view.go:141.25,143.4 1 1
mimo-reasonix/internal/cli/mcp_manager_view.go:144.3,144.50 1 1
mimo-reasonix/internal/cli/mcp_manager_view.go:146.2,148.43 3 1
mimo-reasonix/internal/cli/mcp_manager_view.go:148.43,150.3 1 1
mimo-reasonix/internal/cli/mcp_manager_view.go:151.2,151.24 1 1
mimo-reasonix/internal/cli/mcp_manager_view.go:151.24,153.3 1 0
mimo-reasonix/internal/cli/mcp_manager_view.go:154.2,154.19 1 1
mimo-reasonix/internal/cli/mcp_manager_view.go:154.19,156.3 1 1
mimo-reasonix/internal/cli/mcp_manager_view.go:157.2,158.23 2 1
mimo-reasonix/internal/cli/mcp_manager_view.go:158.23,160.3 1 0
mimo-reasonix/internal/cli/mcp_manager_view.go:160.8,161.29 1 1
mimo-reasonix/internal/cli/mcp_manager_view.go:161.29,163.4 1 1
mimo-reasonix/internal/cli/mcp_manager_view.go:165.2,165.44 1 1
mimo-reasonix/internal/cli/mcp_manager_view.go:168.52,170.9 2 0
mimo-reasonix/internal/cli/mcp_manager_view.go:170.9,172.3 1 0
mimo-reasonix/internal/cli/mcp_manager_view.go:173.2,175.26 3 0
mimo-reasonix/internal/cli/mcp_manager_view.go:175.26,177.3 1 0
mimo-reasonix/internal/cli/mcp_manager_view.go:177.8,179.29 2 0
mimo-reasonix/internal/cli/mcp_manager_view.go:179.29,181.4 1 0
mimo-reasonix/internal/cli/mcp_manager_view.go:182.3,182.40 1 0
mimo-reasonix/internal/cli/mcp_manager_view.go:182.40,185.4 2 0
mimo-reasonix/internal/cli/mcp_manager_view.go:186.3,186.50 1 0
mimo-reasonix/internal/cli/mcp_manager_view.go:186.50,188.4 1 0
mimo-reasonix/internal/cli/mcp_manager_view.go:190.2,190.44 1 0
mimo-reasonix/internal/cli/mcp_manager_view.go:193.51,195.9 2 0
mimo-reasonix/internal/cli/mcp_manager_view.go:195.9,197.3 1 0
mimo-reasonix/internal/cli/mcp_manager_view.go:198.2,200.38 3 0
mimo-reasonix/internal/cli/mcp_manager_view.go:200.38,202.3 1 0
mimo-reasonix/internal/cli/mcp_manager_view.go:202.8,204.3 1 0
mimo-reasonix/internal/cli/mcp_manager_view.go:205.2,205.44 1 0
mimo-reasonix/internal/cli/mcp_manager_view.go:208.60,210.9 2 0
mimo-reasonix/internal/cli/mcp_manager_view.go:210.9,212.3 1 0
mimo-reasonix/internal/cli/mcp_manager_view.go:213.2,218.44 6 0
mimo-reasonix/internal/cli/mcp_manager_view.go:221.63,223.9 2 1
mimo-reasonix/internal/cli/mcp_manager_view.go:223.9,225.3 1 0
mimo-reasonix/internal/cli/mcp_manager_view.go:226.2,232.44 7 1
mimo-reasonix/internal/cli/mcp_manager_view.go:235.72,237.40 2 1
mimo-reasonix/internal/cli/mcp_manager_view.go:237.40,239.3 1 0
mimo-reasonix/internal/cli/mcp_manager_view.go:240.2,240.26 1 1
mimo-reasonix/internal/cli/mcp_manager_view.go:240.26,241.47 1 1
mimo-reasonix/internal/cli/mcp_manager_view.go:241.47,243.4 1 1
mimo-reasonix/internal/cli/mcp_manager_view.go:243.9,245.4 1 0
mimo-reasonix/internal/cli/mcp_manager_view.go:246.3,246.25 1 1
mimo-reasonix/internal/cli/mcp_manager_view.go:246.25,248.4 1 1
mimo-reasonix/internal/cli/mcp_manager_view.go:249.3,250.13 2 1
mimo-reasonix/internal/cli/mcp_manager_view.go:252.2,252.18 1 1
mimo-reasonix/internal/cli/mcp_manager_view.go:253.19,254.66 1 0
mimo-reasonix/internal/cli/mcp_manager_view.go:255.18,256.66 1 1
mimo-reasonix/internal/cli/mcp_manager_view.go:257.18,258.75 1 0
mimo-reasonix/internal/cli/mcp_manager_view.go:260.2,261.24 2 1
mimo-reasonix/internal/cli/mcp_manager_view.go:261.24,263.3 1 1
mimo-reasonix/internal/cli/mcp_manager_view.go:264.2,264.28 1 1
mimo-reasonix/internal/cli/mcp_manager_view.go:264.28,266.3 1 1
mimo-reasonix/internal/cli/mcp_manager_view.go:267.2,267.16 1 1
mimo-reasonix/internal/cli/mcp_manager_view.go:267.16,269.3 1 1
mimo-reasonix/internal/cli/mcp_manager_view.go:270.2,270.12 1 1
mimo-reasonix/internal/cli/mcp_manager_view.go:273.112,274.38 1 1
mimo-reasonix/internal/cli/mcp_manager_view.go:274.38,276.3 1 1
mimo-reasonix/internal/cli/mcp_manager_view.go:277.2,278.28 2 1
mimo-reasonix/internal/cli/mcp_manager_view.go:278.28,280.3 1 1
mimo-reasonix/internal/cli/mcp_manager_view.go:281.2,281.16 1 1
mimo-reasonix/internal/cli/mcp_manager_view.go:281.16,283.3 1 1
mimo-reasonix/internal/cli/mcp_manager_view.go:284.2,284.12 1 1
mimo-reasonix/internal/cli/mcp_manager_view.go:287.102,288.18 1 1
mimo-reasonix/internal/cli/mcp_manager_view.go:288.18,289.37 1 1
mimo-reasonix/internal/cli/mcp_manager_view.go:289.37,291.4 1 1
mimo-reasonix/internal/cli/mcp_manager_view.go:293.2,293.12 1 1
mimo-reasonix/internal/cli/mcp_manager_view.go:296.67,297.36 1 1
mimo-reasonix/internal/cli/mcp_manager_view.go:297.36,299.3 1 0
mimo-reasonix/internal/cli/mcp_manager_view.go:300.2,300.48 1 1
mimo-reasonix/internal/cli/mcp_manager_view.go:303.45,304.9 1 1
mimo-reasonix/internal/cli/mcp_manager_view.go:305.31,306.32 1 1
mimo-reasonix/internal/cli/mcp_manager_view.go:307.72,308.44 1 1
mimo-reasonix/internal/cli/mcp_manager_view.go:309.28,310.27 1 0
mimo-reasonix/internal/cli/mcp_manager_view.go:311.30,312.39 1 1
mimo-reasonix/internal/cli/mcp_manager_view.go:313.34,314.29 1 0
mimo-reasonix/internal/cli/mcp_manager_view.go:315.30,316.24 1 0
mimo-reasonix/internal/cli/mcp_manager_view.go:317.10,318.29 1 0
mimo-reasonix/internal/cli/mcp_manager_view.go:322.43,323.9 1 1
mimo-reasonix/internal/cli/mcp_manager_view.go:324.31,325.36 1 0
mimo-reasonix/internal/cli/mcp_manager_view.go:326.48,327.38 1 1
mimo-reasonix/internal/cli/mcp_manager_view.go:328.48,329.42 1 1
mimo-reasonix/internal/cli/mcp_manager_view.go:330.10,331.12 1 1
mimo-reasonix/internal/cli/mcp_manager_view.go:335.50,337.17 2 1
mimo-reasonix/internal/cli/mcp_manager_view.go:337.17,339.3 1 0
mimo-reasonix/internal/cli/mcp_manager_view.go:340.2,340.19 1 1
mimo-reasonix/internal/cli/mcp_manager_view.go:340.19,342.3 1 0
mimo-reasonix/internal/cli/mcp_manager_view.go:343.2,343.21 1 1
mimo-reasonix/internal/cli/mcp_manager_view.go:343.21,345.3 1 0
mimo-reasonix/internal/cli/mcp_manager_view.go:346.2,346.20 1 1
mimo-reasonix/internal/cli/mcp_manager_view.go:346.20,348.3 1 1
mimo-reasonix/internal/cli/mcp_manager_view.go:349.2,349.33 1 0
mimo-reasonix/internal/cli/mcp_manager_view.go:352.46,353.51 1 1
mimo-reasonix/internal/cli/mcp_manager_view.go:353.51,355.3 1 1
mimo-reasonix/internal/cli/mcp_manager_view.go:356.2,356.18 1 1
mimo-reasonix/internal/cli/mcp_manager_view.go:359.45,360.51 1 1
mimo-reasonix/internal/cli/mcp_manager_view.go:360.51,362.3 1 1
mimo-reasonix/internal/cli/mcp_manager_view.go:363.2,363.71 1 1
mimo-reasonix/internal/cli/mcp_view.go:13.152,18.28 4 1
mimo-reasonix/internal/cli/mcp_view.go:18.28,20.3 1 1
mimo-reasonix/internal/cli/mcp_view.go:21.2,22.30 2 1
mimo-reasonix/internal/cli/mcp_view.go:22.30,24.3 1 1
mimo-reasonix/internal/cli/mcp_view.go:26.2,27.28 2 1
mimo-reasonix/internal/cli/mcp_view.go:27.28,30.3 2 1
mimo-reasonix/internal/cli/mcp_view.go:31.2,31.81 1 1
mimo-reasonix/internal/cli/mcp_view.go:31.81,33.3 1 0
mimo-reasonix/internal/cli/mcp_view.go:34.2,34.29 1 1
mimo-reasonix/internal/cli/mcp_view.go:34.29,36.3 1 1
mimo-reasonix/internal/cli/mcp_view.go:37.2,37.44 1 1
mimo-reasonix/internal/cli/mcp_view.go:40.129,42.28 2 1
mimo-reasonix/internal/cli/mcp_view.go:42.28,43.18 1 1
mimo-reasonix/internal/cli/mcp_view.go:43.18,45.4 1 0
mimo-reasonix/internal/cli/mcp_view.go:47.2,47.30 1 1
mimo-reasonix/internal/cli/mcp_view.go:47.30,48.18 1 1
mimo-reasonix/internal/cli/mcp_view.go:48.18,50.4 1 0
mimo-reasonix/internal/cli/mcp_view.go:52.2,53.24 2 1
mimo-reasonix/internal/cli/mcp_view.go:53.24,55.3 1 0
mimo-reasonix/internal/cli/mcp_view.go:56.2,57.14 2 1
mimo-reasonix/internal/cli/mcp_view.go:60.129,62.21 2 1
mimo-reasonix/internal/cli/mcp_view.go:62.21,64.3 1 0
mimo-reasonix/internal/cli/mcp_view.go:65.2,68.22 4 1
mimo-reasonix/internal/cli/mcp_view.go:68.22,70.3 1 1
mimo-reasonix/internal/cli/mcp_view.go:71.2,71.24 1 1
mimo-reasonix/internal/cli/mcp_view.go:71.24,73.3 1 1
mimo-reasonix/internal/cli/mcp_view.go:76.71,78.21 2 1
mimo-reasonix/internal/cli/mcp_view.go:78.21,80.3 1 0
mimo-reasonix/internal/cli/mcp_view.go:81.2,83.134 3 1
mimo-reasonix/internal/cli/mcp_view.go:86.81,89.35 3 1
mimo-reasonix/internal/cli/mcp_view.go:89.35,91.3 1 0
mimo-reasonix/internal/cli/mcp_view.go:92.2,92.36 1 1
mimo-reasonix/internal/cli/mcp_view.go:92.36,94.3 1 1
mimo-reasonix/internal/cli/mcp_view.go:95.2,95.46 1 1
mimo-reasonix/internal/cli/mcp_view.go:95.46,97.3 1 0
mimo-reasonix/internal/cli/mcp_view.go:100.87,103.35 3 1
mimo-reasonix/internal/cli/mcp_view.go:103.35,105.3 1 1
mimo-reasonix/internal/cli/mcp_view.go:106.2,106.38 1 1
mimo-reasonix/internal/cli/mcp_view.go:106.38,108.18 2 1
mimo-reasonix/internal/cli/mcp_view.go:108.18,110.4 1 1
mimo-reasonix/internal/cli/mcp_view.go:111.3,111.23 1 1
mimo-reasonix/internal/cli/mcp_view.go:111.23,112.19 1 1
mimo-reasonix/internal/cli/mcp_view.go:112.19,114.5 1 0
mimo-reasonix/internal/cli/mcp_view.go:114.10,116.5 1 1
mimo-reasonix/internal/cli/mcp_view.go:118.3,118.66 1 1
mimo-reasonix/internal/cli/mcp_view.go:120.2,120.48 1 1
mimo-reasonix/internal/cli/mcp_view.go:120.48,122.3 1 1
mimo-reasonix/internal/cli/mcp_view.go:125.76,129.34 4 1
mimo-reasonix/internal/cli/mcp_view.go:129.34,133.3 3 1
mimo-reasonix/internal/cli/mcp_view.go:134.2,136.20 3 1
mimo-reasonix/internal/cli/mcp_view.go:136.20,139.3 2 0
mimo-reasonix/internal/cli/mcp_view.go:140.2,141.22 2 1
mimo-reasonix/internal/cli/mcp_view.go:141.22,143.3 1 1
mimo-reasonix/internal/cli/mcp_view.go:144.2,145.19 2 1
mimo-reasonix/internal/cli/mcp_view.go:148.35,150.2 1 1
mimo-reasonix/internal/cli/mcp_view.go:152.43,153.12 1 1
mimo-reasonix/internal/cli/mcp_view.go:153.12,155.3 1 1
mimo-reasonix/internal/cli/mcp_view.go:156.2,156.39 1 1
mimo-reasonix/internal/cli/mcp_view.go:159.48,160.50 1 1
mimo-reasonix/internal/cli/mcp_view.go:160.50,162.3 1 1
mimo-reasonix/internal/cli/mcp_view.go:163.2,163.19 1 1
mimo-reasonix/internal/cli/mcp_view.go:163.19,165.3 1 1
mimo-reasonix/internal/cli/mcp_view.go:166.2,167.22 2 1
mimo-reasonix/internal/cli/mcp_view.go:167.22,169.38 2 1
mimo-reasonix/internal/cli/mcp_view.go:169.38,170.9 1 1
mimo-reasonix/internal/cli/mcp_view.go:172.3,172.19 1 1
mimo-reasonix/internal/cli/mcp_view.go:174.2,174.29 1 1
mimo-reasonix/internal/cli/mcp_view.go:177.51,178.50 1 1
mimo-reasonix/internal/cli/mcp_view.go:178.50,180.3 1 1
mimo-reasonix/internal/cli/mcp_view.go:181.2,181.19 1 1
mimo-reasonix/internal/cli/mcp_view.go:181.19,183.3 1 0
mimo-reasonix/internal/cli/mcp_view.go:184.2,189.29 6 1
mimo-reasonix/internal/cli/mcp_view.go:192.51,194.22 2 1
mimo-reasonix/internal/cli/mcp_view.go:194.22,196.36 2 1
mimo-reasonix/internal/cli/mcp_view.go:196.36,197.9 1 1
mimo-reasonix/internal/cli/mcp_view.go:199.3,199.19 1 1
mimo-reasonix/internal/cli/mcp_view.go:201.2,201.21 1 1
mimo-reasonix/internal/cli/mcp_view.go:204.52,207.44 3 1
mimo-reasonix/internal/cli/mcp_view.go:207.44,209.25 2 1
mimo-reasonix/internal/cli/mcp_view.go:209.25,210.9 1 1
mimo-reasonix/internal/cli/mcp_view.go:212.3,213.13 2 1
mimo-reasonix/internal/cli/mcp_view.go:215.2,215.52 1 1
mimo-reasonix/internal/cli/mcp_view.go:215.52,217.3 1 1
mimo-reasonix/internal/cli/mcp_view.go:218.2,218.20 1 1
mimo-reasonix/internal/cli/mcp_view.go:221.37,223.52 2 1
mimo-reasonix/internal/cli/mcp_view.go:223.52,225.3 1 1
mimo-reasonix/internal/cli/mcp_view.go:226.2,226.12 1 1
mimo-reasonix/internal/cli/md.go:29.49,30.16 1 1
mimo-reasonix/internal/cli/md.go:30.16,32.3 1 0
mimo-reasonix/internal/cli/md.go:35.2,43.3 1 1
mimo-reasonix/internal/cli/md.go:46.30,47.19 1 1
mimo-reasonix/internal/cli/md.go:47.19,49.3 1 1
mimo-reasonix/internal/cli/md.go:50.2,50.34 1 1
mimo-reasonix/internal/cli/md.go:56.50,57.36 1 1
mimo-reasonix/internal/cli/md.go:57.36,59.3 1 1
mimo-reasonix/internal/cli/md.go:60.2,66.15 7 1
mimo-reasonix/internal/cli/md.go:66.15,68.3 1 0
mimo-reasonix/internal/cli/md.go:69.2,69.19 1 1
mimo-reasonix/internal/cli/md.go:80.38,90.25 8 1
mimo-reasonix/internal/cli/md.go:90.25,94.68 2 1
mimo-reasonix/internal/cli/md.go:94.68,98.12 4 1
mimo-reasonix/internal/cli/md.go:101.3,101.28 1 1
mimo-reasonix/internal/cli/md.go:101.28,104.12 3 1
mimo-reasonix/internal/cli/md.go:107.3,107.25 1 1
mimo-reasonix/internal/cli/md.go:107.25,109.12 2 1
mimo-reasonix/internal/cli/md.go:113.3,113.16 1 1
mimo-reasonix/internal/cli/md.go:113.16,116.12 3 1
mimo-reasonix/internal/cli/md.go:119.3,119.47 1 1
mimo-reasonix/internal/cli/md.go:119.47,126.79 4 1
mimo-reasonix/internal/cli/md.go:126.79,128.5 1 1
mimo-reasonix/internal/cli/md.go:129.4,129.12 1 1
mimo-reasonix/internal/cli/md.go:132.3,132.17 1 1
mimo-reasonix/internal/cli/md.go:134.2,134.19 1 1
mimo-reasonix/internal/cli/md.go:140.30,141.15 1 1
mimo-reasonix/internal/cli/md.go:141.15,143.3 1 1
mimo-reasonix/internal/cli/md.go:145.2,145.9 1 1
mimo-reasonix/internal/cli/md.go:146.34,147.14 1 1
mimo-reasonix/internal/cli/md.go:148.34,149.14 1 1
mimo-reasonix/internal/cli/md.go:150.34,151.14 1 1
mimo-reasonix/internal/cli/md.go:152.34,153.14 1 0
mimo-reasonix/internal/cli/md.go:154.34,155.14 1 0
mimo-reasonix/internal/cli/md.go:158.2,158.27 1 1
mimo-reasonix/internal/cli/md.go:162.27,164.2 1 1
mimo-reasonix/internal/cli/md.go:166.98,167.62 1 1
mimo-reasonix/internal/cli/md.go:167.62,169.3 1 1
mimo-reasonix/internal/cli/md.go:172.95,173.26 1 1
mimo-reasonix/internal/cli/md.go:174.20,175.39 1 1
mimo-reasonix/internal/cli/md.go:176.22,177.41 1 1
mimo-reasonix/internal/cli/md.go:178.22,181.41 1 0
mimo-reasonix/internal/cli/md.go:182.17,183.36 1 1
mimo-reasonix/internal/cli/md.go:184.44,185.38 1 1
mimo-reasonix/internal/cli/md.go:186.23,187.42 1 0
mimo-reasonix/internal/cli/md.go:188.21,189.37 1 1
mimo-reasonix/internal/cli/md.go:190.26,192.12 2 1
mimo-reasonix/internal/cli/md.go:192.12,194.4 1 0
mimo-reasonix/internal/cli/md.go:195.3,197.26 3 1
mimo-reasonix/internal/cli/md.go:198.10,200.41 1 0
mimo-reasonix/internal/cli/md.go:204.98,212.18 5 1
mimo-reasonix/internal/cli/md.go:212.18,216.3 3 1
mimo-reasonix/internal/cli/md.go:217.2,217.23 1 1
mimo-reasonix/internal/cli/md.go:220.102,222.2 1 1
mimo-reasonix/internal/cli/md.go:224.102,226.2 1 0
mimo-reasonix/internal/cli/md.go:228.118,232.52 4 1
mimo-reasonix/internal/cli/md.go:232.52,236.3 3 1
mimo-reasonix/internal/cli/md.go:237.2,237.19 1 1
mimo-reasonix/internal/cli/md.go:237.19,239.3 1 1
mimo-reasonix/internal/cli/md.go:242.92,244.57 2 1
mimo-reasonix/internal/cli/md.go:244.57,246.10 2 1
mimo-reasonix/internal/cli/md.go:246.10,247.12 1 0
mimo-reasonix/internal/cli/md.go:249.3,250.20 2 1
mimo-reasonix/internal/cli/md.go:250.20,253.4 2 1
mimo-reasonix/internal/cli/md.go:253.9,255.4 1 1
mimo-reasonix/internal/cli/md.go:256.3,265.24 6 1
mimo-reasonix/internal/cli/md.go:265.24,270.32 5 1
mimo-reasonix/internal/cli/md.go:270.32,273.5 2 0
mimo-reasonix/internal/cli/md.go:274.4,274.64 1 1
mimo-reasonix/internal/cli/md.go:274.64,276.5 1 0
mimo-reasonix/internal/cli/md.go:277.9,280.4 2 0
mimo-reasonix/internal/cli/md.go:282.2,282.23 1 1
mimo-reasonix/internal/cli/md.go:285.93,287.39 2 1
mimo-reasonix/internal/cli/md.go:287.39,293.3 5 1
mimo-reasonix/internal/cli/md.go:294.2,294.23 1 1
mimo-reasonix/internal/cli/md.go:297.104,301.84 4 0
mimo-reasonix/internal/cli/md.go:301.84,305.3 3 0
mimo-reasonix/internal/cli/md.go:306.2,306.23 1 0
mimo-reasonix/internal/cli/md.go:310.67,314.2 3 1
mimo-reasonix/internal/cli/md.go:316.79,317.57 1 1
mimo-reasonix/internal/cli/md.go:317.57,318.24 1 1
mimo-reasonix/internal/cli/md.go:319.18,321.11 2 1
mimo-reasonix/internal/cli/md.go:322.27,323.22 1 0
mimo-reasonix/internal/cli/md.go:324.27,325.21 1 1
mimo-reasonix/internal/cli/md.go:327.22,330.20 3 1
mimo-reasonix/internal/cli/md.go:330.20,332.5 1 1
mimo-reasonix/internal/cli/md.go:332.10,334.5 1 1
mimo-reasonix/internal/cli/md.go:335.22,338.41 3 1
mimo-reasonix/internal/cli/md.go:339.18,343.58 4 0
mimo-reasonix/internal/cli/md.go:344.22,345.37 1 0
mimo-reasonix/internal/cli/md.go:346.21,346.21 0 0
mimo-reasonix/internal/cli/md.go:348.18,349.34 1 1
mimo-reasonix/internal/cli/md.go:350.20,351.20 1 0
mimo-reasonix/internal/cli/md.go:352.11,353.29 1 0
mimo-reasonix/internal/cli/md.go:365.97,369.57 3 1
mimo-reasonix/internal/cli/md.go:369.57,370.26 1 1
mimo-reasonix/internal/cli/md.go:371.28,372.37 1 1
mimo-reasonix/internal/cli/md.go:373.25,374.49 1 1
mimo-reasonix/internal/cli/md.go:377.2,377.40 1 1
mimo-reasonix/internal/cli/md.go:377.40,379.3 1 0
mimo-reasonix/internal/cli/md.go:381.2,382.27 2 1
mimo-reasonix/internal/cli/md.go:382.27,383.22 1 1
mimo-reasonix/internal/cli/md.go:383.22,385.4 1 0
mimo-reasonix/internal/cli/md.go:387.2,387.15 1 1
mimo-reasonix/internal/cli/md.go:387.15,389.3 1 0
mimo-reasonix/internal/cli/md.go:392.2,393.25 2 1
mimo-reasonix/internal/cli/md.go:393.25,394.32 1 1
mimo-reasonix/internal/cli/md.go:394.32,396.4 1 1
mimo-reasonix/internal/cli/md.go:398.2,398.27 1 1
mimo-reasonix/internal/cli/md.go:398.27,400.3 1 1
mimo-reasonix/internal/cli/md.go:401.2,401.27 1 1
mimo-reasonix/internal/cli/md.go:401.27,402.25 1 1
mimo-reasonix/internal/cli/md.go:402.25,404.4 1 1
mimo-reasonix/internal/cli/md.go:411.2,412.24 2 1
mimo-reasonix/internal/cli/md.go:412.24,414.3 1 0
mimo-reasonix/internal/cli/md.go:415.2,416.27 2 1
mimo-reasonix/internal/cli/md.go:416.27,418.3 1 1
mimo-reasonix/internal/cli/md.go:419.2,419.23 1 1
mimo-reasonix/internal/cli/md.go:419.23,420.25 1 0
mimo-reasonix/internal/cli/md.go:420.25,422.21 2 0
mimo-reasonix/internal/cli/md.go:422.21,424.5 1 0
mimo-reasonix/internal/cli/md.go:428.2,431.21 3 1
mimo-reasonix/internal/cli/md.go:431.21,434.25 3 1
mimo-reasonix/internal/cli/md.go:434.25,435.13 1 1
mimo-reasonix/internal/cli/md.go:435.13,437.5 1 1
mimo-reasonix/internal/cli/md.go:438.4,438.58 1 1
mimo-reasonix/internal/cli/md.go:440.3,440.22 1 1
mimo-reasonix/internal/cli/md.go:442.2,442.27 1 1
mimo-reasonix/internal/cli/md.go:442.27,444.3 1 1
mimo-reasonix/internal/cli/md.go:445.2,445.21 1 1
mimo-reasonix/internal/cli/md.go:452.124,456.28 4 1
mimo-reasonix/internal/cli/md.go:456.28,458.21 2 1
mimo-reasonix/internal/cli/md.go:458.21,460.4 1 1
mimo-reasonix/internal/cli/md.go:461.3,462.33 2 1
mimo-reasonix/internal/cli/md.go:462.33,464.4 1 0
mimo-reasonix/internal/cli/md.go:466.2,466.41 1 1
mimo-reasonix/internal/cli/md.go:466.41,468.29 2 1
mimo-reasonix/internal/cli/md.go:468.29,469.13 1 1
mimo-reasonix/internal/cli/md.go:469.13,471.5 1 1
mimo-reasonix/internal/cli/md.go:472.4,473.30 2 1
mimo-reasonix/internal/cli/md.go:473.30,475.5 1 1
mimo-reasonix/internal/cli/md.go:476.4,477.16 2 1
mimo-reasonix/internal/cli/md.go:477.16,479.5 1 1
mimo-reasonix/internal/cli/md.go:480.4,480.27 1 1
mimo-reasonix/internal/cli/md.go:482.3,482.22 1 1
mimo-reasonix/internal/cli/md.go:488.73,490.62 2 1
mimo-reasonix/internal/cli/md.go:490.62,491.44 1 1
mimo-reasonix/internal/cli/md.go:491.44,493.4 1 1
mimo-reasonix/internal/cli/md.go:495.2,495.12 1 1
mimo-reasonix/internal/cli/md.go:501.41,502.18 1 1
mimo-reasonix/internal/cli/md.go:503.38,504.11 1 1
mimo-reasonix/internal/cli/md.go:506.2,506.12 1 0
mimo-reasonix/internal/cli/md.go:513.46,514.15 1 1
mimo-reasonix/internal/cli/md.go:514.15,516.3 1 0
mimo-reasonix/internal/cli/md.go:517.2,517.35 1 1
mimo-reasonix/internal/cli/memory.go:13.32,15.71 2 0
mimo-reasonix/internal/cli/memory.go:15.71,18.3 2 0
mimo-reasonix/internal/cli/memory.go:19.2,19.42 1 0
mimo-reasonix/internal/cli/memory.go:24.45,25.16 1 0
mimo-reasonix/internal/cli/memory.go:25.16,28.3 2 0
mimo-reasonix/internal/cli/memory.go:29.2,29.50 1 0
mimo-reasonix/internal/cli/memory.go:29.50,32.3 2 0
mimo-reasonix/internal/cli/memory.go:33.2,33.51 1 0
mimo-reasonix/internal/cli/memory_v5.go:10.52,12.19 2 1
mimo-reasonix/internal/cli/memory_v5.go:12.19,15.3 2 0
mimo-reasonix/internal/cli/memory_v5.go:16.2,16.59 1 1
mimo-reasonix/internal/cli/memory_v5.go:16.59,18.17 2 0
mimo-reasonix/internal/cli/memory_v5.go:18.17,21.4 2 0
mimo-reasonix/internal/cli/memory_v5.go:22.3,23.9 2 0
mimo-reasonix/internal/cli/memory_v5.go:25.2,25.39 1 1
mimo-reasonix/internal/cli/memory_v5.go:25.39,28.3 2 0
mimo-reasonix/internal/cli/memory_v5.go:29.2,30.16 2 1
mimo-reasonix/internal/cli/memory_v5.go:30.16,33.3 2 0
mimo-reasonix/internal/cli/memory_v5.go:35.2,36.16 2 1
mimo-reasonix/internal/cli/memory_v5.go:36.16,39.3 2 0
mimo-reasonix/internal/cli/memory_v5.go:40.2,41.63 2 1
mimo-reasonix/internal/cli/memory_v5.go:41.63,44.3 2 0
mimo-reasonix/internal/cli/memory_v5.go:45.2,45.42 1 1
mimo-reasonix/internal/cli/memory_v5.go:45.42,48.3 2 0
mimo-reasonix/internal/cli/memory_v5.go:50.2,50.19 1 1
mimo-reasonix/internal/cli/memory_v5.go:50.19,52.3 1 1
mimo-reasonix/internal/cli/memory_v5.go:53.2,53.72 1 1
mimo-reasonix/internal/cli/memory_v5.go:56.54,57.50 1 1
mimo-reasonix/internal/cli/memory_v5.go:58.12,59.19 1 0
mimo-reasonix/internal/cli/memory_v5.go:60.13,61.20 1 1
mimo-reasonix/internal/cli/memory_v5.go:62.10,63.72 1 0
mimo-reasonix/internal/cli/memory_v5.go:67.43,68.13 1 1
mimo-reasonix/internal/cli/memory_v5.go:68.13,70.3 1 0
mimo-reasonix/internal/cli/memory_v5.go:71.2,71.14 1 1
mimo-reasonix/internal/cli/memory_view.go:11.54,14.23 3 1
mimo-reasonix/internal/cli/memory_view.go:14.23,16.30 2 1
mimo-reasonix/internal/cli/memory_view.go:16.30,19.4 2 1
mimo-reasonix/internal/cli/memory_view.go:21.2,24.14 4 1
mimo-reasonix/internal/cli/memory_view.go:24.14,25.24 1 1
mimo-reasonix/internal/cli/memory_view.go:25.24,27.4 1 1
mimo-reasonix/internal/cli/memory_view.go:28.3,30.27 3 1
mimo-reasonix/internal/cli/memory_view.go:30.27,32.19 2 1
mimo-reasonix/internal/cli/memory_view.go:32.19,34.5 1 0
mimo-reasonix/internal/cli/memory_view.go:35.4,36.19 2 1
mimo-reasonix/internal/cli/memory_view.go:36.19,38.5 1 1
mimo-reasonix/internal/cli/memory_view.go:39.4,39.103 1 1
mimo-reasonix/internal/cli/memory_view.go:42.2,42.23 1 1
mimo-reasonix/internal/cli/memory_view.go:42.23,43.36 1 0
mimo-reasonix/internal/cli/memory_view.go:43.36,45.4 1 0
mimo-reasonix/internal/cli/memory_view.go:46.3,47.30 2 0
mimo-reasonix/internal/cli/memory_view.go:47.30,49.30 2 0
mimo-reasonix/internal/cli/memory_view.go:49.30,51.5 1 0
mimo-reasonix/internal/cli/memory_view.go:52.4,54.78 3 0
mimo-reasonix/internal/cli/memory_view.go:57.2,57.60 1 1
mimo-reasonix/internal/cli/memory_view.go:57.60,59.3 1 1
mimo-reasonix/internal/cli/memory_view.go:60.2,62.44 3 1
mimo-reasonix/internal/cli/model.go:16.52,18.19 2 0
mimo-reasonix/internal/cli/model.go:18.19,21.3 2 0
mimo-reasonix/internal/cli/model.go:22.2,23.30 2 0
mimo-reasonix/internal/cli/model.go:23.30,26.3 2 0
mimo-reasonix/internal/cli/model.go:27.2,27.22 1 0
mimo-reasonix/internal/cli/model.go:27.22,30.3 2 0
mimo-reasonix/internal/cli/model.go:31.2,31.23 1 0
mimo-reasonix/internal/cli/model.go:31.23,34.3 2 0
mimo-reasonix/internal/cli/model.go:39.2,42.42 4 0
mimo-reasonix/internal/cli/model.go:42.42,44.3 1 0
mimo-reasonix/internal/cli/model.go:45.2,58.40 5 0
mimo-reasonix/internal/cli/model.go:58.40,60.17 2 0
mimo-reasonix/internal/cli/model.go:60.17,62.4 1 0
mimo-reasonix/internal/cli/model.go:69.3,77.4 1 0
mimo-reasonix/internal/cli/model.go:82.32,84.16 2 0
mimo-reasonix/internal/cli/model.go:84.16,87.3 2 0
mimo-reasonix/internal/cli/model.go:88.2,89.31 2 0
mimo-reasonix/internal/cli/model.go:89.31,91.22 2 0
mimo-reasonix/internal/cli/model.go:91.22,92.12 1 0
mimo-reasonix/internal/cli/model.go:94.3,94.43 1 0
mimo-reasonix/internal/cli/model.go:94.43,96.4 1 0
mimo-reasonix/internal/cli/model.go:98.2,98.55 1 0
mimo-reasonix/internal/cli/model.go:109.44,111.16 2 1
mimo-reasonix/internal/cli/model.go:111.16,113.3 1 0
mimo-reasonix/internal/cli/model.go:114.2,115.50 2 1
mimo-reasonix/internal/cli/model.go:115.50,118.3 2 1
mimo-reasonix/internal/cli/model.go:119.2,119.42 1 1
mimo-reasonix/internal/cli/model.go:119.42,122.3 2 0
mimo-reasonix/internal/cli/model.go:123.2,123.72 1 1
mimo-reasonix/internal/cli/model.go:127.27,129.16 2 1
mimo-reasonix/internal/cli/model.go:129.16,131.3 1 0
mimo-reasonix/internal/cli/model.go:132.2,133.31 2 1
mimo-reasonix/internal/cli/model.go:133.31,135.22 2 1
mimo-reasonix/internal/cli/model.go:135.22,136.12 1 1
mimo-reasonix/internal/cli/model.go:138.3,138.43 1 1
mimo-reasonix/internal/cli/model.go:138.43,140.4 1 1
mimo-reasonix/internal/cli/model.go:142.2,142.12 1 1
mimo-reasonix/internal/cli/model.go:146.31,148.16 2 1
mimo-reasonix/internal/cli/model.go:148.16,150.3 1 0
mimo-reasonix/internal/cli/model.go:151.2,152.31 2 1
mimo-reasonix/internal/cli/model.go:152.31,154.22 2 1
mimo-reasonix/internal/cli/model.go:154.22,155.12 1 1
mimo-reasonix/internal/cli/model.go:157.3,157.28 1 1
mimo-reasonix/internal/cli/model.go:159.2,159.12 1 1
mimo-reasonix/internal/cli/model_view.go:10.67,13.27 3 1
mimo-reasonix/internal/cli/model_view.go:13.27,15.20 2 1
mimo-reasonix/internal/cli/model_view.go:15.20,17.4 1 1
mimo-reasonix/internal/cli/model_view.go:18.3,18.103 1 1
mimo-reasonix/internal/cli/model_view.go:20.2,21.44 2 1
mimo-reasonix/internal/cli/output_style_view.go:10.92,13.28 3 1
mimo-reasonix/internal/cli/output_style_view.go:13.28,15.18 2 1
mimo-reasonix/internal/cli/output_style_view.go:15.18,17.4 1 1
mimo-reasonix/internal/cli/output_style_view.go:18.3,19.41 2 1
mimo-reasonix/internal/cli/output_style_view.go:19.41,21.4 1 1
mimo-reasonix/internal/cli/output_style_view.go:22.3,25.84 4 1
mimo-reasonix/internal/cli/output_style_view.go:27.2,28.44 2 1
mimo-reasonix/internal/cli/provider.go:15.52,17.19 2 0
mimo-reasonix/internal/cli/provider.go:17.19,20.3 2 0
mimo-reasonix/internal/cli/provider.go:21.2,22.26 2 0
mimo-reasonix/internal/cli/provider.go:27.35,29.16 2 0
mimo-reasonix/internal/cli/provider.go:29.16,32.3 2 0
mimo-reasonix/internal/cli/provider.go:33.2,38.66 4 0
mimo-reasonix/internal/cli/provider.go:38.66,40.3 1 0
mimo-reasonix/internal/cli/provider.go:42.2,42.31 1 0
mimo-reasonix/internal/cli/provider.go:42.31,44.22 2 0
mimo-reasonix/internal/cli/provider.go:44.22,45.12 1 0
mimo-reasonix/internal/cli/provider.go:49.3,50.23 2 0
mimo-reasonix/internal/cli/provider.go:50.23,52.4 1 0
mimo-reasonix/internal/cli/provider.go:54.3,55.28 2 0
mimo-reasonix/internal/cli/provider.go:55.28,57.4 1 0
mimo-reasonix/internal/cli/provider.go:58.3,59.23 2 0
mimo-reasonix/internal/cli/provider.go:59.23,61.4 1 0
mimo-reasonix/internal/cli/provider.go:62.3,63.30 2 0
mimo-reasonix/internal/cli/provider.go:65.2,66.41 2 0
mimo-reasonix/internal/cli/provider.go:73.49,75.16 2 0
mimo-reasonix/internal/cli/provider.go:75.16,78.3 2 0
mimo-reasonix/internal/cli/provider.go:79.2,80.31 2 0
mimo-reasonix/internal/cli/provider.go:80.31,82.39 2 0
mimo-reasonix/internal/cli/provider.go:82.39,84.9 2 0
mimo-reasonix/internal/cli/provider.go:87.2,87.18 1 0
mimo-reasonix/internal/cli/provider.go:87.18,90.3 2 0
mimo-reasonix/internal/cli/provider.go:93.2,94.66 2 0
mimo-reasonix/internal/cli/provider.go:94.66,96.3 1 0
mimo-reasonix/internal/cli/provider.go:98.2,99.22 2 0
mimo-reasonix/internal/cli/provider.go:99.22,101.3 1 0
mimo-reasonix/internal/cli/provider.go:102.2,102.22 1 0
mimo-reasonix/internal/cli/provider.go:102.22,105.3 2 0
mimo-reasonix/internal/cli/provider.go:108.2,108.22 1 0
mimo-reasonix/internal/cli/provider.go:108.22,110.51 2 0
mimo-reasonix/internal/cli/provider.go:110.51,113.4 2 0
mimo-reasonix/internal/cli/provider.go:114.3,115.9 2 0
mimo-reasonix/internal/cli/provider.go:119.2,119.31 1 0
mimo-reasonix/internal/cli/provider.go:119.31,122.3 2 0
mimo-reasonix/internal/cli/provider.go:128.2,130.31 3 0
mimo-reasonix/internal/cli/provider.go:130.31,132.3 1 0
mimo-reasonix/internal/cli/provider.go:133.2,134.51 2 0
mimo-reasonix/internal/cli/reasoning_language.go:10.61,12.19 2 1
mimo-reasonix/internal/cli/reasoning_language.go:12.19,14.17 2 0
mimo-reasonix/internal/cli/reasoning_language.go:14.17,17.4 2 0
mimo-reasonix/internal/cli/reasoning_language.go:18.3,19.9 2 0
mimo-reasonix/internal/cli/reasoning_language.go:21.2,21.19 1 1
mimo-reasonix/internal/cli/reasoning_language.go:21.19,24.3 2 0
mimo-reasonix/internal/cli/reasoning_language.go:25.2,25.39 1 1
mimo-reasonix/internal/cli/reasoning_language.go:25.39,28.3 2 0
mimo-reasonix/internal/cli/reasoning_language.go:29.2,30.16 2 1
mimo-reasonix/internal/cli/reasoning_language.go:30.16,33.3 2 0
mimo-reasonix/internal/cli/reasoning_language.go:35.2,36.16 2 1
mimo-reasonix/internal/cli/reasoning_language.go:36.16,39.3 2 0
mimo-reasonix/internal/cli/reasoning_language.go:40.2,41.56 2 1
mimo-reasonix/internal/cli/reasoning_language.go:41.56,44.3 2 0
mimo-reasonix/internal/cli/reasoning_language.go:45.2,45.42 1 1
mimo-reasonix/internal/cli/reasoning_language.go:45.42,48.3 2 0
mimo-reasonix/internal/cli/reasoning_language.go:50.2,51.19 2 1
mimo-reasonix/internal/cli/reasoning_language.go:51.19,53.3 1 1
mimo-reasonix/internal/cli/reasoning_language.go:54.2,54.61 1 1
mimo-reasonix/internal/cli/reasoning_language.go:57.61,58.50 1 1
mimo-reasonix/internal/cli/reasoning_language.go:59.14,60.21 1 0
mimo-reasonix/internal/cli/reasoning_language.go:61.12,62.19 1 1
mimo-reasonix/internal/cli/reasoning_language.go:63.12,64.19 1 1
mimo-reasonix/internal/cli/reasoning_language.go:65.10,66.75 1 1
mimo-reasonix/internal/cli/reasoning_language.go:70.51,71.50 1 0
mimo-reasonix/internal/cli/reasoning_language.go:72.12,73.14 1 0
mimo-reasonix/internal/cli/reasoning_language.go:74.12,75.14 1 0
mimo-reasonix/internal/cli/reasoning_language.go:76.10,77.16 1 0
mimo-reasonix/internal/cli/rename.go:15.50,18.19 2 0
mimo-reasonix/internal/cli/rename.go:18.19,21.3 2 0
mimo-reasonix/internal/cli/rename.go:23.2,29.34 5 0
mimo-reasonix/internal/cli/rename.go:29.34,31.37 1 0
mimo-reasonix/internal/cli/rename.go:31.37,34.4 2 0
mimo-reasonix/internal/cli/rename.go:35.3,36.76 2 0
mimo-reasonix/internal/cli/rename.go:37.8,39.33 1 0
mimo-reasonix/internal/cli/rename.go:39.33,42.4 2 0
mimo-reasonix/internal/cli/rename.go:43.3,44.64 2 0
mimo-reasonix/internal/cli/rename.go:47.2,47.17 1 0
mimo-reasonix/internal/cli/rename.go:47.17,50.3 2 0
mimo-reasonix/internal/cli/rename.go:52.2,52.63 1 0
mimo-reasonix/internal/cli/rename.go:52.63,55.3 2 0
mimo-reasonix/internal/cli/rename.go:57.2,57.52 1 0
mimo-reasonix/internal/cli/resume.go:17.53,18.15 1 1
mimo-reasonix/internal/cli/resume.go:18.15,20.3 1 0
mimo-reasonix/internal/cli/resume.go:21.2,22.16 2 1
mimo-reasonix/internal/cli/resume.go:22.16,24.3 1 0
mimo-reasonix/internal/cli/resume.go:25.2,25.35 1 1
mimo-reasonix/internal/cli/resume.go:25.35,27.3 1 0
mimo-reasonix/internal/cli/resume.go:28.2,28.17 1 1
mimo-reasonix/internal/cli/resume.go:35.50,37.24 2 1
mimo-reasonix/internal/cli/resume.go:37.24,40.3 2 1
mimo-reasonix/internal/cli/resume.go:42.2,43.19 2 1
mimo-reasonix/internal/cli/resume.go:43.19,47.3 3 1
mimo-reasonix/internal/cli/resume.go:48.2,48.22 1 1
mimo-reasonix/internal/cli/resume.go:48.22,51.3 2 0
mimo-reasonix/internal/cli/resume.go:52.2,53.50 2 1
mimo-reasonix/internal/cli/resume.go:53.50,56.3 2 0
mimo-reasonix/internal/cli/resume.go:57.2,58.41 2 1
mimo-reasonix/internal/cli/resume.go:58.41,61.3 2 0
mimo-reasonix/internal/cli/resume.go:62.2,63.16 2 1
mimo-reasonix/internal/cli/resume.go:63.16,66.3 2 0
mimo-reasonix/internal/cli/resume.go:68.2,70.43 3 1
mimo-reasonix/internal/cli/resume.go:75.62,79.29 4 1
mimo-reasonix/internal/cli/resume.go:79.29,81.23 2 1
mimo-reasonix/internal/cli/resume.go:81.23,83.4 1 0
mimo-reasonix/internal/cli/resume.go:84.3,85.68 1 1
mimo-reasonix/internal/cli/resume.go:87.2,87.47 1 1
mimo-reasonix/internal/cli/resume.go:94.70,96.45 2 1
mimo-reasonix/internal/cli/resume.go:96.45,98.3 1 1
mimo-reasonix/internal/cli/resume.go:99.2,100.59 2 1
mimo-reasonix/internal/cli/resume.go:100.59,102.3 1 0
mimo-reasonix/internal/cli/resume.go:103.2,105.56 3 1
mimo-reasonix/internal/cli/resume.go:105.56,107.48 2 1
mimo-reasonix/internal/cli/resume.go:107.48,108.12 1 0
mimo-reasonix/internal/cli/resume.go:110.3,111.67 2 1
mimo-reasonix/internal/cli/resume.go:113.2,113.24 1 1
mimo-reasonix/internal/cli/resume.go:120.49,122.24 2 1
mimo-reasonix/internal/cli/resume.go:122.24,124.3 1 0
mimo-reasonix/internal/cli/resume.go:125.2,125.19 1 1
mimo-reasonix/internal/cli/resume.go:125.19,127.3 1 0
mimo-reasonix/internal/cli/resume.go:128.2,128.56 1 1
mimo-reasonix/internal/cli/resume_picker.go:26.38,28.24 2 1
mimo-reasonix/internal/cli/resume_picker.go:28.24,31.3 2 0
mimo-reasonix/internal/cli/resume_picker.go:32.2,34.29 3 1
mimo-reasonix/internal/cli/resume_picker.go:34.29,35.23 1 1
mimo-reasonix/internal/cli/resume_picker.go:35.23,37.9 2 0
mimo-reasonix/internal/cli/resume_picker.go:41.2,42.51 2 1
mimo-reasonix/internal/cli/resume_picker.go:42.51,44.3 1 0
mimo-reasonix/internal/cli/resume_picker.go:45.2,45.79 1 1
mimo-reasonix/internal/cli/resume_picker.go:48.82,50.14 2 1
mimo-reasonix/internal/cli/resume_picker.go:50.14,52.3 1 0
mimo-reasonix/internal/cli/resume_picker.go:53.2,53.22 1 1
mimo-reasonix/internal/cli/resume_picker.go:54.17,55.16 1 0
mimo-reasonix/internal/cli/resume_picker.go:55.16,57.4 1 0
mimo-reasonix/internal/cli/resume_picker.go:58.19,59.32 1 0
mimo-reasonix/internal/cli/resume_picker.go:59.32,61.4 1 0
mimo-reasonix/internal/cli/resume_picker.go:62.15,63.29 1 1
mimo-reasonix/internal/cli/resume_picker.go:64.13,65.21 1 1
mimo-reasonix/internal/cli/resume_picker.go:67.2,67.15 1 1
mimo-reasonix/internal/cli/resume_picker.go:70.57,72.55 2 1
mimo-reasonix/internal/cli/resume_picker.go:72.55,74.3 1 0
mimo-reasonix/internal/cli/resume_picker.go:75.2,77.41 3 1
mimo-reasonix/internal/cli/resume_picker.go:77.41,80.3 2 0
mimo-reasonix/internal/cli/resume_picker.go:81.2,81.22 1 1
mimo-reasonix/internal/cli/resume_picker.go:81.22,84.3 2 0
mimo-reasonix/internal/cli/resume_picker.go:85.2,86.16 2 1
mimo-reasonix/internal/cli/resume_picker.go:86.16,89.3 2 0
mimo-reasonix/internal/cli/resume_picker.go:90.2,93.15 4 1
mimo-reasonix/internal/cli/resume_picker.go:96.46,98.14 2 1
mimo-reasonix/internal/cli/resume_picker.go:98.14,100.3 1 1
mimo-reasonix/internal/cli/resume_picker.go:101.2,104.31 4 1
mimo-reasonix/internal/cli/resume_picker.go:104.31,106.20 2 1
mimo-reasonix/internal/cli/resume_picker.go:106.20,108.4 1 0
mimo-reasonix/internal/cli/resume_picker.go:109.3,109.67 1 1
mimo-reasonix/internal/cli/resume_picker.go:111.2,112.53 2 1
mimo-reasonix/internal/cli/resume_picker.go:117.53,119.24 2 1
mimo-reasonix/internal/cli/resume_picker.go:119.24,121.3 1 1
mimo-reasonix/internal/cli/resume_picker.go:122.2,122.19 1 1
mimo-reasonix/internal/cli/resume_picker.go:122.19,124.3 1 0
mimo-reasonix/internal/cli/resume_picker.go:125.2,125.82 1 1
mimo-reasonix/internal/cli/review.go:18.39,24.39 6 0
mimo-reasonix/internal/cli/review.go:24.39,26.3 1 0
mimo-reasonix/internal/cli/review.go:29.2,30.16 2 0
mimo-reasonix/internal/cli/review.go:30.16,33.3 2 0
mimo-reasonix/internal/cli/review.go:34.2,34.16 1 0
mimo-reasonix/internal/cli/review.go:34.16,37.3 2 0
mimo-reasonix/internal/cli/review.go:40.2,41.16 2 0
mimo-reasonix/internal/cli/review.go:41.16,44.3 2 0
mimo-reasonix/internal/cli/review.go:45.2,46.21 2 0
mimo-reasonix/internal/cli/review.go:46.21,48.3 1 0
mimo-reasonix/internal/cli/review.go:49.2,50.9 2 0
mimo-reasonix/internal/cli/review.go:50.9,53.3 2 0
mimo-reasonix/internal/cli/review.go:54.2,54.48 1 0
mimo-reasonix/internal/cli/review.go:54.48,57.3 2 0
mimo-reasonix/internal/cli/review.go:60.2,61.16 2 0
mimo-reasonix/internal/cli/review.go:61.16,64.3 2 0
mimo-reasonix/internal/cli/review.go:67.2,70.9 4 0
mimo-reasonix/internal/cli/review.go:70.9,73.3 2 0
mimo-reasonix/internal/cli/review.go:74.2,74.41 1 0
mimo-reasonix/internal/cli/review.go:74.41,77.3 2 0
mimo-reasonix/internal/cli/review.go:80.2,93.16 5 0
mimo-reasonix/internal/cli/review.go:93.16,96.3 2 0
mimo-reasonix/internal/cli/review.go:98.2,99.10 2 0
mimo-reasonix/internal/cli/review.go:102.71,107.45 2 1
mimo-reasonix/internal/cli/review.go:107.45,108.45 1 1
mimo-reasonix/internal/cli/review.go:108.45,110.4 1 1
mimo-reasonix/internal/cli/review.go:112.2,112.69 1 1
mimo-reasonix/internal/cli/review.go:119.57,122.9 3 0
mimo-reasonix/internal/cli/review.go:123.20,124.55 1 0
mimo-reasonix/internal/cli/review.go:125.18,126.50 1 0
mimo-reasonix/internal/cli/review.go:127.10,130.17 2 0
mimo-reasonix/internal/cli/review.go:130.17,132.4 1 0
mimo-reasonix/internal/cli/review.go:133.3,133.16 1 0
mimo-reasonix/internal/cli/review.go:133.16,136.4 1 0
mimo-reasonix/internal/cli/review.go:137.3,137.18 1 0
mimo-reasonix/internal/cli/review.go:141.56,144.17 3 1
mimo-reasonix/internal/cli/review.go:144.17,147.3 2 1
mimo-reasonix/internal/cli/review.go:148.2,151.24 3 1
mimo-reasonix/internal/cli/review.go:151.24,156.3 4 1
mimo-reasonix/internal/cli/review.go:156.8,159.3 2 1
mimo-reasonix/internal/cli/review.go:160.2,160.19 1 1
mimo-reasonix/internal/cli/rewind.go:41.32,43.21 2 0
mimo-reasonix/internal/cli/rewind.go:43.21,46.3 2 0
mimo-reasonix/internal/cli/rewind.go:47.2,47.61 1 0
mimo-reasonix/internal/cli/rewind.go:50.76,52.22 2 0
mimo-reasonix/internal/cli/rewind.go:53.13,54.19 1 0
mimo-reasonix/internal/cli/rewind.go:54.19,56.4 1 0
mimo-reasonix/internal/cli/rewind.go:56.9,58.4 1 0
mimo-reasonix/internal/cli/rewind.go:59.17,60.19 1 0
mimo-reasonix/internal/cli/rewind.go:60.19,61.17 1 0
mimo-reasonix/internal/cli/rewind.go:61.17,63.5 1 0
mimo-reasonix/internal/cli/rewind.go:64.9,64.25 1 0
mimo-reasonix/internal/cli/rewind.go:64.25,66.4 1 0
mimo-reasonix/internal/cli/rewind.go:67.19,68.19 1 0
mimo-reasonix/internal/cli/rewind.go:68.19,69.30 1 0
mimo-reasonix/internal/cli/rewind.go:69.30,71.5 1 0
mimo-reasonix/internal/cli/rewind.go:72.9,72.44 1 0
mimo-reasonix/internal/cli/rewind.go:72.44,74.4 1 0
mimo-reasonix/internal/cli/rewind.go:75.15,76.19 1 0
mimo-reasonix/internal/cli/rewind.go:76.19,78.4 1 0
mimo-reasonix/internal/cli/rewind.go:78.9,80.4 1 0
mimo-reasonix/internal/cli/rewind.go:81.11,82.19 1 0
mimo-reasonix/internal/cli/rewind.go:82.19,85.4 2 0
mimo-reasonix/internal/cli/rewind.go:86.11,87.19 1 0
mimo-reasonix/internal/cli/rewind.go:87.19,90.4 2 0
mimo-reasonix/internal/cli/rewind.go:91.11,92.19 1 0
mimo-reasonix/internal/cli/rewind.go:92.19,95.4 2 0
mimo-reasonix/internal/cli/rewind.go:96.11,97.19 1 0
mimo-reasonix/internal/cli/rewind.go:97.19,100.4 2 0
mimo-reasonix/internal/cli/rewind.go:101.11,102.19 1 0
mimo-reasonix/internal/cli/rewind.go:102.19,105.4 2 0
mimo-reasonix/internal/cli/rewind.go:106.11,107.19 1 0
mimo-reasonix/internal/cli/rewind.go:107.19,110.4 2 0
mimo-reasonix/internal/cli/rewind.go:112.2,112.15 1 0
mimo-reasonix/internal/cli/rewind.go:115.53,122.18 5 0
mimo-reasonix/internal/cli/rewind.go:123.14,124.51 1 0
mimo-reasonix/internal/cli/rewind.go:124.51,126.4 1 0
mimo-reasonix/internal/cli/rewind.go:127.3,127.16 1 0
mimo-reasonix/internal/cli/rewind.go:128.19,130.16 2 0
mimo-reasonix/internal/cli/rewind.go:131.19,133.16 2 0
mimo-reasonix/internal/cli/rewind.go:135.2,135.60 1 0
mimo-reasonix/internal/cli/rewind.go:135.60,137.3 1 0
mimo-reasonix/internal/cli/rewind.go:143.2,143.77 1 0
mimo-reasonix/internal/cli/rewind.go:143.77,146.3 2 0
mimo-reasonix/internal/cli/rewind.go:147.2,147.15 1 0
mimo-reasonix/internal/cli/rewind.go:150.40,152.14 2 1
mimo-reasonix/internal/cli/rewind.go:152.14,154.3 1 1
mimo-reasonix/internal/cli/rewind.go:155.2,157.18 3 1
mimo-reasonix/internal/cli/rewind.go:157.18,159.32 2 1
mimo-reasonix/internal/cli/rewind.go:159.32,161.4 1 1
mimo-reasonix/internal/cli/rewind.go:162.3,163.54 2 1
mimo-reasonix/internal/cli/rewind.go:165.2,167.31 3 1
mimo-reasonix/internal/cli/rewind.go:167.31,169.3 1 1
mimo-reasonix/internal/cli/rewind.go:170.2,171.53 2 1
mimo-reasonix/internal/cli/rewind.go:174.38,175.11 1 1
mimo-reasonix/internal/cli/rewind.go:176.9,177.39 1 1
mimo-reasonix/internal/cli/rewind.go:178.9,179.39 1 1
mimo-reasonix/internal/cli/rewind.go:180.9,181.31 1 1
mimo-reasonix/internal/cli/rewind.go:182.9,183.27 1 1
mimo-reasonix/internal/cli/rewind.go:184.9,185.36 1 1
mimo-reasonix/internal/cli/rewind.go:186.9,187.36 1 1
mimo-reasonix/internal/cli/rewind.go:188.10,189.12 1 0
mimo-reasonix/internal/cli/rewind.go:193.52,195.33 2 1
mimo-reasonix/internal/cli/rewind.go:195.33,197.13 2 1
mimo-reasonix/internal/cli/rewind.go:197.13,199.4 1 1
mimo-reasonix/internal/cli/rewind.go:200.3,200.51 1 1
mimo-reasonix/internal/cli/rewind.go:202.2,202.14 1 1
mimo-reasonix/internal/cli/rewind.go:206.38,208.13 2 1
mimo-reasonix/internal/cli/rewind.go:208.13,210.3 1 1
mimo-reasonix/internal/cli/rewind.go:211.2,211.35 1 1
mimo-reasonix/internal/cli/run_metrics.go:76.43,77.45 1 1
mimo-reasonix/internal/cli/run_metrics.go:77.45,84.31 7 0
mimo-reasonix/internal/cli/run_metrics.go:84.31,89.4 2 0
mimo-reasonix/internal/cli/run_metrics.go:91.2,91.39 1 1
mimo-reasonix/internal/cli/run_metrics.go:91.39,93.3 1 0
mimo-reasonix/internal/cli/run_metrics.go:94.2,94.46 1 1
mimo-reasonix/internal/cli/run_metrics.go:94.46,96.3 1 1
mimo-reasonix/internal/cli/run_metrics.go:97.2,97.17 1 1
mimo-reasonix/internal/cli/run_metrics.go:100.79,101.26 1 1
mimo-reasonix/internal/cli/run_metrics.go:101.26,103.3 1 1
mimo-reasonix/internal/cli/run_metrics.go:104.2,121.21 3 1
mimo-reasonix/internal/cli/run_metrics.go:121.21,123.3 1 1
mimo-reasonix/internal/cli/run_metrics.go:124.2,124.21 1 1
mimo-reasonix/internal/cli/run_metrics.go:124.21,126.3 1 1
mimo-reasonix/internal/cli/run_metrics.go:127.2,139.79 13 1
mimo-reasonix/internal/cli/run_metrics.go:142.71,143.14 1 1
mimo-reasonix/internal/cli/run_metrics.go:143.14,145.3 1 0
mimo-reasonix/internal/cli/run_metrics.go:146.2,147.18 2 1
mimo-reasonix/internal/cli/run_metrics.go:148.33,149.25 1 1
mimo-reasonix/internal/cli/run_metrics.go:150.33,151.24 1 1
mimo-reasonix/internal/cli/run_metrics.go:152.33,153.24 1 1
mimo-reasonix/internal/cli/run_metrics.go:155.2,155.17 1 1
mimo-reasonix/internal/cli/run_metrics.go:155.17,157.3 1 1
mimo-reasonix/internal/cli/run_metrics.go:158.2,160.60 3 1
mimo-reasonix/internal/cli/run_metrics.go:163.52,165.16 2 1
mimo-reasonix/internal/cli/run_metrics.go:165.16,167.3 1 0
mimo-reasonix/internal/cli/run_metrics.go:168.2,168.37 1 1
mimo-reasonix/internal/cli/select.go:23.29,25.26 2 0
mimo-reasonix/internal/cli/select.go:25.26,27.3 1 0
mimo-reasonix/internal/cli/select.go:28.2,28.10 1 0
mimo-reasonix/internal/cli/select.go:34.37,36.15 2 1
mimo-reasonix/internal/cli/select.go:36.15,38.3 1 1
mimo-reasonix/internal/cli/select.go:39.2,39.10 1 1
mimo-reasonix/internal/cli/select.go:44.64,46.15 2 1
mimo-reasonix/internal/cli/select.go:46.15,48.3 1 1
mimo-reasonix/internal/cli/select.go:49.2,49.24 1 1
mimo-reasonix/internal/cli/select.go:49.24,51.3 1 1
mimo-reasonix/internal/cli/select.go:52.2,52.14 1 1
mimo-reasonix/internal/cli/select.go:56.48,58.2 1 0
mimo-reasonix/internal/cli/select.go:61.65,62.17 1 1
mimo-reasonix/internal/cli/select.go:62.17,64.3 1 1
mimo-reasonix/internal/cli/select.go:65.2,67.27 3 1
mimo-reasonix/internal/cli/select.go:67.27,68.103 1 1
mimo-reasonix/internal/cli/select.go:68.103,70.4 1 1
mimo-reasonix/internal/cli/select.go:72.2,72.12 1 1
mimo-reasonix/internal/cli/select.go:81.61,84.16 3 0
mimo-reasonix/internal/cli/select.go:84.16,86.3 1 0
mimo-reasonix/internal/cli/select.go:87.2,97.23 8 0
mimo-reasonix/internal/cli/select.go:97.23,99.3 1 0
mimo-reasonix/internal/cli/select.go:101.2,105.19 4 0
mimo-reasonix/internal/cli/select.go:105.19,109.19 3 0
mimo-reasonix/internal/cli/select.go:109.19,111.4 1 0
mimo-reasonix/internal/cli/select.go:112.3,112.23 1 0
mimo-reasonix/internal/cli/select.go:112.23,114.4 1 0
mimo-reasonix/internal/cli/select.go:115.3,115.17 1 0
mimo-reasonix/internal/cli/select.go:115.17,117.4 1 0
mimo-reasonix/internal/cli/select.go:120.3,120.26 1 0
mimo-reasonix/internal/cli/select.go:120.26,122.4 1 0
mimo-reasonix/internal/cli/select.go:122.9,124.4 1 0
mimo-reasonix/internal/cli/select.go:127.3,128.14 2 0
mimo-reasonix/internal/cli/select.go:128.14,130.4 1 0
mimo-reasonix/internal/cli/select.go:131.3,131.33 1 0
mimo-reasonix/internal/cli/select.go:131.33,134.16 3 0
mimo-reasonix/internal/cli/select.go:134.16,136.5 1 0
mimo-reasonix/internal/cli/select.go:136.10,138.5 1 0
mimo-reasonix/internal/cli/select.go:142.3,142.38 1 0
mimo-reasonix/internal/cli/select.go:142.38,144.4 1 0
mimo-reasonix/internal/cli/select.go:147.3,147.23 1 0
mimo-reasonix/internal/cli/select.go:147.23,149.4 1 0
mimo-reasonix/internal/cli/select.go:149.9,151.4 1 0
mimo-reasonix/internal/cli/select.go:154.2,154.23 1 0
mimo-reasonix/internal/cli/select.go:154.23,155.16 1 0
mimo-reasonix/internal/cli/select.go:155.16,158.4 2 0
mimo-reasonix/internal/cli/select.go:158.9,160.4 1 0
mimo-reasonix/internal/cli/select.go:163.2,163.19 1 0
mimo-reasonix/internal/cli/select.go:163.19,164.20 1 0
mimo-reasonix/internal/cli/select.go:164.20,166.4 1 0
mimo-reasonix/internal/cli/select.go:167.3,172.80 4 0
mimo-reasonix/internal/cli/select.go:175.2,178.6 3 0
mimo-reasonix/internal/cli/select.go:178.6,180.17 2 0
mimo-reasonix/internal/cli/select.go:180.17,182.4 1 0
mimo-reasonix/internal/cli/select.go:183.3,185.16 2 0
mimo-reasonix/internal/cli/select.go:185.16,186.11 1 0
mimo-reasonix/internal/cli/select.go:187.20,192.26 5 0
mimo-reasonix/internal/cli/select.go:192.26,194.6 1 0
mimo-reasonix/internal/cli/select.go:195.5,197.13 3 0
mimo-reasonix/internal/cli/select.go:198.38,199.26 1 0
mimo-reasonix/internal/cli/select.go:199.26,202.6 2 0
mimo-reasonix/internal/cli/select.go:203.34,204.29 1 0
mimo-reasonix/internal/cli/select.go:204.29,211.6 6 0
mimo-reasonix/internal/cli/select.go:212.19,214.27 2 0
mimo-reasonix/internal/cli/select.go:215.34,221.13 6 0
mimo-reasonix/internal/cli/select.go:222.12,223.13 1 0
mimo-reasonix/internal/cli/select.go:225.4,225.12 1 0
mimo-reasonix/internal/cli/select.go:228.3,228.10 1 0
mimo-reasonix/internal/cli/select.go:229.37,231.30 2 0
mimo-reasonix/internal/cli/select.go:232.33,234.26 2 0
mimo-reasonix/internal/cli/select.go:235.20,238.12 3 0
mimo-reasonix/internal/cli/select.go:239.64,240.15 1 0
mimo-reasonix/internal/cli/select.go:240.15,242.5 1 0
mimo-reasonix/internal/cli/select.go:243.64,244.29 1 0
mimo-reasonix/internal/cli/select.go:244.29,246.5 1 0
mimo-reasonix/internal/cli/select.go:247.20,248.15 1 0
mimo-reasonix/internal/cli/select.go:248.15,250.5 1 0
mimo-reasonix/internal/cli/select.go:251.20,252.29 1 0
mimo-reasonix/internal/cli/select.go:252.29,254.5 1 0
mimo-reasonix/internal/cli/select.go:255.11,256.12 1 0
mimo-reasonix/internal/cli/select.go:258.3,258.11 1 0
mimo-reasonix/internal/cli/select.go:267.64,270.16 3 0
mimo-reasonix/internal/cli/select.go:270.16,272.3 1 0
mimo-reasonix/internal/cli/select.go:273.2,283.23 8 0
mimo-reasonix/internal/cli/select.go:283.23,285.3 1 0
mimo-reasonix/internal/cli/select.go:287.2,292.19 5 0
mimo-reasonix/internal/cli/select.go:292.19,295.19 3 0
mimo-reasonix/internal/cli/select.go:295.19,297.4 1 0
mimo-reasonix/internal/cli/select.go:298.3,298.23 1 0
mimo-reasonix/internal/cli/select.go:298.23,300.4 1 0
mimo-reasonix/internal/cli/select.go:301.3,301.17 1 0
mimo-reasonix/internal/cli/select.go:301.17,303.4 1 0
mimo-reasonix/internal/cli/select.go:305.3,305.26 1 0
mimo-reasonix/internal/cli/select.go:305.26,307.4 1 0
mimo-reasonix/internal/cli/select.go:307.9,309.4 1 0
mimo-reasonix/internal/cli/select.go:311.3,312.14 2 0
mimo-reasonix/internal/cli/select.go:312.14,314.4 1 0
mimo-reasonix/internal/cli/select.go:315.3,315.33 1 0
mimo-reasonix/internal/cli/select.go:315.33,319.24 4 0
mimo-reasonix/internal/cli/select.go:319.24,321.5 1 0
mimo-reasonix/internal/cli/select.go:322.4,323.16 2 0
mimo-reasonix/internal/cli/select.go:323.16,325.5 1 0
mimo-reasonix/internal/cli/select.go:325.10,327.5 1 0
mimo-reasonix/internal/cli/select.go:329.3,329.38 1 0
mimo-reasonix/internal/cli/select.go:329.38,331.4 1 0
mimo-reasonix/internal/cli/select.go:333.3,333.23 1 0
mimo-reasonix/internal/cli/select.go:333.23,335.4 1 0
mimo-reasonix/internal/cli/select.go:335.9,337.4 1 0
mimo-reasonix/internal/cli/select.go:340.2,340.23 1 0
mimo-reasonix/internal/cli/select.go:340.23,341.16 1 0
mimo-reasonix/internal/cli/select.go:341.16,344.4 2 0
mimo-reasonix/internal/cli/select.go:344.9,346.4 1 0
mimo-reasonix/internal/cli/select.go:349.2,349.19 1 0
mimo-reasonix/internal/cli/select.go:349.19,350.20 1 0
mimo-reasonix/internal/cli/select.go:350.20,352.4 1 0
mimo-reasonix/internal/cli/select.go:353.3,356.80 4 0
mimo-reasonix/internal/cli/select.go:359.2,362.6 3 0
mimo-reasonix/internal/cli/select.go:362.6,364.17 2 0
mimo-reasonix/internal/cli/select.go:364.17,366.4 1 0
mimo-reasonix/internal/cli/select.go:367.3,369.16 2 0
mimo-reasonix/internal/cli/select.go:369.16,370.11 1 0
mimo-reasonix/internal/cli/select.go:371.20,376.26 5 0
mimo-reasonix/internal/cli/select.go:376.26,378.6 1 0
mimo-reasonix/internal/cli/select.go:379.5,381.13 3 0
mimo-reasonix/internal/cli/select.go:382.38,384.31 2 0
mimo-reasonix/internal/cli/select.go:384.31,385.11 1 0
mimo-reasonix/internal/cli/select.go:385.11,387.7 1 0
mimo-reasonix/internal/cli/select.go:389.5,389.22 1 0
mimo-reasonix/internal/cli/select.go:389.22,390.14 1 0
mimo-reasonix/internal/cli/select.go:392.5,393.20 2 0
mimo-reasonix/internal/cli/select.go:394.21,395.26 1 0
mimo-reasonix/internal/cli/select.go:395.26,398.6 2 0
mimo-reasonix/internal/cli/select.go:399.34,400.29 1 0
mimo-reasonix/internal/cli/select.go:400.29,407.6 6 0
mimo-reasonix/internal/cli/select.go:408.19,410.29 2 0
mimo-reasonix/internal/cli/select.go:411.34,417.13 6 0
mimo-reasonix/internal/cli/select.go:418.65,419.16 1 0
mimo-reasonix/internal/cli/select.go:419.16,421.6 1 0
mimo-reasonix/internal/cli/select.go:422.65,423.30 1 0
mimo-reasonix/internal/cli/select.go:423.30,425.6 1 0
mimo-reasonix/internal/cli/select.go:426.21,427.16 1 0
mimo-reasonix/internal/cli/select.go:427.16,429.6 1 0
mimo-reasonix/internal/cli/select.go:430.21,431.30 1 0
mimo-reasonix/internal/cli/select.go:431.30,433.6 1 0
mimo-reasonix/internal/cli/select.go:434.12,435.13 1 0
mimo-reasonix/internal/cli/select.go:437.4,438.12 2 0
mimo-reasonix/internal/cli/select.go:441.3,441.10 1 0
mimo-reasonix/internal/cli/select.go:442.37,444.30 2 0
mimo-reasonix/internal/cli/select.go:444.30,445.10 1 0
mimo-reasonix/internal/cli/select.go:445.10,447.6 1 0
mimo-reasonix/internal/cli/select.go:449.4,449.21 1 0
mimo-reasonix/internal/cli/select.go:449.21,450.13 1 0
mimo-reasonix/internal/cli/select.go:452.4,453.19 2 0
mimo-reasonix/internal/cli/select.go:454.33,456.28 2 0
mimo-reasonix/internal/cli/select.go:457.20,460.12 3 0
mimo-reasonix/internal/cli/select.go:461.20,462.25 1 0
mimo-reasonix/internal/cli/select.go:462.25,465.5 2 0
mimo-reasonix/internal/cli/select.go:466.64,467.15 1 0
mimo-reasonix/internal/cli/select.go:467.15,469.5 1 0
mimo-reasonix/internal/cli/select.go:470.64,471.29 1 0
mimo-reasonix/internal/cli/select.go:471.29,473.5 1 0
mimo-reasonix/internal/cli/select.go:474.20,475.15 1 0
mimo-reasonix/internal/cli/select.go:475.15,477.5 1 0
mimo-reasonix/internal/cli/select.go:478.20,479.29 1 0
mimo-reasonix/internal/cli/select.go:479.29,481.5 1 0
mimo-reasonix/internal/cli/select.go:482.11,483.12 1 0
mimo-reasonix/internal/cli/select.go:485.3,485.11 1 0
mimo-reasonix/internal/cli/select.go:490.58,491.17 1 0
mimo-reasonix/internal/cli/select.go:491.17,493.24 2 0
mimo-reasonix/internal/cli/select.go:493.24,495.4 1 0
mimo-reasonix/internal/cli/select.go:496.3,496.13 1 0
mimo-reasonix/internal/cli/select.go:498.2,500.27 3 0
mimo-reasonix/internal/cli/select.go:500.27,501.103 1 0
mimo-reasonix/internal/cli/select.go:501.103,503.4 1 0
mimo-reasonix/internal/cli/select.go:505.2,505.12 1 0
mimo-reasonix/internal/cli/select.go:510.64,512.2 1 1
mimo-reasonix/internal/cli/skill_hooks.go:16.52,19.19 3 1
mimo-reasonix/internal/cli/skill_hooks.go:19.19,21.3 1 1
mimo-reasonix/internal/cli/skill_hooks.go:22.2,22.13 1 1
mimo-reasonix/internal/cli/skill_hooks.go:23.10,24.22 1 1
mimo-reasonix/internal/cli/skill_hooks.go:25.20,26.16 1 1
mimo-reasonix/internal/cli/skill_hooks.go:27.26,28.22 1 1
mimo-reasonix/internal/cli/skill_hooks.go:29.21,30.20 1 0
mimo-reasonix/internal/cli/skill_hooks.go:30.20,33.4 2 0
mimo-reasonix/internal/cli/skill_hooks.go:34.3,34.23 1 0
mimo-reasonix/internal/cli/skill_hooks.go:35.27,36.20 1 0
mimo-reasonix/internal/cli/skill_hooks.go:36.20,39.4 2 0
mimo-reasonix/internal/cli/skill_hooks.go:40.3,40.46 1 0
mimo-reasonix/internal/cli/skill_hooks.go:41.21,42.20 1 0
mimo-reasonix/internal/cli/skill_hooks.go:42.20,45.4 2 0
mimo-reasonix/internal/cli/skill_hooks.go:46.3,47.30 2 0
mimo-reasonix/internal/cli/skill_hooks.go:48.15,49.17 1 0
mimo-reasonix/internal/cli/skill_hooks.go:50.10,52.50 2 0
mimo-reasonix/internal/cli/skill_hooks.go:52.50,54.4 1 0
mimo-reasonix/internal/cli/skill_hooks.go:55.3,55.200 1 0
mimo-reasonix/internal/cli/skill_hooks.go:59.31,61.19 2 1
mimo-reasonix/internal/cli/skill_hooks.go:61.19,63.3 1 0
mimo-reasonix/internal/cli/skill_hooks.go:64.2,64.22 1 1
mimo-reasonix/internal/cli/skill_hooks.go:64.22,67.3 2 0
mimo-reasonix/internal/cli/skill_hooks.go:68.2,68.86 1 1
mimo-reasonix/internal/cli/skill_hooks.go:71.42,73.19 2 0
mimo-reasonix/internal/cli/skill_hooks.go:73.19,75.3 1 0
mimo-reasonix/internal/cli/skill_hooks.go:76.2,76.27 1 0
mimo-reasonix/internal/cli/skill_hooks.go:76.27,77.21 1 0
mimo-reasonix/internal/cli/skill_hooks.go:77.21,79.21 2 0
mimo-reasonix/internal/cli/skill_hooks.go:79.21,81.5 1 0
mimo-reasonix/internal/cli/skill_hooks.go:82.4,83.10 2 0
mimo-reasonix/internal/cli/skill_hooks.go:86.2,86.36 1 0
mimo-reasonix/internal/cli/skill_hooks.go:89.56,91.19 2 1
mimo-reasonix/internal/cli/skill_hooks.go:91.19,93.3 1 1
mimo-reasonix/internal/cli/skill_hooks.go:94.2,94.44 1 0
mimo-reasonix/internal/cli/skill_hooks.go:94.44,96.3 1 0
mimo-reasonix/internal/cli/skill_hooks.go:97.2,97.12 1 0
mimo-reasonix/internal/cli/skill_hooks.go:100.62,102.2 1 0
mimo-reasonix/internal/cli/skill_hooks.go:104.68,105.23 1 0
mimo-reasonix/internal/cli/skill_hooks.go:105.23,107.3 1 0
mimo-reasonix/internal/cli/skill_hooks.go:108.2,108.30 1 0
mimo-reasonix/internal/cli/skill_hooks.go:108.30,111.3 2 0
mimo-reasonix/internal/cli/skill_hooks.go:112.2,112.19 1 0
mimo-reasonix/internal/cli/skill_hooks.go:112.19,115.3 2 0
mimo-reasonix/internal/cli/skill_hooks.go:116.2,116.22 1 0
mimo-reasonix/internal/cli/skill_hooks.go:116.22,119.3 2 0
mimo-reasonix/internal/cli/skill_hooks.go:120.2,121.40 2 0
mimo-reasonix/internal/cli/skill_hooks.go:121.40,123.3 1 0
mimo-reasonix/internal/cli/skill_hooks.go:124.2,125.37 2 0
mimo-reasonix/internal/cli/skill_hooks.go:125.37,127.10 2 0
mimo-reasonix/internal/cli/skill_hooks.go:127.10,130.4 2 0
mimo-reasonix/internal/cli/skill_hooks.go:131.3,131.65 1 0
mimo-reasonix/internal/cli/skill_hooks.go:131.65,134.4 2 0
mimo-reasonix/internal/cli/skill_hooks.go:136.2,136.60 1 0
mimo-reasonix/internal/cli/skill_hooks.go:136.60,139.3 2 0
mimo-reasonix/internal/cli/skill_hooks.go:140.2,141.23 2 0
mimo-reasonix/internal/cli/skill_hooks.go:141.23,144.29 3 0
mimo-reasonix/internal/cli/skill_hooks.go:144.29,146.4 1 0
mimo-reasonix/internal/cli/skill_hooks.go:147.3,147.14 1 0
mimo-reasonix/internal/cli/skill_hooks.go:147.14,149.4 1 0
mimo-reasonix/internal/cli/skill_hooks.go:149.9,151.4 1 0
mimo-reasonix/internal/cli/skill_hooks.go:152.8,154.3 1 0
mimo-reasonix/internal/cli/skill_hooks.go:155.2,155.55 1 0
mimo-reasonix/internal/cli/skill_hooks.go:158.75,159.30 1 1
mimo-reasonix/internal/cli/skill_hooks.go:159.30,162.3 2 1
mimo-reasonix/internal/cli/skill_hooks.go:163.2,163.19 1 0
mimo-reasonix/internal/cli/skill_hooks.go:163.19,165.3 1 0
mimo-reasonix/internal/cli/skill_hooks.go:166.2,166.22 1 0
mimo-reasonix/internal/cli/skill_hooks.go:166.22,169.3 2 0
mimo-reasonix/internal/cli/skill_hooks.go:170.2,172.42 3 0
mimo-reasonix/internal/cli/skill_hooks.go:172.42,174.3 1 0
mimo-reasonix/internal/cli/skill_hooks.go:175.2,175.18 1 0
mimo-reasonix/internal/cli/skill_hooks.go:175.18,177.3 1 0
mimo-reasonix/internal/cli/skill_hooks.go:178.2,182.40 5 0
mimo-reasonix/internal/cli/skill_hooks.go:182.40,184.17 2 0
mimo-reasonix/internal/cli/skill_hooks.go:184.17,186.4 1 0
mimo-reasonix/internal/cli/skill_hooks.go:187.3,195.4 1 0
mimo-reasonix/internal/cli/skill_hooks.go:197.2,197.13 1 0
mimo-reasonix/internal/cli/skill_hooks.go:200.38,201.13 1 0
mimo-reasonix/internal/cli/skill_hooks.go:201.13,203.3 1 0
mimo-reasonix/internal/cli/skill_hooks.go:204.2,204.18 1 0
mimo-reasonix/internal/cli/skill_hooks.go:207.54,210.37 3 0
mimo-reasonix/internal/cli/skill_hooks.go:210.37,212.3 1 0
mimo-reasonix/internal/cli/skill_hooks.go:213.2,214.16 2 0
mimo-reasonix/internal/cli/skill_hooks.go:214.16,217.3 2 0
mimo-reasonix/internal/cli/skill_hooks.go:218.2,218.111 1 0
mimo-reasonix/internal/cli/skill_hooks.go:221.32,224.2 2 0
mimo-reasonix/internal/cli/skill_hooks.go:226.45,231.43 5 1
mimo-reasonix/internal/cli/skill_hooks.go:231.43,235.3 3 1
mimo-reasonix/internal/cli/skill_hooks.go:236.2,236.117 1 1
mimo-reasonix/internal/cli/skill_hooks.go:239.52,242.19 3 0
mimo-reasonix/internal/cli/skill_hooks.go:242.19,244.3 1 0
mimo-reasonix/internal/cli/skill_hooks.go:245.2,246.13 2 0
mimo-reasonix/internal/cli/skill_hooks.go:247.24,248.19 1 0
mimo-reasonix/internal/cli/skill_hooks.go:249.15,250.45 1 0
mimo-reasonix/internal/cli/skill_hooks.go:250.45,253.4 2 0
mimo-reasonix/internal/cli/skill_hooks.go:254.3,254.82 1 0
mimo-reasonix/internal/cli/skill_hooks.go:255.10,256.86 1 0
mimo-reasonix/internal/cli/skill_hooks.go:260.41,264.2 3 0
mimo-reasonix/internal/cli/skill_hooks.go:266.51,267.25 1 0
mimo-reasonix/internal/cli/skill_hooks.go:267.25,268.16 1 0
mimo-reasonix/internal/cli/skill_hooks.go:268.16,270.4 1 0
mimo-reasonix/internal/cli/skill_hooks.go:272.2,272.14 1 0
mimo-reasonix/internal/cli/skill_picker.go:61.37,64.19 3 1
mimo-reasonix/internal/cli/skill_picker.go:64.19,66.3 1 0
mimo-reasonix/internal/cli/skill_picker.go:67.2,67.22 1 1
mimo-reasonix/internal/cli/skill_picker.go:67.22,70.3 2 0
mimo-reasonix/internal/cli/skill_picker.go:71.2,75.28 5 1
mimo-reasonix/internal/cli/skill_picker.go:75.28,79.3 3 1
mimo-reasonix/internal/cli/skill_picker.go:80.2,86.3 1 1
mimo-reasonix/internal/cli/skill_picker.go:89.81,91.14 2 1
mimo-reasonix/internal/cli/skill_picker.go:91.14,93.3 1 0
mimo-reasonix/internal/cli/skill_picker.go:95.2,95.20 1 1
mimo-reasonix/internal/cli/skill_picker.go:95.20,96.23 1 1
mimo-reasonix/internal/cli/skill_picker.go:97.14,99.17 2 1
mimo-reasonix/internal/cli/skill_picker.go:100.16,101.28 1 0
mimo-reasonix/internal/cli/skill_picker.go:102.20,103.24 1 0
mimo-reasonix/internal/cli/skill_picker.go:103.24,106.5 2 0
mimo-reasonix/internal/cli/skill_picker.go:107.4,107.17 1 0
mimo-reasonix/internal/cli/skill_picker.go:108.18,109.17 1 0
mimo-reasonix/internal/cli/skill_picker.go:109.17,111.5 1 0
mimo-reasonix/internal/cli/skill_picker.go:112.4,112.17 1 0
mimo-reasonix/internal/cli/skill_picker.go:113.20,115.31 2 0
mimo-reasonix/internal/cli/skill_picker.go:115.31,117.5 1 0
mimo-reasonix/internal/cli/skill_picker.go:118.4,118.17 1 0
mimo-reasonix/internal/cli/skill_picker.go:119.11,120.30 1 0
mimo-reasonix/internal/cli/skill_picker.go:120.30,122.5 1 0
mimo-reasonix/internal/cli/skill_picker.go:122.10,122.73 1 0
mimo-reasonix/internal/cli/skill_picker.go:122.73,124.5 1 0
mimo-reasonix/internal/cli/skill_picker.go:125.4,126.17 2 0
mimo-reasonix/internal/cli/skill_picker.go:130.2,130.16 1 1
mimo-reasonix/internal/cli/skill_picker.go:131.20,132.43 1 1
mimo-reasonix/internal/cli/skill_picker.go:133.21,134.44 1 1
mimo-reasonix/internal/cli/skill_picker.go:135.26,136.49 1 0
mimo-reasonix/internal/cli/skill_picker.go:137.20,138.43 1 1
mimo-reasonix/internal/cli/skill_picker.go:139.27,140.50 1 0
mimo-reasonix/internal/cli/skill_picker.go:142.2,142.15 1 0
mimo-reasonix/internal/cli/skill_picker.go:145.87,147.22 2 1
mimo-reasonix/internal/cli/skill_picker.go:148.13,149.20 1 1
mimo-reasonix/internal/cli/skill_picker.go:150.17,151.16 1 0
mimo-reasonix/internal/cli/skill_picker.go:151.16,153.4 1 0
mimo-reasonix/internal/cli/skill_picker.go:154.19,155.30 1 0
mimo-reasonix/internal/cli/skill_picker.go:155.30,157.4 1 0
mimo-reasonix/internal/cli/skill_picker.go:158.15,159.27 1 0
mimo-reasonix/internal/cli/skill_picker.go:160.20,161.26 1 1
mimo-reasonix/internal/cli/skill_picker.go:162.20,163.38 1 0
mimo-reasonix/internal/cli/skill_picker.go:163.38,165.4 1 0
mimo-reasonix/internal/cli/skill_picker.go:166.11,168.15 2 0
mimo-reasonix/internal/cli/skill_picker.go:169.11,172.18 3 1
mimo-reasonix/internal/cli/skill_picker.go:173.11,174.19 1 0
mimo-reasonix/internal/cli/skill_picker.go:176.2,176.15 1 1
mimo-reasonix/internal/cli/skill_picker.go:179.88,182.22 3 1
mimo-reasonix/internal/cli/skill_picker.go:183.13,184.20 1 0
mimo-reasonix/internal/cli/skill_picker.go:185.17,186.22 1 0
mimo-reasonix/internal/cli/skill_picker.go:186.22,188.4 1 0
mimo-reasonix/internal/cli/skill_picker.go:189.19,190.35 1 0
mimo-reasonix/internal/cli/skill_picker.go:190.35,192.4 1 0
mimo-reasonix/internal/cli/skill_picker.go:193.29,194.23 1 1
mimo-reasonix/internal/cli/skill_picker.go:194.23,197.4 2 1
mimo-reasonix/internal/cli/skill_picker.go:198.11,200.47 2 0
mimo-reasonix/internal/cli/skill_picker.go:201.11,204.28 3 0
mimo-reasonix/internal/cli/skill_picker.go:205.11,206.19 1 0
mimo-reasonix/internal/cli/skill_picker.go:208.2,208.15 1 1
mimo-reasonix/internal/cli/skill_picker.go:211.93,214.22 3 0
mimo-reasonix/internal/cli/skill_picker.go:215.26,216.25 1 0
mimo-reasonix/internal/cli/skill_picker.go:217.17,218.27 1 0
mimo-reasonix/internal/cli/skill_picker.go:218.27,220.4 1 0
mimo-reasonix/internal/cli/skill_picker.go:221.19,222.39 1 0
mimo-reasonix/internal/cli/skill_picker.go:222.39,224.4 1 0
mimo-reasonix/internal/cli/skill_picker.go:225.29,226.62 1 0
mimo-reasonix/internal/cli/skill_picker.go:226.62,228.4 1 0
mimo-reasonix/internal/cli/skill_picker.go:229.20,230.62 1 0
mimo-reasonix/internal/cli/skill_picker.go:230.62,232.4 1 0
mimo-reasonix/internal/cli/skill_picker.go:234.2,235.15 2 0
mimo-reasonix/internal/cli/skill_picker.go:238.87,242.22 4 1
mimo-reasonix/internal/cli/skill_picker.go:243.26,245.21 2 0
mimo-reasonix/internal/cli/skill_picker.go:246.17,247.25 1 0
mimo-reasonix/internal/cli/skill_picker.go:247.25,249.4 1 0
mimo-reasonix/internal/cli/skill_picker.go:250.19,251.38 1 0
mimo-reasonix/internal/cli/skill_picker.go:251.38,253.4 1 0
mimo-reasonix/internal/cli/skill_picker.go:254.15,255.23 1 1
mimo-reasonix/internal/cli/skill_picker.go:255.23,257.4 1 1
mimo-reasonix/internal/cli/skill_picker.go:258.20,259.36 1 0
mimo-reasonix/internal/cli/skill_picker.go:261.2,262.15 2 0
mimo-reasonix/internal/cli/skill_picker.go:265.94,267.22 2 0
mimo-reasonix/internal/cli/skill_picker.go:268.30,269.21 1 0
mimo-reasonix/internal/cli/skill_picker.go:269.21,271.4 1 0
mimo-reasonix/internal/cli/skill_picker.go:271.9,273.4 1 0
mimo-reasonix/internal/cli/skill_picker.go:274.11,276.42 2 0
mimo-reasonix/internal/cli/skill_picker.go:277.18,278.24 1 0
mimo-reasonix/internal/cli/skill_picker.go:279.15,280.21 1 0
mimo-reasonix/internal/cli/skill_picker.go:280.21,282.4 1 0
mimo-reasonix/internal/cli/skill_picker.go:283.3,283.24 1 0
mimo-reasonix/internal/cli/skill_picker.go:285.2,285.15 1 0
mimo-reasonix/internal/cli/skill_picker.go:288.55,290.14 2 1
mimo-reasonix/internal/cli/skill_picker.go:290.14,292.3 1 0
mimo-reasonix/internal/cli/skill_picker.go:293.2,295.23 3 1
mimo-reasonix/internal/cli/skill_picker.go:295.23,298.3 2 1
mimo-reasonix/internal/cli/skill_picker.go:299.2,300.33 2 0
mimo-reasonix/internal/cli/skill_picker.go:300.33,302.3 1 0
mimo-reasonix/internal/cli/skill_picker.go:303.2,303.15 1 0
mimo-reasonix/internal/cli/skill_picker.go:306.71,309.16 3 1
mimo-reasonix/internal/cli/skill_picker.go:309.16,311.15 2 0
mimo-reasonix/internal/cli/skill_picker.go:311.15,313.4 1 0
mimo-reasonix/internal/cli/skill_picker.go:314.3,314.16 1 0
mimo-reasonix/internal/cli/skill_picker.go:316.2,316.9 1 1
mimo-reasonix/internal/cli/skill_picker.go:316.9,318.15 2 0
mimo-reasonix/internal/cli/skill_picker.go:318.15,320.4 1 0
mimo-reasonix/internal/cli/skill_picker.go:321.3,321.16 1 0
mimo-reasonix/internal/cli/skill_picker.go:323.2,323.45 1 1
mimo-reasonix/internal/cli/skill_picker.go:323.45,325.15 2 0
mimo-reasonix/internal/cli/skill_picker.go:325.15,327.4 1 0
mimo-reasonix/internal/cli/skill_picker.go:328.3,328.16 1 0
mimo-reasonix/internal/cli/skill_picker.go:330.2,330.14 1 1
mimo-reasonix/internal/cli/skill_picker.go:330.14,335.3 4 1
mimo-reasonix/internal/cli/skill_picker.go:336.2,339.32 4 1
mimo-reasonix/internal/cli/skill_picker.go:342.34,345.2 2 0
mimo-reasonix/internal/cli/skill_picker.go:347.44,351.24 4 1
mimo-reasonix/internal/cli/skill_picker.go:351.24,356.58 5 1
mimo-reasonix/internal/cli/skill_picker.go:356.58,358.4 1 0
mimo-reasonix/internal/cli/skill_picker.go:358.9,360.4 1 1
mimo-reasonix/internal/cli/skill_picker.go:361.3,362.102 2 1
mimo-reasonix/internal/cli/skill_picker.go:366.54,367.19 1 1
mimo-reasonix/internal/cli/skill_picker.go:367.19,369.3 1 1
mimo-reasonix/internal/cli/skill_picker.go:370.2,372.29 3 1
mimo-reasonix/internal/cli/skill_picker.go:372.29,374.56 1 1
mimo-reasonix/internal/cli/skill_picker.go:374.56,376.4 1 1
mimo-reasonix/internal/cli/skill_picker.go:378.2,378.12 1 1
mimo-reasonix/internal/cli/skill_picker.go:381.54,382.23 1 1
mimo-reasonix/internal/cli/skill_picker.go:382.23,384.3 1 1
mimo-reasonix/internal/cli/skill_picker.go:385.2,386.28 2 1
mimo-reasonix/internal/cli/skill_picker.go:386.28,387.52 1 1
mimo-reasonix/internal/cli/skill_picker.go:387.52,389.4 1 1
mimo-reasonix/internal/cli/skill_picker.go:391.2,391.12 1 1
mimo-reasonix/internal/cli/skill_picker.go:394.59,395.14 1 1
mimo-reasonix/internal/cli/skill_picker.go:395.14,397.3 1 0
mimo-reasonix/internal/cli/skill_picker.go:398.2,399.37 2 1
mimo-reasonix/internal/cli/skill_picker.go:399.37,401.3 1 0
mimo-reasonix/internal/cli/skill_picker.go:402.2,402.22 1 1
mimo-reasonix/internal/cli/skill_picker.go:402.22,404.3 1 0
mimo-reasonix/internal/cli/skill_picker.go:405.2,406.28 2 1
mimo-reasonix/internal/cli/skill_picker.go:409.45,410.37 1 1
mimo-reasonix/internal/cli/skill_picker.go:410.37,412.3 1 1
mimo-reasonix/internal/cli/skill_picker.go:415.72,420.2 4 0
mimo-reasonix/internal/cli/skill_picker.go:422.54,423.34 1 1
mimo-reasonix/internal/cli/skill_picker.go:423.34,425.3 1 1
mimo-reasonix/internal/cli/skill_picker.go:426.2,426.40 1 1
mimo-reasonix/internal/cli/skill_picker.go:426.40,428.3 1 1
mimo-reasonix/internal/cli/skill_picker.go:429.2,429.13 1 0
mimo-reasonix/internal/cli/skill_picker.go:432.48,433.22 1 1
mimo-reasonix/internal/cli/skill_picker.go:433.22,435.3 1 0
mimo-reasonix/internal/cli/skill_picker.go:436.2,436.30 1 1
mimo-reasonix/internal/cli/skill_picker.go:436.30,438.3 1 0
mimo-reasonix/internal/cli/skill_picker.go:439.2,439.43 1 1
mimo-reasonix/internal/cli/skill_picker.go:439.43,441.3 1 0
mimo-reasonix/internal/cli/skill_picker.go:442.2,442.41 1 1
mimo-reasonix/internal/cli/skill_picker.go:445.56,447.14 2 1
mimo-reasonix/internal/cli/skill_picker.go:447.14,449.3 1 0
mimo-reasonix/internal/cli/skill_picker.go:450.2,450.39 1 1
mimo-reasonix/internal/cli/skill_picker.go:450.39,452.10 2 1
mimo-reasonix/internal/cli/skill_picker.go:452.10,454.4 1 0
mimo-reasonix/internal/cli/skill_picker.go:455.3,455.26 1 1
mimo-reasonix/internal/cli/skill_picker.go:455.26,457.4 1 0
mimo-reasonix/internal/cli/skill_picker.go:459.2,459.16 1 1
mimo-reasonix/internal/cli/skill_picker.go:462.87,465.28 3 1
mimo-reasonix/internal/cli/skill_picker.go:465.28,467.23 2 1
mimo-reasonix/internal/cli/skill_picker.go:467.23,468.46 1 1
mimo-reasonix/internal/cli/skill_picker.go:468.46,470.5 1 0
mimo-reasonix/internal/cli/skill_picker.go:472.3,473.31 2 1
mimo-reasonix/internal/cli/skill_picker.go:473.31,474.54 1 1
mimo-reasonix/internal/cli/skill_picker.go:474.54,476.5 1 0
mimo-reasonix/internal/cli/skill_picker.go:478.3,479.35 2 1
mimo-reasonix/internal/cli/skill_picker.go:481.2,482.34 2 1
mimo-reasonix/internal/cli/skill_picker.go:485.60,486.14 1 1
mimo-reasonix/internal/cli/skill_picker.go:486.14,488.3 1 0
mimo-reasonix/internal/cli/skill_picker.go:489.2,490.21 2 1
mimo-reasonix/internal/cli/skill_picker.go:490.21,492.3 1 0
mimo-reasonix/internal/cli/skill_picker.go:493.2,494.33 2 1
mimo-reasonix/internal/cli/skill_picker.go:497.58,499.9 2 1
mimo-reasonix/internal/cli/skill_picker.go:499.9,501.3 1 0
mimo-reasonix/internal/cli/skill_picker.go:502.2,503.30 2 1
mimo-reasonix/internal/cli/skill_picker.go:503.30,504.28 1 1
mimo-reasonix/internal/cli/skill_picker.go:504.28,506.4 1 1
mimo-reasonix/internal/cli/skill_picker.go:508.2,508.12 1 1
mimo-reasonix/internal/cli/skill_picker.go:511.59,512.38 1 1
mimo-reasonix/internal/cli/skill_picker.go:512.38,514.3 1 0
mimo-reasonix/internal/cli/skill_picker.go:515.2,515.79 1 1
mimo-reasonix/internal/cli/skill_picker.go:515.79,517.3 1 1
mimo-reasonix/internal/cli/skill_picker.go:518.2,521.71 4 1
mimo-reasonix/internal/cli/skill_picker.go:524.76,527.31 3 1
mimo-reasonix/internal/cli/skill_picker.go:527.31,533.3 1 1
mimo-reasonix/internal/cli/skill_picker.go:534.2,534.27 1 1
mimo-reasonix/internal/cli/skill_picker.go:534.27,535.36 1 1
mimo-reasonix/internal/cli/skill_picker.go:535.36,536.12 1 1
mimo-reasonix/internal/cli/skill_picker.go:538.3,539.24 2 1
mimo-reasonix/internal/cli/skill_picker.go:539.24,540.33 1 1
mimo-reasonix/internal/cli/skill_picker.go:540.33,541.13 1 1
mimo-reasonix/internal/cli/skill_picker.go:544.4,545.44 2 1
mimo-reasonix/internal/cli/skill_picker.go:545.44,547.10 2 1
mimo-reasonix/internal/cli/skill_picker.go:551.2,551.23 1 1
mimo-reasonix/internal/cli/skill_picker.go:551.23,552.42 1 1
mimo-reasonix/internal/cli/skill_picker.go:552.42,554.4 1 0
mimo-reasonix/internal/cli/skill_picker.go:554.9,556.4 1 1
mimo-reasonix/internal/cli/skill_picker.go:558.2,559.27 2 1
mimo-reasonix/internal/cli/skill_picker.go:559.27,560.36 1 1
mimo-reasonix/internal/cli/skill_picker.go:560.36,562.4 1 1
mimo-reasonix/internal/cli/skill_picker.go:564.2,564.22 1 1
mimo-reasonix/internal/cli/skill_picker.go:564.22,572.3 1 1
mimo-reasonix/internal/cli/skill_picker.go:573.2,573.14 1 1
mimo-reasonix/internal/cli/skill_picker.go:588.55,593.42 2 1
mimo-reasonix/internal/cli/skill_picker.go:593.42,598.3 1 1
mimo-reasonix/internal/cli/skill_picker.go:599.2,599.16 1 1
mimo-reasonix/internal/cli/skill_picker.go:602.96,604.14 2 1
mimo-reasonix/internal/cli/skill_picker.go:604.14,606.3 1 0
mimo-reasonix/internal/cli/skill_picker.go:607.2,607.21 1 1
mimo-reasonix/internal/cli/skill_picker.go:608.25,609.25 1 0
mimo-reasonix/internal/cli/skill_picker.go:610.25,613.31 3 1
mimo-reasonix/internal/cli/skill_picker.go:615.2,615.15 1 1
mimo-reasonix/internal/cli/skill_picker.go:618.61,619.35 1 1
mimo-reasonix/internal/cli/skill_picker.go:619.35,621.3 1 1
mimo-reasonix/internal/cli/skill_picker.go:622.2,623.39 2 1
mimo-reasonix/internal/cli/skill_picker.go:623.39,625.3 1 0
mimo-reasonix/internal/cli/skill_picker.go:626.2,628.16 3 1
mimo-reasonix/internal/cli/skill_picker.go:628.16,630.3 1 1
mimo-reasonix/internal/cli/skill_picker.go:631.2,631.45 1 1
mimo-reasonix/internal/cli/skill_picker.go:631.45,633.54 2 1
mimo-reasonix/internal/cli/skill_picker.go:633.54,635.4 1 0
mimo-reasonix/internal/cli/skill_picker.go:636.3,636.24 1 1
mimo-reasonix/internal/cli/skill_picker.go:638.2,638.29 1 1
mimo-reasonix/internal/cli/skill_picker.go:638.29,640.3 1 1
mimo-reasonix/internal/cli/skill_picker.go:641.2,641.72 1 0
mimo-reasonix/internal/cli/skill_picker.go:644.51,646.9 2 0
mimo-reasonix/internal/cli/skill_picker.go:646.9,648.3 1 0
mimo-reasonix/internal/cli/skill_picker.go:649.2,649.15 1 0
mimo-reasonix/internal/cli/skill_picker.go:652.55,655.47 3 1
mimo-reasonix/internal/cli/skill_picker.go:655.47,658.15 3 1
mimo-reasonix/internal/cli/skill_picker.go:658.15,660.4 1 1
mimo-reasonix/internal/cli/skill_picker.go:661.3,661.41 1 1
mimo-reasonix/internal/cli/skill_picker.go:663.2,663.15 1 1
mimo-reasonix/internal/cli/skill_picker.go:666.46,667.21 1 1
mimo-reasonix/internal/cli/skill_picker.go:667.21,669.3 1 1
mimo-reasonix/internal/cli/skill_picker.go:670.2,670.13 1 1
mimo-reasonix/internal/cli/skill_picker.go:670.13,672.3 1 1
mimo-reasonix/internal/cli/skill_picker.go:673.2,673.23 1 1
mimo-reasonix/internal/cli/skill_picker.go:673.23,675.3 1 1
mimo-reasonix/internal/cli/skill_picker.go:676.2,676.12 1 1
mimo-reasonix/internal/cli/skill_picker.go:679.35,680.16 1 1
mimo-reasonix/internal/cli/skill_picker.go:680.16,682.3 1 0
mimo-reasonix/internal/cli/skill_picker.go:683.2,683.13 1 1
mimo-reasonix/internal/cli/skill_picker.go:683.13,685.3 1 0
mimo-reasonix/internal/cli/skill_picker.go:686.2,686.18 1 1
mimo-reasonix/internal/cli/skill_picker.go:686.18,688.3 1 0
mimo-reasonix/internal/cli/skill_picker.go:689.2,689.12 1 1
mimo-reasonix/internal/cli/skill_picker_view.go:16.45,18.14 2 1
mimo-reasonix/internal/cli/skill_picker_view.go:18.14,20.3 1 1
mimo-reasonix/internal/cli/skill_picker_view.go:21.2,22.16 2 1
mimo-reasonix/internal/cli/skill_picker_view.go:23.20,24.73 1 1
mimo-reasonix/internal/cli/skill_picker_view.go:25.21,26.74 1 1
mimo-reasonix/internal/cli/skill_picker_view.go:27.26,28.79 1 1
mimo-reasonix/internal/cli/skill_picker_view.go:29.20,30.73 1 1
mimo-reasonix/internal/cli/skill_picker_view.go:31.27,32.80 1 0
mimo-reasonix/internal/cli/skill_picker_view.go:34.2,34.11 1 0
mimo-reasonix/internal/cli/skill_picker_view.go:37.49,38.24 1 1
mimo-reasonix/internal/cli/skill_picker_view.go:38.24,40.3 1 0
mimo-reasonix/internal/cli/skill_picker_view.go:41.2,41.26 1 1
mimo-reasonix/internal/cli/skill_picker_view.go:42.20,43.32 1 1
mimo-reasonix/internal/cli/skill_picker_view.go:44.21,45.38 1 0
mimo-reasonix/internal/cli/skill_picker_view.go:46.26,47.44 1 0
mimo-reasonix/internal/cli/skill_picker_view.go:48.20,49.38 1 0
mimo-reasonix/internal/cli/skill_picker_view.go:50.27,51.38 1 0
mimo-reasonix/internal/cli/skill_picker_view.go:52.10,53.12 1 0
mimo-reasonix/internal/cli/skill_picker_view.go:57.51,63.53 5 1
mimo-reasonix/internal/cli/skill_picker_view.go:63.53,65.3 1 1
mimo-reasonix/internal/cli/skill_picker_view.go:66.2,71.37 5 1
mimo-reasonix/internal/cli/skill_picker_view.go:71.37,73.3 1 1
mimo-reasonix/internal/cli/skill_picker_view.go:75.2,75.22 1 1
mimo-reasonix/internal/cli/skill_picker_view.go:75.22,78.3 2 1
mimo-reasonix/internal/cli/skill_picker_view.go:78.8,80.16 2 1
mimo-reasonix/internal/cli/skill_picker_view.go:80.16,83.4 2 0
mimo-reasonix/internal/cli/skill_picker_view.go:84.3,85.32 2 1
mimo-reasonix/internal/cli/skill_picker_view.go:85.32,87.26 2 1
mimo-reasonix/internal/cli/skill_picker_view.go:87.26,88.24 1 1
mimo-reasonix/internal/cli/skill_picker_view.go:88.24,90.6 1 1
mimo-reasonix/internal/cli/skill_picker_view.go:91.5,92.22 2 1
mimo-reasonix/internal/cli/skill_picker_view.go:94.4,95.21 2 1
mimo-reasonix/internal/cli/skill_picker_view.go:97.3,97.24 1 1
mimo-reasonix/internal/cli/skill_picker_view.go:97.24,100.4 2 1
mimo-reasonix/internal/cli/skill_picker_view.go:103.2,103.44 1 1
mimo-reasonix/internal/cli/skill_picker_view.go:106.47,107.19 1 1
mimo-reasonix/internal/cli/skill_picker_view.go:107.19,109.3 1 1
mimo-reasonix/internal/cli/skill_picker_view.go:110.2,110.70 1 1
mimo-reasonix/internal/cli/skill_picker_view.go:113.56,114.16 1 1
mimo-reasonix/internal/cli/skill_picker_view.go:114.16,116.3 1 0
mimo-reasonix/internal/cli/skill_picker_view.go:117.2,117.34 1 1
mimo-reasonix/internal/cli/skill_picker_view.go:117.34,119.3 1 1
mimo-reasonix/internal/cli/skill_picker_view.go:120.2,120.13 1 1
mimo-reasonix/internal/cli/skill_picker_view.go:120.13,122.3 1 0
mimo-reasonix/internal/cli/skill_picker_view.go:123.2,123.18 1 1
mimo-reasonix/internal/cli/skill_picker_view.go:123.18,125.3 1 0
mimo-reasonix/internal/cli/skill_picker_view.go:126.2,127.15 2 1
mimo-reasonix/internal/cli/skill_picker_view.go:127.15,129.3 1 1
mimo-reasonix/internal/cli/skill_picker_view.go:130.2,130.25 1 1
mimo-reasonix/internal/cli/skill_picker_view.go:130.25,132.3 1 0
mimo-reasonix/internal/cli/skill_picker_view.go:133.2,133.29 1 1
mimo-reasonix/internal/cli/skill_picker_view.go:136.68,140.27 4 1
mimo-reasonix/internal/cli/skill_picker_view.go:140.27,142.3 1 1
mimo-reasonix/internal/cli/skill_picker_view.go:143.2,151.19 9 1
mimo-reasonix/internal/cli/skill_picker_view.go:154.52,160.19 5 1
mimo-reasonix/internal/cli/skill_picker_view.go:160.19,162.3 1 1
mimo-reasonix/internal/cli/skill_picker_view.go:163.2,166.26 3 1
mimo-reasonix/internal/cli/skill_picker_view.go:166.26,170.3 3 1
mimo-reasonix/internal/cli/skill_picker_view.go:172.2,172.23 1 1
mimo-reasonix/internal/cli/skill_picker_view.go:172.23,174.3 1 0
mimo-reasonix/internal/cli/skill_picker_view.go:174.8,176.3 1 1
mimo-reasonix/internal/cli/skill_picker_view.go:177.2,177.19 1 1
mimo-reasonix/internal/cli/skill_picker_view.go:180.57,184.9 4 1
mimo-reasonix/internal/cli/skill_picker_view.go:184.9,187.3 2 0
mimo-reasonix/internal/cli/skill_picker_view.go:188.2,193.22 6 1
mimo-reasonix/internal/cli/skill_picker_view.go:193.22,197.3 3 0
mimo-reasonix/internal/cli/skill_picker_view.go:198.2,199.15 2 1
mimo-reasonix/internal/cli/skill_picker_view.go:199.15,202.3 2 0
mimo-reasonix/internal/cli/skill_picker_view.go:203.2,203.31 1 1
mimo-reasonix/internal/cli/skill_picker_view.go:203.31,206.3 2 1
mimo-reasonix/internal/cli/skill_picker_view.go:207.2,207.23 1 1
mimo-reasonix/internal/cli/skill_picker_view.go:207.23,210.3 2 0
mimo-reasonix/internal/cli/skill_picker_view.go:211.2,211.19 1 1
mimo-reasonix/internal/cli/skill_picker_view.go:214.51,221.40 7 1
mimo-reasonix/internal/cli/skill_picker_view.go:221.40,223.3 1 1
mimo-reasonix/internal/cli/skill_picker_view.go:224.2,227.33 4 1
mimo-reasonix/internal/cli/skill_picker_view.go:227.33,230.3 2 1
mimo-reasonix/internal/cli/skill_picker_view.go:231.2,231.75 1 1
mimo-reasonix/internal/cli/skill_picker_view.go:231.75,234.3 2 1
mimo-reasonix/internal/cli/skill_picker_view.go:235.2,235.19 1 1
mimo-reasonix/internal/cli/skill_picker_view.go:238.58,244.16 6 0
mimo-reasonix/internal/cli/skill_picker_view.go:244.16,247.3 2 0
mimo-reasonix/internal/cli/skill_picker_view.go:248.2,252.19 5 0
mimo-reasonix/internal/cli/skill_picker_view.go:255.88,257.14 2 1
mimo-reasonix/internal/cli/skill_picker_view.go:257.14,259.3 1 1
mimo-reasonix/internal/cli/skill_picker_view.go:260.2,262.14 3 1
mimo-reasonix/internal/cli/skill_picker_view.go:262.14,264.3 1 1
mimo-reasonix/internal/cli/skill_picker_view.go:265.2,267.13 3 1
mimo-reasonix/internal/cli/skill_picker_view.go:267.13,269.3 1 1
mimo-reasonix/internal/cli/skill_picker_view.go:269.8,271.3 1 0
mimo-reasonix/internal/cli/skill_picker_view.go:272.2,275.28 4 1
mimo-reasonix/internal/cli/skill_picker_view.go:275.28,277.3 1 1
mimo-reasonix/internal/cli/skill_picker_view.go:279.2,279.14 1 1
mimo-reasonix/internal/cli/skill_picker_view.go:279.14,281.3 1 1
mimo-reasonix/internal/cli/skill_picker_view.go:282.2,282.13 1 1
mimo-reasonix/internal/cli/skill_picker_view.go:285.45,287.2 1 1
mimo-reasonix/internal/cli/skill_picker_view.go:289.41,291.34 2 1
mimo-reasonix/internal/cli/skill_picker_view.go:291.34,293.3 1 1
mimo-reasonix/internal/cli/skill_picker_view.go:294.2,295.36 2 1
mimo-reasonix/internal/cli/skill_picker_view.go:298.43,300.16 2 1
mimo-reasonix/internal/cli/skill_picker_view.go:300.16,302.3 1 1
mimo-reasonix/internal/cli/skill_picker_view.go:303.2,303.16 1 1
mimo-reasonix/internal/cli/skill_picker_view.go:303.16,305.3 1 0
mimo-reasonix/internal/cli/skill_picker_view.go:306.2,307.20 2 1
mimo-reasonix/internal/cli/skill_picker_view.go:307.20,309.3 1 1
mimo-reasonix/internal/cli/skill_picker_view.go:310.2,310.35 1 1
mimo-reasonix/internal/cli/skill_picker_view.go:313.52,317.32 4 1
mimo-reasonix/internal/cli/skill_picker_view.go:317.32,319.3 1 1
mimo-reasonix/internal/cli/skill_picker_view.go:319.8,321.3 1 0
mimo-reasonix/internal/cli/skill_picker_view.go:322.2,323.67 2 1
mimo-reasonix/internal/cli/skill_picker_view.go:326.48,327.24 1 1
mimo-reasonix/internal/cli/skill_picker_view.go:327.24,329.3 1 0
mimo-reasonix/internal/cli/skill_picker_view.go:330.2,330.37 1 1
mimo-reasonix/internal/cli/skill_picker_view.go:330.37,333.3 2 1
mimo-reasonix/internal/cli/skill_picker_view.go:334.2,335.29 2 1
mimo-reasonix/internal/cli/skill_picker_view.go:335.29,337.3 1 1
mimo-reasonix/internal/cli/skill_picker_view.go:338.2,340.113 3 1
mimo-reasonix/internal/cli/skill_picker_view.go:340.113,341.39 1 1
mimo-reasonix/internal/cli/skill_picker_view.go:341.39,343.4 1 1
mimo-reasonix/internal/cli/skill_picker_view.go:345.2,345.36 1 1
mimo-reasonix/internal/cli/skill_picker_view.go:348.55,350.26 2 1
mimo-reasonix/internal/cli/skill_picker_view.go:350.26,351.19 1 1
mimo-reasonix/internal/cli/skill_picker_view.go:351.19,353.4 1 1
mimo-reasonix/internal/cli/skill_picker_view.go:355.2,355.17 1 1
mimo-reasonix/internal/cli/skill_picker_view.go:355.17,357.3 1 1
mimo-reasonix/internal/cli/skill_picker_view.go:358.2,358.63 1 1
mimo-reasonix/internal/cli/skill_picker_view.go:361.53,364.58 3 1
mimo-reasonix/internal/cli/skill_picker_view.go:364.58,367.3 2 1
mimo-reasonix/internal/cli/skill_picker_view.go:368.2,368.19 1 1
mimo-reasonix/internal/cli/skill_picker_view.go:371.59,380.51 7 1
mimo-reasonix/internal/cli/skill_picker_view.go:380.51,383.3 2 1
mimo-reasonix/internal/cli/skill_picker_view.go:385.2,385.44 1 1
mimo-reasonix/internal/cli/skill_picker_view.go:385.44,389.3 3 1
mimo-reasonix/internal/cli/skill_picker_view.go:391.2,391.19 1 1
mimo-reasonix/internal/cli/skill_picker_view.go:394.68,396.16 2 1
mimo-reasonix/internal/cli/skill_picker_view.go:396.16,398.3 1 0
mimo-reasonix/internal/cli/skill_picker_view.go:399.2,402.15 4 1
mimo-reasonix/internal/cli/skill_picker_view.go:402.15,405.3 2 1
mimo-reasonix/internal/cli/skill_picker_view.go:406.2,406.19 1 1
mimo-reasonix/internal/cli/skill_picker_view.go:409.40,410.12 1 1
mimo-reasonix/internal/cli/skill_picker_view.go:411.26,412.40 1 1
mimo-reasonix/internal/cli/skill_picker_view.go:413.25,414.39 1 0
mimo-reasonix/internal/cli/skill_picker_view.go:415.25,416.39 1 1
mimo-reasonix/internal/cli/skill_picker_view.go:417.26,418.40 1 1
mimo-reasonix/internal/cli/skill_picker_view.go:419.10,420.20 1 0
mimo-reasonix/internal/cli/skill_picker_view.go:424.46,425.12 1 1
mimo-reasonix/internal/cli/skill_picker_view.go:426.22,427.36 1 1
mimo-reasonix/internal/cli/skill_picker_view.go:428.27,429.41 1 1
mimo-reasonix/internal/cli/skill_picker_view.go:430.32,431.40 1 1
mimo-reasonix/internal/cli/skill_picker_view.go:432.30,433.44 1 1
mimo-reasonix/internal/cli/skill_picker_view.go:434.10,435.20 1 1
mimo-reasonix/internal/cli/skill_view.go:12.88,15.27 3 1
mimo-reasonix/internal/cli/skill_view.go:15.27,19.35 4 1
mimo-reasonix/internal/cli/skill_view.go:19.35,21.4 1 1
mimo-reasonix/internal/cli/skill_view.go:22.3,22.23 1 1
mimo-reasonix/internal/cli/skill_view.go:22.23,24.4 1 1
mimo-reasonix/internal/cli/skill_view.go:25.3,27.74 3 1
mimo-reasonix/internal/cli/skill_view.go:29.2,30.44 2 1
mimo-reasonix/internal/cli/skill_view.go:33.70,36.34 3 1
mimo-reasonix/internal/cli/skill_view.go:36.34,38.3 1 0
mimo-reasonix/internal/cli/skill_view.go:38.8,40.3 1 1
mimo-reasonix/internal/cli/skill_view.go:41.2,41.14 1 1
mimo-reasonix/internal/cli/skill_view.go:41.14,43.3 1 1
mimo-reasonix/internal/cli/skill_view.go:44.2,44.44 1 1
mimo-reasonix/internal/cli/skill_view.go:44.44,46.3 1 1
mimo-reasonix/internal/cli/skill_view.go:47.2,47.37 1 1
mimo-reasonix/internal/cli/skill_view.go:47.37,49.3 1 1
mimo-reasonix/internal/cli/skill_view.go:50.2,51.35 2 1
mimo-reasonix/internal/cli/skill_view.go:51.35,54.3 2 1
mimo-reasonix/internal/cli/skill_view.go:55.2,55.15 1 1
mimo-reasonix/internal/cli/skill_view.go:55.15,56.18 1 1
mimo-reasonix/internal/cli/skill_view.go:56.18,58.4 1 1
mimo-reasonix/internal/cli/skill_view.go:59.3,59.42 1 1
mimo-reasonix/internal/cli/skill_view.go:61.2,61.44 1 1
mimo-reasonix/internal/cli/skill_view.go:64.61,67.26 3 1
mimo-reasonix/internal/cli/skill_view.go:67.26,71.33 4 1
mimo-reasonix/internal/cli/skill_view.go:71.33,73.4 1 1
mimo-reasonix/internal/cli/skill_view.go:73.9,75.4 1 1
mimo-reasonix/internal/cli/skill_view.go:76.3,77.86 1 1
mimo-reasonix/internal/cli/skill_view.go:79.2,80.44 2 1
mimo-reasonix/internal/cli/style.go:14.25,15.33 1 1
mimo-reasonix/internal/cli/style.go:15.33,17.3 1 0
mimo-reasonix/internal/cli/style.go:18.2,18.33 1 1
mimo-reasonix/internal/cli/style.go:18.33,20.3 1 0
mimo-reasonix/internal/cli/style.go:21.2,21.45 1 1
mimo-reasonix/internal/cli/style.go:41.33,42.19 1 1
mimo-reasonix/internal/cli/style.go:42.19,44.3 1 1
mimo-reasonix/internal/cli/style.go:45.2,45.29 1 1
mimo-reasonix/internal/cli/style.go:48.31,48.58 1 1
mimo-reasonix/internal/cli/style.go:49.31,49.74 1 1
mimo-reasonix/internal/cli/style.go:50.31,50.76 1 1
mimo-reasonix/internal/cli/style.go:51.31,51.72 1 1
mimo-reasonix/internal/cli/style.go:52.31,52.73 1 1
mimo-reasonix/internal/cli/style.go:53.31,53.75 1 1
mimo-reasonix/internal/cli/style.go:54.31,54.61 1 1
mimo-reasonix/internal/cli/theme.go:105.37,107.2 1 1
mimo-reasonix/internal/cli/theme.go:109.53,110.70 1 1
mimo-reasonix/internal/cli/theme.go:110.70,111.45 1 1
mimo-reasonix/internal/cli/theme.go:111.45,114.4 2 1
mimo-reasonix/internal/cli/theme.go:114.9,116.4 1 0
mimo-reasonix/internal/cli/theme.go:118.2,118.76 1 1
mimo-reasonix/internal/cli/theme.go:118.76,120.3 1 0
mimo-reasonix/internal/cli/theme.go:121.2,122.20 2 1
mimo-reasonix/internal/cli/theme.go:125.46,127.2 1 1
mimo-reasonix/internal/cli/theme.go:129.62,131.45 2 1
mimo-reasonix/internal/cli/theme.go:131.45,133.3 1 1
mimo-reasonix/internal/cli/theme.go:134.2,136.36 3 1
mimo-reasonix/internal/cli/theme.go:136.36,138.3 1 1
mimo-reasonix/internal/cli/theme.go:139.2,139.45 1 1
mimo-reasonix/internal/cli/theme.go:142.46,143.50 1 1
mimo-reasonix/internal/cli/theme.go:144.15,145.17 1 1
mimo-reasonix/internal/cli/theme.go:146.14,147.16 1 1
mimo-reasonix/internal/cli/theme.go:148.18,149.55 1 1
mimo-reasonix/internal/cli/theme.go:149.55,150.24 1 0
mimo-reasonix/internal/cli/theme.go:150.24,152.5 1 0
mimo-reasonix/internal/cli/theme.go:153.4,153.17 1 0
mimo-reasonix/internal/cli/theme.go:155.3,155.28 1 1
mimo-reasonix/internal/cli/theme.go:155.28,157.4 1 1
mimo-reasonix/internal/cli/theme.go:158.3,158.16 1 1
mimo-reasonix/internal/cli/theme.go:159.10,160.16 1 0
mimo-reasonix/internal/cli/theme.go:164.51,166.21 2 1
mimo-reasonix/internal/cli/theme.go:166.21,168.3 1 1
mimo-reasonix/internal/cli/theme.go:169.2,170.33 2 1
mimo-reasonix/internal/cli/theme.go:170.33,172.3 1 0
mimo-reasonix/internal/cli/theme.go:173.2,173.37 1 1
mimo-reasonix/internal/cli/theme.go:176.74,181.2 4 1
mimo-reasonix/internal/cli/theme.go:183.61,185.36 2 1
mimo-reasonix/internal/cli/theme.go:185.36,186.22 1 1
mimo-reasonix/internal/cli/theme.go:186.22,188.4 1 1
mimo-reasonix/internal/cli/theme.go:190.2,190.31 1 1
mimo-reasonix/internal/cli/theme.go:193.54,194.21 1 1
mimo-reasonix/internal/cli/theme.go:194.21,195.37 1 1
mimo-reasonix/internal/cli/theme.go:195.37,196.30 1 1
mimo-reasonix/internal/cli/theme.go:196.30,198.5 1 1
mimo-reasonix/internal/cli/theme.go:201.2,201.26 1 1
mimo-reasonix/internal/cli/theme.go:208.38,210.63 2 1
mimo-reasonix/internal/cli/theme.go:210.63,210.94 1 1
mimo-reasonix/internal/cli/theme.go:211.2,211.15 1 1
mimo-reasonix/internal/cli/theme.go:211.15,211.57 1 1
mimo-reasonix/internal/cli/theme.go:212.2,212.6 1 1
mimo-reasonix/internal/cli/theme.go:215.46,218.30 1 1
mimo-reasonix/internal/cli/theme.go:218.30,220.3 1 1
mimo-reasonix/internal/cli/theme.go:221.2,222.23 2 1
mimo-reasonix/internal/cli/theme.go:225.55,227.9 2 1
mimo-reasonix/internal/cli/theme.go:227.9,229.3 1 0
mimo-reasonix/internal/cli/theme.go:230.2,232.29 3 1
mimo-reasonix/internal/cli/theme.go:241.40,244.2 2 1
mimo-reasonix/internal/cli/theme.go:246.55,248.13 2 1
mimo-reasonix/internal/cli/theme.go:248.13,250.3 1 0
mimo-reasonix/internal/cli/theme.go:251.2,252.55 2 1
mimo-reasonix/internal/cli/theme.go:252.55,254.3 1 1
mimo-reasonix/internal/cli/theme.go:254.8,254.62 1 1
mimo-reasonix/internal/cli/theme.go:254.62,256.3 1 1
mimo-reasonix/internal/cli/theme.go:257.2,258.37 2 1
mimo-reasonix/internal/cli/theme.go:258.37,261.3 2 1
mimo-reasonix/internal/cli/theme.go:262.2,262.51 1 1
mimo-reasonix/internal/cli/theme.go:262.51,263.41 1 1
mimo-reasonix/internal/cli/theme.go:263.41,265.4 1 1
mimo-reasonix/internal/cli/theme.go:267.2,267.29 1 0
mimo-reasonix/internal/cli/theme.go:270.57,272.20 2 1
mimo-reasonix/internal/cli/theme.go:272.20,274.3 1 0
mimo-reasonix/internal/cli/theme.go:275.2,278.48 4 1
mimo-reasonix/internal/cli/theme.go:281.51,283.27 2 1
mimo-reasonix/internal/cli/theme.go:283.27,285.3 1 0
mimo-reasonix/internal/cli/theme.go:286.2,287.16 2 1
mimo-reasonix/internal/cli/theme.go:287.16,289.3 1 0
mimo-reasonix/internal/cli/theme.go:290.2,291.14 2 1
mimo-reasonix/internal/cli/theme.go:291.14,293.3 1 0
mimo-reasonix/internal/cli/theme.go:294.2,294.33 1 1
mimo-reasonix/internal/cli/theme.go:297.33,299.21 2 1
mimo-reasonix/internal/cli/theme.go:299.21,301.3 1 0
mimo-reasonix/internal/cli/theme.go:302.2,303.44 2 1
mimo-reasonix/internal/cli/theme.go:306.31,307.40 1 1
mimo-reasonix/internal/cli/theme.go:307.40,309.9 2 0
mimo-reasonix/internal/cli/theme.go:309.9,311.4 1 0
mimo-reasonix/internal/cli/theme.go:313.2,313.46 1 1
mimo-reasonix/internal/cli/theme.go:316.31,317.40 1 1
mimo-reasonix/internal/cli/theme.go:317.40,319.9 2 0
mimo-reasonix/internal/cli/theme.go:319.9,321.4 1 0
mimo-reasonix/internal/cli/theme.go:323.2,323.46 1 1
mimo-reasonix/internal/cli/theme.go:326.54,328.19 2 1
mimo-reasonix/internal/cli/theme.go:328.19,330.3 1 0
mimo-reasonix/internal/cli/theme.go:331.2,334.74 4 1
mimo-reasonix/internal/cli/theme.go:337.31,339.72 2 1
mimo-reasonix/internal/cli/theme.go:339.72,341.3 1 0
mimo-reasonix/internal/cli/theme.go:342.2,342.35 1 1
mimo-reasonix/internal/cli/theme.go:343.40,344.14 1 0
mimo-reasonix/internal/cli/theme.go:345.10,346.15 1 1
mimo-reasonix/internal/cli/theme.go:350.43,352.2 1 1
mimo-reasonix/internal/cli/theme.go:354.44,355.40 1 1
mimo-reasonix/internal/cli/theme.go:355.40,357.3 1 0
mimo-reasonix/internal/cli/theme.go:358.2,358.46 1 1
mimo-reasonix/internal/cli/theme.go:361.44,362.19 1 1
mimo-reasonix/internal/cli/theme.go:362.19,364.3 1 1
mimo-reasonix/internal/cli/theme.go:365.2,365.57 1 1
mimo-reasonix/internal/cli/theme.go:368.64,369.19 1 1
mimo-reasonix/internal/cli/theme.go:369.19,371.3 1 1
mimo-reasonix/internal/cli/theme.go:372.2,372.40 1 1
mimo-reasonix/internal/cli/theme.go:375.70,376.19 1 1
mimo-reasonix/internal/cli/theme.go:376.19,378.3 1 1
mimo-reasonix/internal/cli/theme.go:379.2,379.46 1 1
mimo-reasonix/internal/cli/theme.go:382.13,384.2 1 1
mimo-reasonix/internal/cli/theme.go:386.25,405.2 9 1
mimo-reasonix/internal/cli/theme.go:407.45,410.19 3 1
mimo-reasonix/internal/cli/theme.go:410.19,412.3 1 1
mimo-reasonix/internal/cli/theme.go:414.2,435.18 4 1
mimo-reasonix/internal/cli/theme.go:435.18,437.3 1 1
mimo-reasonix/internal/cli/theme.go:437.8,439.3 1 1
mimo-reasonix/internal/cli/theme.go:440.2,440.24 1 1
mimo-reasonix/internal/cli/theme.go:441.15,442.40 1 1
mimo-reasonix/internal/cli/theme.go:443.13,444.38 1 1
mimo-reasonix/internal/cli/theme.go:445.10,446.44 1 1
mimo-reasonix/internal/cli/theme.go:448.2,448.22 1 1
mimo-reasonix/internal/cli/theme.go:451.52,453.19 2 1
mimo-reasonix/internal/cli/theme.go:453.19,456.3 2 0
mimo-reasonix/internal/cli/theme.go:457.2,459.14 3 1
mimo-reasonix/internal/cli/theme.go:460.31,461.32 1 0
mimo-reasonix/internal/cli/theme.go:462.10,464.10 2 1
mimo-reasonix/internal/cli/theme.go:464.10,467.4 2 0
mimo-reasonix/internal/cli/theme.go:468.3,468.15 1 1
mimo-reasonix/internal/cli/theme.go:470.2,474.22 3 1
mimo-reasonix/internal/cli/theme.go:477.50,479.16 2 1
mimo-reasonix/internal/cli/theme.go:479.16,481.3 1 0
mimo-reasonix/internal/cli/theme.go:482.2,483.19 2 1
mimo-reasonix/internal/cli/theme.go:484.31,486.44 2 0
mimo-reasonix/internal/cli/theme.go:487.10,489.33 2 1
mimo-reasonix/internal/cli/theme.go:491.2,491.42 1 1
mimo-reasonix/internal/cli/theme.go:491.42,493.3 1 0
mimo-reasonix/internal/cli/theme.go:496.41,499.2 2 1
mimo-reasonix/internal/cli/theme.go:501.33,504.36 3 0
mimo-reasonix/internal/cli/theme.go:504.36,506.38 2 0
mimo-reasonix/internal/cli/theme.go:506.38,508.4 1 0
mimo-reasonix/internal/cli/theme.go:509.3,509.90 1 0
mimo-reasonix/internal/cli/theme.go:511.2,511.44 1 0
mimo-reasonix/internal/cli/theme.go:514.69,516.44 2 1
mimo-reasonix/internal/cli/theme.go:516.44,518.3 1 1
mimo-reasonix/internal/cli/theme.go:519.2,521.21 3 1
mimo-reasonix/internal/cli/theme.go:521.21,523.3 1 0
mimo-reasonix/internal/cli/theme.go:524.2,535.27 4 1
mimo-reasonix/internal/cli/theme.go:535.27,536.53 1 1
mimo-reasonix/internal/cli/theme.go:536.53,537.12 1 0
mimo-reasonix/internal/cli/theme.go:539.3,539.99 1 1
mimo-reasonix/internal/cli/theme.go:541.2,541.36 1 1
mimo-reasonix/internal/cli/theme.go:541.36,542.52 1 1
mimo-reasonix/internal/cli/theme.go:542.52,543.12 1 0
mimo-reasonix/internal/cli/theme.go:545.3,546.38 2 1
mimo-reasonix/internal/cli/theme.go:546.38,548.4 1 1
mimo-reasonix/internal/cli/theme.go:549.3,549.75 1 1
mimo-reasonix/internal/cli/theme.go:551.2,551.24 1 1
mimo-reasonix/internal/cli/theme_osc_unix.go:19.52,20.19 1 1
mimo-reasonix/internal/cli/theme_osc_unix.go:20.19,22.3 1 1
mimo-reasonix/internal/cli/theme_osc_unix.go:23.2,25.55 3 1
mimo-reasonix/internal/cli/theme_osc_unix.go:25.55,27.3 1 1
mimo-reasonix/internal/cli/theme_osc_unix.go:29.2,30.16 2 0
mimo-reasonix/internal/cli/theme_osc_unix.go:30.16,32.3 1 0
mimo-reasonix/internal/cli/theme_osc_unix.go:33.2,36.16 3 0
mimo-reasonix/internal/cli/theme_osc_unix.go:36.16,38.3 1 0
mimo-reasonix/internal/cli/theme_osc_unix.go:39.2,39.53 1 0
mimo-reasonix/internal/cli/theme_osc_unix.go:39.53,41.3 1 0
mimo-reasonix/internal/cli/theme_osc_unix.go:42.2,42.15 1 0
mimo-reasonix/internal/cli/theme_osc_unix.go:42.15,42.75 1 0
mimo-reasonix/internal/cli/theme_osc_unix.go:44.2,44.68 1 0
mimo-reasonix/internal/cli/theme_osc_unix.go:44.68,46.3 1 0
mimo-reasonix/internal/cli/theme_osc_unix.go:48.2,51.77 4 0
mimo-reasonix/internal/cli/theme_osc_unix.go:51.77,53.12 2 0
mimo-reasonix/internal/cli/theme_osc_unix.go:53.12,55.59 2 0
mimo-reasonix/internal/cli/theme_osc_unix.go:55.59,57.5 1 0
mimo-reasonix/internal/cli/theme_osc_unix.go:58.4,58.12 1 0
mimo-reasonix/internal/cli/theme_osc_unix.go:60.3,60.47 1 0
mimo-reasonix/internal/cli/theme_osc_unix.go:60.47,61.12 1 0
mimo-reasonix/internal/cli/theme_osc_unix.go:63.3,63.70 1 0
mimo-reasonix/internal/cli/theme_osc_unix.go:63.70,65.12 2 0
mimo-reasonix/internal/cli/theme_osc_unix.go:67.3,67.30 1 0
mimo-reasonix/internal/cli/theme_osc_unix.go:69.2,69.45 1 0
mimo-reasonix/internal/cli/toolcard.go:19.44,20.21 1 1
mimo-reasonix/internal/cli/toolcard.go:20.21,22.3 1 0
mimo-reasonix/internal/cli/toolcard.go:23.2,25.31 3 1
mimo-reasonix/internal/cli/toolcard.go:25.31,27.3 1 1
mimo-reasonix/internal/cli/toolcard.go:28.2,28.12 1 1
mimo-reasonix/internal/cli/toolcard.go:80.34,82.28 2 1
mimo-reasonix/internal/cli/toolcard.go:83.14,84.30 1 1
mimo-reasonix/internal/cli/toolcard.go:85.15,86.29 1 1
mimo-reasonix/internal/cli/toolcard.go:87.14,88.26 1 1
mimo-reasonix/internal/cli/toolcard.go:89.14,90.30 1 1
mimo-reasonix/internal/cli/toolcard.go:91.10,92.28 1 1
mimo-reasonix/internal/cli/toolcard.go:94.2,94.26 1 1
mimo-reasonix/internal/cli/toolcard.go:108.42,109.49 1 1
mimo-reasonix/internal/cli/toolcard.go:109.49,111.3 1 0
mimo-reasonix/internal/cli/toolcard.go:112.2,112.33 1 1
mimo-reasonix/internal/cli/toolcard.go:112.33,114.3 1 1
mimo-reasonix/internal/cli/toolcard.go:115.2,115.13 1 1
mimo-reasonix/internal/cli/toolcard.go:119.40,121.45 2 1
mimo-reasonix/internal/cli/toolcard.go:121.45,123.3 1 0
mimo-reasonix/internal/cli/toolcard.go:124.2,124.20 1 1
mimo-reasonix/internal/cli/toolcard.go:124.20,126.3 1 1
mimo-reasonix/internal/cli/toolcard.go:127.2,128.9 2 1
mimo-reasonix/internal/cli/toolcard.go:128.9,130.3 1 1
mimo-reasonix/internal/cli/toolcard.go:131.2,131.23 1 1
mimo-reasonix/internal/cli/toolcard.go:132.14,133.30 1 1
mimo-reasonix/internal/cli/toolcard.go:134.13,135.20 1 0
mimo-reasonix/internal/cli/toolcard.go:136.15,137.30 1 0
mimo-reasonix/internal/cli/toolcard.go:138.10,139.12 1 0
mimo-reasonix/internal/cli/toolcard.go:143.28,145.9 2 1
mimo-reasonix/internal/cli/toolcard.go:145.9,147.3 1 0
mimo-reasonix/internal/cli/toolcard.go:148.2,149.24 2 1
mimo-reasonix/internal/cli/toolcard.go:149.24,150.30 1 1
mimo-reasonix/internal/cli/toolcard.go:150.30,152.4 1 1
mimo-reasonix/internal/cli/toolcard.go:154.2,154.34 1 1
mimo-reasonix/internal/cli/toolcard.go:158.52,160.2 1 1
mimo-reasonix/internal/cli/toolcard.go:164.51,167.15 3 1
mimo-reasonix/internal/cli/toolcard.go:167.15,170.3 2 1
mimo-reasonix/internal/cli/toolcard.go:171.2,171.13 1 1
mimo-reasonix/internal/cli/transcript.go:17.49,18.16 1 1
mimo-reasonix/internal/cli/transcript.go:18.16,20.3 1 0
mimo-reasonix/internal/cli/transcript.go:21.2,21.51 1 1
mimo-reasonix/internal/cli/transcript.go:28.43,30.2 1 1
mimo-reasonix/internal/cli/transcript.go:36.31,37.63 1 0
mimo-reasonix/internal/cli/transcript.go:37.63,37.89 1 0
mimo-reasonix/internal/cli/transcript.go:42.39,43.9 1 1
mimo-reasonix/internal/cli/transcript.go:44.14,45.12 1 1
mimo-reasonix/internal/cli/transcript.go:46.21,47.11 1 1
mimo-reasonix/internal/cli/transcript.go:48.10,49.11 1 1
mimo-reasonix/internal/cli/transcript.go:65.50,66.96 1 1
mimo-reasonix/internal/cli/transcript.go:66.96,68.3 1 0
mimo-reasonix/internal/cli/transcript.go:69.2,69.25 1 1
mimo-reasonix/internal/cli/transcript.go:72.33,72.62 1 1
mimo-reasonix/internal/cli/transcript.go:84.44,86.12 2 1
mimo-reasonix/internal/cli/transcript.go:86.12,88.3 1 1
mimo-reasonix/internal/cli/transcript.go:89.2,99.25 10 1
mimo-reasonix/internal/cli/transcript.go:99.25,102.30 3 1
mimo-reasonix/internal/cli/transcript.go:102.30,104.4 1 1
mimo-reasonix/internal/cli/transcript.go:105.3,105.37 1 1
mimo-reasonix/internal/cli/transcript.go:105.37,106.54 1 0
mimo-reasonix/internal/cli/transcript.go:106.54,108.5 1 0
mimo-reasonix/internal/cli/transcript.go:110.3,111.61 2 1
mimo-reasonix/internal/cli/transcript.go:113.2,113.97 1 1
mimo-reasonix/internal/cli/transcript.go:119.72,120.40 1 1
mimo-reasonix/internal/cli/transcript.go:120.40,122.3 1 1
mimo-reasonix/internal/cli/transcript.go:123.2,124.23 2 1
mimo-reasonix/internal/cli/transcript.go:124.23,126.3 1 1
mimo-reasonix/internal/cli/transcript.go:127.2,127.21 1 1
mimo-reasonix/internal/cli/transcript.go:127.21,129.3 1 1
mimo-reasonix/internal/cli/transcript.go:130.2,130.13 1 1
mimo-reasonix/internal/cli/transcript.go:130.13,132.3 1 0
mimo-reasonix/internal/cli/transcript.go:133.2,133.14 1 1
mimo-reasonix/internal/cli/transcript.go:133.14,135.3 1 0
mimo-reasonix/internal/cli/transcript.go:136.2,136.21 1 1
mimo-reasonix/internal/cli/transcript.go:141.40,142.36 1 1
mimo-reasonix/internal/cli/transcript.go:142.36,144.3 1 1
mimo-reasonix/internal/cli/transcript.go:145.2,148.68 4 1
mimo-reasonix/internal/cli/transcript.go:148.68,150.24 2 1
mimo-reasonix/internal/cli/transcript.go:150.24,152.4 1 1
mimo-reasonix/internal/cli/transcript.go:153.3,153.22 1 1
mimo-reasonix/internal/cli/transcript.go:153.22,155.4 1 1
mimo-reasonix/internal/cli/transcript.go:156.3,156.86 1 1
mimo-reasonix/internal/cli/transcript.go:158.2,158.32 1 1
mimo-reasonix/internal/cli/transcript.go:163.64,164.21 1 1
mimo-reasonix/internal/cli/transcript.go:164.21,166.3 1 1
mimo-reasonix/internal/cli/transcript.go:167.2,168.14 2 1
mimo-reasonix/internal/cli/transcript.go:168.14,170.3 1 1
mimo-reasonix/internal/cli/transcript.go:171.2,173.25 3 1
mimo-reasonix/internal/cli/transcript.go:173.25,175.3 1 0
mimo-reasonix/internal/cli/transcript.go:176.2,176.20 1 1
mimo-reasonix/internal/cli/transcript.go:179.63,180.21 1 1
mimo-reasonix/internal/cli/transcript.go:180.21,182.3 1 0
mimo-reasonix/internal/cli/transcript.go:183.2,185.17 3 1
mimo-reasonix/internal/cli/transcript.go:185.17,187.3 1 0
mimo-reasonix/internal/cli/transcript.go:188.2,189.13 2 1
mimo-reasonix/internal/cli/transcript.go:189.13,191.3 1 0
mimo-reasonix/internal/cli/transcript.go:192.2,192.18 1 1
mimo-reasonix/internal/cli/transcript.go:192.18,194.3 1 0
mimo-reasonix/internal/cli/transcript.go:195.2,196.42 2 1
mimo-reasonix/internal/cli/transcript.go:199.74,200.21 1 1
mimo-reasonix/internal/cli/transcript.go:200.21,202.3 1 1
mimo-reasonix/internal/cli/transcript.go:203.2,203.53 1 1
mimo-reasonix/internal/cli/transcript.go:203.53,205.3 1 1
mimo-reasonix/internal/cli/transcript.go:206.2,206.39 1 1
mimo-reasonix/internal/cli/transcript.go:209.45,210.24 1 1
mimo-reasonix/internal/cli/transcript.go:210.24,212.3 1 0
mimo-reasonix/internal/cli/transcript.go:213.2,214.87 2 1
mimo-reasonix/internal/cli/transcript.go:217.54,219.53 2 1
mimo-reasonix/internal/cli/transcript.go:219.53,221.3 1 1
mimo-reasonix/internal/cli/transcript.go:222.2,222.22 1 0
mimo-reasonix/internal/cli/transcript.go:225.42,227.2 1 1
mimo-reasonix/internal/cli/transcript.go:231.51,233.11 2 1
mimo-reasonix/internal/cli/transcript.go:233.11,235.3 1 0
mimo-reasonix/internal/cli/transcript.go:236.2,236.13 1 1
mimo-reasonix/internal/cli/transcript.go:236.13,238.3 1 0
mimo-reasonix/internal/cli/transcript.go:239.2,239.11 1 1
mimo-reasonix/internal/cli/transcript.go:239.11,241.3 1 0
mimo-reasonix/internal/cli/transcript.go:242.2,242.38 1 1
mimo-reasonix/internal/cli/transcript.go:242.38,244.3 1 0
mimo-reasonix/internal/cli/transcript.go:245.2,245.55 1 1
mimo-reasonix/internal/cli/upgrade.go:50.56,54.39 4 0
mimo-reasonix/internal/cli/upgrade.go:54.39,56.3 1 0
mimo-reasonix/internal/cli/upgrade.go:59.2,60.9 2 0
mimo-reasonix/internal/cli/upgrade.go:60.9,63.3 2 0
mimo-reasonix/internal/cli/upgrade.go:66.2,71.16 4 0
mimo-reasonix/internal/cli/upgrade.go:71.16,74.3 2 0
mimo-reasonix/internal/cli/upgrade.go:77.2,79.16 3 0
mimo-reasonix/internal/cli/upgrade.go:79.16,82.3 2 0
mimo-reasonix/internal/cli/upgrade.go:85.2,86.37 2 0
mimo-reasonix/internal/cli/upgrade.go:86.37,88.3 1 0
mimo-reasonix/internal/cli/upgrade.go:89.2,89.29 1 0
mimo-reasonix/internal/cli/upgrade.go:89.29,92.3 2 0
mimo-reasonix/internal/cli/upgrade.go:93.2,93.38 1 0
mimo-reasonix/internal/cli/upgrade.go:93.38,94.13 1 0
mimo-reasonix/internal/cli/upgrade.go:94.13,96.4 1 0
mimo-reasonix/internal/cli/upgrade.go:96.9,99.4 2 0
mimo-reasonix/internal/cli/upgrade.go:100.8,102.3 1 0
mimo-reasonix/internal/cli/upgrade.go:104.2,104.16 1 0
mimo-reasonix/internal/cli/upgrade.go:104.16,106.3 1 0
mimo-reasonix/internal/cli/upgrade.go:109.2,111.28 3 0
mimo-reasonix/internal/cli/upgrade.go:111.28,112.50 1 0
mimo-reasonix/internal/cli/upgrade.go:112.50,114.9 2 0
mimo-reasonix/internal/cli/upgrade.go:117.2,117.18 1 0
mimo-reasonix/internal/cli/upgrade.go:117.18,120.3 2 0
mimo-reasonix/internal/cli/upgrade.go:123.2,128.16 4 0
mimo-reasonix/internal/cli/upgrade.go:128.16,131.3 2 0
mimo-reasonix/internal/cli/upgrade.go:134.2,136.16 3 0
mimo-reasonix/internal/cli/upgrade.go:136.16,139.3 2 0
mimo-reasonix/internal/cli/upgrade.go:140.2,140.78 1 0
mimo-reasonix/internal/cli/upgrade.go:140.78,143.3 2 0
mimo-reasonix/internal/cli/upgrade.go:146.2,147.31 2 0
mimo-reasonix/internal/cli/upgrade.go:147.31,149.3 1 0
mimo-reasonix/internal/cli/upgrade.go:150.2,151.16 2 0
mimo-reasonix/internal/cli/upgrade.go:151.16,154.3 2 0
mimo-reasonix/internal/cli/upgrade.go:157.2,158.46 2 0
mimo-reasonix/internal/cli/upgrade.go:158.46,161.3 2 0
mimo-reasonix/internal/cli/upgrade.go:163.2,164.10 2 0
mimo-reasonix/internal/cli/upgrade.go:167.55,169.2 1 1
mimo-reasonix/internal/cli/upgrade.go:172.48,174.27 2 1
mimo-reasonix/internal/cli/upgrade.go:174.27,176.3 1 1
mimo-reasonix/internal/cli/upgrade.go:177.2,177.32 1 1
mimo-reasonix/internal/cli/upgrade.go:177.32,179.3 1 1
mimo-reasonix/internal/cli/upgrade.go:180.2,180.24 1 1
mimo-reasonix/internal/cli/upgrade.go:180.24,182.3 1 1
mimo-reasonix/internal/cli/upgrade.go:183.2,183.34 1 1
mimo-reasonix/internal/cli/upgrade.go:188.32,191.2 2 1
mimo-reasonix/internal/cli/upgrade.go:198.50,199.22 1 1
mimo-reasonix/internal/cli/upgrade.go:199.22,200.32 1 1
mimo-reasonix/internal/cli/upgrade.go:200.32,202.4 1 1
mimo-reasonix/internal/cli/upgrade.go:204.2,204.12 1 1
mimo-reasonix/internal/cli/upgrade.go:209.61,211.16 2 0
mimo-reasonix/internal/cli/upgrade.go:211.16,213.3 1 0
mimo-reasonix/internal/cli/upgrade.go:214.2,218.16 4 0
mimo-reasonix/internal/cli/upgrade.go:218.16,220.3 1 0
mimo-reasonix/internal/cli/upgrade.go:221.2,222.38 2 0
mimo-reasonix/internal/cli/upgrade.go:222.38,224.3 1 0
mimo-reasonix/internal/cli/upgrade.go:226.2,227.65 2 0
mimo-reasonix/internal/cli/upgrade.go:227.65,229.3 1 0
mimo-reasonix/internal/cli/upgrade.go:231.2,231.45 1 0
mimo-reasonix/internal/cli/upgrade.go:231.45,233.3 1 0
mimo-reasonix/internal/cli/upgrade.go:234.2,234.72 1 0
mimo-reasonix/internal/cli/upgrade.go:238.61,240.16 2 0
mimo-reasonix/internal/cli/upgrade.go:240.16,242.3 1 0
mimo-reasonix/internal/cli/upgrade.go:243.2,244.38 2 0
mimo-reasonix/internal/cli/upgrade.go:244.38,246.3 1 0
mimo-reasonix/internal/cli/upgrade.go:247.2,247.30 1 0
mimo-reasonix/internal/cli/upgrade.go:252.78,256.84 3 1
mimo-reasonix/internal/cli/upgrade.go:256.84,258.17 2 1
mimo-reasonix/internal/cli/upgrade.go:258.17,259.12 1 0
mimo-reasonix/internal/cli/upgrade.go:261.3,262.46 2 1
mimo-reasonix/internal/cli/upgrade.go:262.46,263.41 1 1
mimo-reasonix/internal/cli/upgrade.go:263.41,265.5 1 1
mimo-reasonix/internal/cli/upgrade.go:266.4,266.14 1 1
mimo-reasonix/internal/cli/upgrade.go:269.2,269.64 1 1
mimo-reasonix/internal/cli/upgrade.go:273.81,274.44 1 0
mimo-reasonix/internal/cli/upgrade.go:274.44,276.3 1 0
mimo-reasonix/internal/cli/upgrade.go:277.2,277.43 1 0
mimo-reasonix/internal/cli/upgrade.go:281.65,283.16 2 1
mimo-reasonix/internal/cli/upgrade.go:283.16,285.3 1 0
mimo-reasonix/internal/cli/upgrade.go:286.2,288.6 3 1
mimo-reasonix/internal/cli/upgrade.go:288.6,290.20 2 1
mimo-reasonix/internal/cli/upgrade.go:290.20,291.9 1 1
mimo-reasonix/internal/cli/upgrade.go:293.3,293.17 1 1
mimo-reasonix/internal/cli/upgrade.go:293.17,295.4 1 0
mimo-reasonix/internal/cli/upgrade.go:296.3,296.91 1 1
mimo-reasonix/internal/cli/upgrade.go:296.91,298.4 1 1
mimo-reasonix/internal/cli/upgrade.go:300.2,300.57 1 1
mimo-reasonix/internal/cli/upgrade.go:304.63,306.16 2 0
mimo-reasonix/internal/cli/upgrade.go:306.16,308.3 1 0
mimo-reasonix/internal/cli/upgrade.go:309.2,309.27 1 0
mimo-reasonix/internal/cli/upgrade.go:309.27,310.27 1 0
mimo-reasonix/internal/cli/upgrade.go:310.27,311.12 1 0
mimo-reasonix/internal/cli/upgrade.go:313.3,314.19 2 0
mimo-reasonix/internal/cli/upgrade.go:314.19,316.18 2 0
mimo-reasonix/internal/cli/upgrade.go:316.18,318.5 1 0
mimo-reasonix/internal/cli/upgrade.go:319.4,320.25 2 0
mimo-reasonix/internal/cli/upgrade.go:323.2,323.61 1 0
mimo-reasonix/internal/cli/upgrade.go:333.41,335.16 2 0
mimo-reasonix/internal/cli/upgrade.go:335.16,337.3 1 0
mimo-reasonix/internal/cli/upgrade.go:338.2,339.16 2 0
mimo-reasonix/internal/cli/upgrade.go:339.16,341.3 1 0
mimo-reasonix/internal/cli/upgrade.go:343.2,348.61 4 0
mimo-reasonix/internal/cli/upgrade.go:348.61,351.3 2 0
mimo-reasonix/internal/cli/upgrade.go:353.2,353.31 1 0
mimo-reasonix/internal/cli/upgrade.go:353.31,355.3 1 0
mimo-reasonix/internal/cli/upgrade.go:358.2,358.53 1 0
mimo-reasonix/internal/cli/upgrade.go:358.53,361.3 2 0
mimo-reasonix/internal/cli/upgrade.go:362.2,362.12 1 0
mimo-reasonix/internal/cli/upgrade.go:369.61,376.51 3 0
mimo-reasonix/internal/cli/upgrade.go:376.51,379.3 2 0
mimo-reasonix/internal/cli/upgrade.go:382.2,382.51 1 0
mimo-reasonix/internal/cli/upgrade.go:382.51,384.54 1 0
mimo-reasonix/internal/cli/upgrade.go:384.54,386.4 1 0
mimo-reasonix/internal/cli/upgrade.go:387.3,387.50 1 0
mimo-reasonix/internal/cli/upgrade.go:391.2,391.43 1 0
mimo-reasonix/internal/cli/upgrade.go:391.43,394.3 1 0
mimo-reasonix/internal/cli/upgrade.go:395.2,395.12 1 0
mimo-reasonix/internal/cli/upgrade.go:399.48,401.16 2 0
mimo-reasonix/internal/cli/upgrade.go:401.16,403.3 1 0
mimo-reasonix/internal/cli/upgrade.go:404.2,404.15 1 0
mimo-reasonix/internal/cli/upgrade.go:408.32,413.9 2 1
mimo-reasonix/internal/cli/upgrade.go:414.17,415.59 1 1
mimo-reasonix/internal/cli/upgrade.go:416.17,417.59 1 1
mimo-reasonix/internal/cli/upgrade.go:418.10,419.32 1 1
mimo-reasonix/internal/cli/view_helpers.go:10.31,11.16 1 1
mimo-reasonix/internal/cli/view_helpers.go:11.16,13.3 1 0
mimo-reasonix/internal/cli/view_helpers.go:14.2,14.14 1 1
mimo-reasonix/internal/cli/view_helpers.go:17.52,19.2 1 1
mimo-reasonix/internal/cli/view_helpers.go:21.35,23.2 1 1
mimo-reasonix/internal/cli/view_helpers.go:25.32,27.2 1 1
mimo-reasonix/internal/cli/view_helpers.go:29.34,31.2 1 1
mimo-reasonix/internal/cli/view_helpers.go:33.32,35.2 1 1
mimo-reasonix/internal/cli/view_helpers.go:37.42,38.12 1 1
mimo-reasonix/internal/cli/view_helpers.go:38.12,40.3 1 0
mimo-reasonix/internal/cli/view_helpers.go:41.2,41.51 1 1
mimo-reasonix/internal/cli/view_helpers.go:44.53,47.2 2 1
mimo-reasonix/internal/cli/view_helpers.go:49.50,52.2 2 1
mimo-reasonix/internal/cli/view_helpers.go:54.63,56.16 2 1
mimo-reasonix/internal/cli/view_helpers.go:56.16,58.3 1 0
mimo-reasonix/internal/cli/view_helpers.go:59.2,60.45 2 1
mimo-reasonix/internal/cli/view_helpers.go:60.45,62.3 1 1
mimo-reasonix/internal/cli/view_helpers.go:63.2,63.68 1 1
mimo-reasonix/internal/cli/view_helpers.go:66.51,69.29 3 1
mimo-reasonix/internal/cli/view_helpers.go:69.29,71.3 1 1
mimo-reasonix/internal/cli/view_helpers.go:72.2,72.34 1 1
mimo-reasonix/internal/cli/view_helpers.go:75.47,76.40 1 1
mimo-reasonix/internal/cli/view_helpers.go:76.40,78.3 1 1
mimo-reasonix/internal/cli/view_helpers.go:79.2,79.17 1 1
mimo-reasonix/internal/cli/view_helpers.go:82.38,84.2 1 1
